center_row_px,sin_coefficient_px,cos_coefficient_px,amplitude_px,phase_deg,support_fraction,valid_fraction,sectors,max_gap_fraction,rmse_px,quality_score,support_excess,longest_chain_fraction,review_flag,feature_type,evidence_kind,candidate_id,borehole,channel,annotated_input,calibration_status,geographic_orientation_status,depth_m,amplitude_m,borehole_relative_dip_deg,true_dip_deg,true_dip_azimuth_deg
4918.491898499535,-1.1621130876119037,0.025942267518851377,1.1624026108207481,178.7211781492548,0.5108695652173914,1.0,7,0.14673913043478262,1.112727173633954,0.1626722076553733,0.27038043478260876,0.20652173913043478,near_horizontal_check_acquisition_artifact,unclassified_planar_candidate,dark_ridge,1,BH03,acoustic,False,provisional_report_ticks,unknown,14.64461392321262,0.004151437895788385,,,
4929.902600362904,-1.0565415448121185,-0.020192583467785644,1.0567344871542148,181.0949015506875,0.717391304347826,1.0,8,0.09782608695652174,0.608878266847226,0.49243455149781956,0.46603260869565216,0.3532608695652174,near_horizontal_check_acquisition_artifact,unclassified_planar_candidate,dark_ridge,2,BH03,acoustic,False,provisional_report_ticks,unknown,14.68536642986751,0.0037740517398364803,,,
4944.4296608927325,2.5529504008371195,2.7459307556700683,3.749358807058775,47.08573752801089,0.717391304347826,1.0,7,0.10326086956521739,1.1207054883356797,0.44277540903419665,0.5489130434782609,0.5760869565217391,,unclassified_planar_candidate,dark_ridge,3,BH03,acoustic,False,provisional_report_ticks,unknown,14.737248788902612,0.013390567168067049,,,
4969.999166321348,0.677980698759028,-3.568584501086031,3.6324169872525944,280.75718675322156,0.6521739130434783,1.0,7,0.1793478260869565,0.8883494108684015,0.39803457488101807,0.5067934782608696,0.5380434782608695,,unclassified_planar_candidate,dark_ridge,4,BH03,acoustic,False,provisional_report_ticks,unknown,14.828568451147667,0.012972917811616405,,,
4974.532975101489,5.819363495941337,-9.460147912482741,11.10672724180918,301.59754682474164,0.5,1.0,8,0.16304347826086957,1.3144954229348498,0.13060276842667823,0.24184782608695649,0.16304347826086957,,unclassified_planar_candidate,dark_ridge,5,BH03,acoustic,False,provisional_report_ticks,unknown,14.844760625362454,0.039666883006461345,,,
4986.752524897611,2.87560130534963,-0.46898697883641266,2.9135942843241924,350.7370818253558,0.8478260869565217,1.0,8,0.03804347826086957,1.283404866583258,0.5317044986704266,0.6304347826086957,0.41847826086956524,,unclassified_planar_candidate,dark_ridge,6,BH03,acoustic,False,provisional_report_ticks,unknown,14.888401874634319,0.010405693872586398,,,
4991.205456338301,-5.137428586657376,-2.0335404958830305,5.525256503674794,201.59506953311072,0.5,1.0,6,0.28804347826086957,1.210120623252406,0.10469061952191096,0.22010869565217395,0.16847826086956522,,unclassified_planar_candidate,dark_ridge,7,BH03,acoustic,False,provisional_report_ticks,unknown,14.904305201208214,0.019733058941695688,,,
5005.669496092259,0.23081812237062083,0.28762844174236624,0.3687914398597677,,0.6739130434782609,1.0,6,0.2391304347826087,1.0755968129535554,0.2813555665811925,0.39266304347826086,0.4945652173913043,near_horizontal_check_acquisition_artifact,unclassified_planar_candidate,dark_ridge,8,BH03,acoustic,False,provisional_report_ticks,unknown,14.955962486043777,0.0013171122852134558,,,
5016.724979778089,-0.4520501176760844,0.45315607878055353,0.6400779176215415,134.92999730634892,0.8586956521739131,1.0,8,0.043478260869565216,0.7323426684934741,0.643452731488659,0.6426630434782609,0.23369565217391305,near_horizontal_check_acquisition_artifact,unclassified_planar_candidate,dark_ridge,9,BH03,acoustic,False,provisional_report_ticks,unknown,14.995446356350314,0.0022859925629340762,,,
5043.6724124879465,0.629835984659487,-3.365374387825356,3.4238046290352018,280.6003830456533,0.532608695652174,1.0,6,0.16847826086956522,1.078061536042817,0.1377883494412541,0.22282608695652178,0.33152173913043476,,unclassified_planar_candidate,dark_ridge,10,BH03,acoustic,False,provisional_report_ticks,unknown,15.091687187456948,0.012227873675125718,,,
5049.359644588972,-9.891025428944928,-3.6120487653181614,10.52992309179282,200.06140780146904,0.6630434782608695,1.0,7,0.08152173913043478,1.2975682592504771,0.37368018525141794,0.47282608695652173,0.29347826086956524,,unclassified_planar_candidate,dark_ridge,11,BH03,acoustic,False,provisional_report_ticks,unknown,15.111998730674895,0.03760686818497435,,,
5058.407168310753,-3.935701066169807,3.685102608691648,5.391634642558428,136.88340529944693,0.6902173913043478,1.0,7,0.059782608695652176,0.8741687707085362,0.386086919949819,0.3980978260869565,0.34782608695652173,,unclassified_planar_candidate,dark_ridge,12,BH03,acoustic,False,provisional_report_ticks,unknown,15.14431131539554,0.019255838009137237,,,
5077.583448378713,-3.177154728139888,3.29198238656998,4.575091277781092,133.9831024971561,0.8043478260869565,1.0,8,0.04891304347826087,1.0335706983747472,0.542050106902883,0.6834239130434783,0.41847826086956524,,unclassified_planar_candidate,dark_ridge,13,BH03,acoustic,False,provisional_report_ticks,unknown,15.21279802992397,0.01633961170636104,,,
5123.752719885221,1.1716988054910424,-1.2860426793048017,1.7397654622915726,312.3362940132554,0.5706521739130435,1.0,7,0.16847826086956522,1.2233068418576198,0.254719334164319,0.40353260869565216,0.266304347826087,near_horizontal_check_acquisition_artifact,unclassified_planar_candidate,dark_ridge,14,BH03,acoustic,False,provisional_report_ticks,unknown,15.377688285304359,0.006213448079612757,,,
5174.212890271596,-3.9287864991131958,7.4322461625102125,8.406761943564353,117.86153985388044,0.6739130434782609,1.0,6,0.125,1.0464406621767461,0.41602948713894294,0.5788043478260869,0.23369565217391305,,unclassified_planar_candidate,dark_ridge,15,BH03,acoustic,False,provisional_report_ticks,unknown,15.557903179541409,0.03002414979844411,,,
5195.998815690282,-2.747028724468309,6.126916247087653,6.714556538735871,114.14927996579509,0.8260869565217391,1.0,8,0.05434782608695652,1.000374205322285,0.5596779423704695,0.6603260869565217,0.8043478260869565,,unclassified_planar_candidate,dark_ridge,16,BH03,acoustic,False,provisional_report_ticks,unknown,15.635710056036718,0.023980559066913817,,,
5201.9587568652705,0.34627185191787463,-2.104436882749197,2.1327350489232817,279.34393262789257,0.7336956521739131,1.0,8,0.08152173913043478,1.1063610792993184,0.46603942366771317,0.5706521739130435,0.41304347826086957,,unclassified_planar_candidate,dark_ridge,17,BH03,acoustic,False,provisional_report_ticks,unknown,15.656995560233103,0.007616910889011719,,,
5234.708839753987,-4.420817626309648,2.913626041228775,5.294605291541243,146.6123417908851,0.7282608695652174,1.0,8,0.07608695652173914,0.9323807191631709,0.49310810390910775,0.5230978260869565,0.20108695652173914,,unclassified_planar_candidate,dark_ridge,18,BH03,acoustic,False,provisional_report_ticks,unknown,15.77396014197852,0.018909304612647292,,,
5239.035006552695,1.331070090355279,-3.187939233076803,3.454664113807408,292.66215034883203,0.5652173913043478,1.0,8,0.08152173913043478,1.5243080658977086,0.21812402781154663,0.3491847826086956,0.16847826086956522,,unclassified_planar_candidate,dark_ridge,19,BH03,acoustic,False,provisional_report_ticks,unknown,15.789410737688193,0.01233808612074074,,,
5267.400474125242,-7.609847895678315,6.061249120178681,9.728747395848373,141.46265397829936,0.8478260869565217,1.0,8,0.03804347826086957,0.5662722983117158,0.6752831408301333,0.6711956521739131,0.5978260869565217,,unclassified_planar_candidate,dark_ridge,20,BH03,acoustic,False,provisional_report_ticks,unknown,15.890715979018715,0.03474552641374418,,,
5294.192052328378,-9.410801102363195,5.519917800063698,10.910209434639667,149.60618924212673,0.6467391304347826,1.0,7,0.16847826086956522,1.0814256842440286,0.37501647194289733,0.5163043478260869,0.32065217391304346,,unclassified_planar_candidate,dark_ridge,21,BH03,acoustic,False,provisional_report_ticks,unknown,15.98640018688706,0.038965033695141656,,,
5317.334349160672,-11.136613834310944,12.571253248213655,16.794659148827293,131.5370705885382,0.7010869565217391,1.0,7,0.14673913043478262,1.2641547388245578,0.33491176473183987,0.4266304347826087,0.30434782608695654,,unclassified_planar_candidate,dark_ridge,22,BH03,acoustic,False,provisional_report_ticks,unknown,16.069051247002395,0.05998092553152603,,,
5323.715028439507,-0.5011192007017249,0.16955020888504152,0.5290252608759782,161.3071074920123,0.8043478260869565,1.0,8,0.021739130434782608,0.834464351532743,0.5957958677213279,0.5570652173913044,0.2608695652173913,near_horizontal_check_acquisition_artifact,unclassified_planar_candidate,dark_ridge,23,BH03,acoustic,False,provisional_report_ticks,unknown,16.091839387283947,0.0018893759316999216,,,
5335.174428868744,0.4935918206279079,-0.23035372604214704,0.5446978286098388,334.9820697844954,0.875,1.0,8,0.021739130434782608,0.4367177036223456,0.6193615915962297,0.41847826086956524,0.391304347826087,near_horizontal_check_acquisition_artifact,unclassified_planar_candidate,dark_ridge,24,BH03,acoustic,False,provisional_report_ticks,unknown,16.132765817388368,0.001945349387892281,,,
5344.187128577147,-0.1079804600616374,-0.12675041723587405,0.1665096034004977,,0.9402173913043478,1.0,8,0.016304347826086956,0.5474441445640296,0.6784776820288626,0.4402173913043478,0.6141304347826086,near_horizontal_check_acquisition_artifact,unclassified_planar_candidate,dark_ridge,25,BH03,acoustic,False,provisional_report_ticks,unknown,16.16495403063266,0.0005946771550017773,,,
5357.438862862274,-0.27895234330624474,2.06690170437156,2.0856406846266937,97.68628649767484,0.8260869565217391,1.0,8,0.03260869565217391,0.714952306574472,0.5526913920918471,0.43885869565217395,0.6739130434782609,,unclassified_planar_candidate,dark_ridge,26,BH03,acoustic,False,provisional_report_ticks,unknown,16.212281653079543,0.007448716730809619,,,
5363.0038874881275,3.3762920180900853,-7.420200241904771,8.152221747559524,294.46618063736963,0.6141304347826086,1.0,8,0.059782608695652176,1.213652670130145,0.2146350894756779,0.2785326086956521,0.22826086956521738,,unclassified_planar_candidate,dark_ridge,27,BH03,acoustic,False,provisional_report_ticks,unknown,16.232156741029023,0.029115077669855438,,,
5382.895668797455,-0.42446453800596984,1.6392186155800799,1.6932831463428952,104.51748624120741,0.7119565217391305,1.0,7,0.08152173913043478,1.0558584716393793,0.4024197046416855,0.43750000000000006,0.33695652173913043,near_horizontal_check_acquisition_artifact,unclassified_planar_candidate,dark_ridge,28,BH03,acoustic,False,provisional_report_ticks,unknown,16.303198817133765,0.006047439808367481,,,
5387.498078074426,-11.513382950804521,-12.858783759663254,17.25996253616026,228.1596546469342,0.5054347826086957,1.0,7,0.09782608695652174,1.158057984784251,0.16171962903072806,0.26086956521739135,0.19021739130434784,,unclassified_planar_candidate,dark_ridge,29,BH03,acoustic,False,provisional_report_ticks,unknown,16.319635993122947,0.06164272334342948,,,
5395.7449681250855,-0.8742050545715065,-0.17868766019116547,0.8922800890656275,191.55214056409133,0.7336956521739131,1.0,8,0.07608695652173914,0.6615189262736266,0.5171334095695738,0.4755434782608696,0.29347826086956524,near_horizontal_check_acquisition_artifact,unclassified_planar_candidate,dark_ridge,30,BH03,acoustic,False,provisional_report_ticks,unknown,16.3490891718753,0.0031867146038058116,,,
5416.155279848046,-0.5651301946853006,1.4175190879144683,1.5260185128454085,111.73596092454247,0.6521739130434783,1.0,7,0.11413043478260869,1.098234756091706,0.28087903664361746,0.3505434782608696,0.32065217391304346,near_horizontal_check_acquisition_artifact,unclassified_planar_candidate,dark_ridge,31,BH03,acoustic,False,provisional_report_ticks,unknown,16.421983142314446,0.0054500661173050285,,,
5429.514751032776,-1.7068459865390682,3.386291288535454,3.7921355345735774,116.75019786518284,0.6032608695652174,1.0,8,0.09239130434782608,1.1383244473448635,0.26774563028227877,0.35733695652173914,0.15760869565217392,,unclassified_planar_candidate,dark_ridge,32,BH03,acoustic,False,provisional_report_ticks,unknown,16.469695539402768,0.01354334119490563,,,
5459.012518580971,-1.0949406723084412,-5.991885278477152,6.091106982011274,259.64418782352766,0.5054347826086957,1.0,7,0.07608695652173914,1.0021277381596403,0.1980760879002117,0.2961956521739131,0.17391304347826086,,unclassified_planar_candidate,dark_ridge,33,BH03,acoustic,False,provisional_report_ticks,unknown,16.57504470921775,0.021753953507183114,,,
5475.406530524772,6.9018422912977035,-7.804479009393916,10.418508512355105,311.4877363458689,0.5,1.0,6,0.1793478260869565,1.1679517206525183,0.1616652782783528,0.2907608695652174,0.29347826086956524,,unclassified_planar_candidate,dark_ridge,34,BH03,acoustic,False,provisional_report_ticks,unknown,16.63359475187418,0.03720895897269679,,,
5529.174979359991,-1.597232518350012,2.5485995891986937,3.007741941014633,122.07577823294315,0.6358695652173914,1.0,8,0.07065217391304347,1.0198191964768233,0.382921158902863,0.4551630434782609,0.19021739130434784,,unclassified_planar_candidate,dark_ridge,35,BH03,acoustic,False,provisional_report_ticks,unknown,16.825624926285677,0.010741935503623687,,,
5562.039877885675,0.2579217419301728,2.7103357186604797,2.7225802711411675,84.56397252457685,0.842391304347826,1.0,8,0.021739130434782608,0.7869034135986815,0.6339465175532285,0.6983695652173912,0.358695652173913,,unclassified_planar_candidate,dark_ridge,36,BH03,acoustic,False,provisional_report_ticks,unknown,16.942999563877407,0.009723500968361309,,,
5583.080055158096,-7.956024223732892,-3.6704014926959347,8.761858739229314,204.7655832873395,0.6141304347826086,1.0,7,0.10326086956521739,0.9295612769255065,0.3073754493413533,0.3804347826086956,0.2391304347826087,,unclassified_planar_candidate,dark_ridge,37,BH03,acoustic,False,provisional_report_ticks,unknown,17.01814305413605,0.03129235264010469,,,
5604.7225680108295,9.762349989873806,-23.739901916950895,25.668782993185282,292.3535018387352,0.5217391304347826,1.0,6,0.20652173913043478,1.2065097310559754,0.20241035719603767,0.3654891304347826,0.15217391304347827,,unclassified_planar_candidate,dark_ridge,38,BH03,acoustic,False,provisional_report_ticks,unknown,17.095437742895815,0.09167422497566169,,,
5629.982785563734,-5.572921324823968,-8.85799899770226,10.46525672575556,237.8243608070029,0.6086956521739131,1.0,6,0.11413043478260869,1.0623609246936236,0.34654494437634825,0.45788043478260876,0.28804347826086957,,unclassified_planar_candidate,dark_ridge,39,BH03,acoustic,False,provisional_report_ticks,unknown,17.18565280558476,0.03737591687769842,,,
5637.038600875081,-0.129406977234535,-0.33674502355049407,0.3607539003850163,,0.6141304347826086,1.0,7,0.20108695652173914,1.106031639185175,0.31168401853280014,0.4592391304347826,0.29347826086956524,near_horizontal_check_acquisition_artifact,unclassified_planar_candidate,dark_ridge,40,BH03,acoustic,False,provisional_report_ticks,unknown,17.21085214598243,0.0012884067870893435,,,
5661.067398833087,0.832386997394652,-2.2355051013970475,2.385445696678905,290.42273991621414,0.592391304347826,1.0,7,0.11413043478260869,1.2350590705694122,0.20313089615804636,0.29211956521739124,0.30434782608695654,,unclassified_planar_candidate,dark_ridge,41,BH03,acoustic,False,provisional_report_ticks,unknown,17.296669281546734,0.008519448916710373,,,
5664.284517982269,1.100143000098645,6.143111254355868,6.240843733347261,79.84677928696387,0.7391304347826086,1.0,8,0.043478260869565216,1.0592073226143637,0.4467454521835786,0.4497282608695652,0.23369565217391305,,unclassified_planar_candidate,dark_ridge,42,BH03,acoustic,False,provisional_report_ticks,unknown,17.308158992793814,0.022288727619097354,,,
5676.187368230383,-0.019093432401149704,7.573232839031006,7.573256907918712,90.14445228324367,0.7228260869565217,1.0,8,0.09782608695652174,1.0026911623011032,0.40975510565552914,0.4388586956521739,0.2608695652173913,,unclassified_planar_candidate,dark_ridge,43,BH03,acoustic,False,provisional_report_ticks,unknown,17.35066917225136,0.02704734609970968,,,
5703.1152137307035,3.5313786499592044,1.1110852869948964,3.7020461483298965,17.465252005585604,0.8260869565217391,1.0,8,0.02717391304347826,1.0182097697267036,0.5723477915981638,0.7038043478260869,0.4891304347826087,,unclassified_planar_candidate,dark_ridge,44,BH03,acoustic,False,provisional_report_ticks,unknown,17.446840049038222,0.013221593386892484,,,
5732.677027311547,-8.264560109178806,5.1420679388081325,9.733643535981175,148.11083259176158,0.5760869565217391,1.0,6,0.09782608695652174,1.2867829596412106,0.31545956181271134,0.4660326086956522,0.16847826086956522,,unclassified_planar_candidate,dark_ridge,45,BH03,acoustic,False,provisional_report_ticks,unknown,17.552417954684092,0.03476301262850419,,,
5755.572446819076,-12.996612081558519,-18.82363493377809,22.87446518978452,235.37720459854268,0.6141304347826086,1.0,6,0.22826086956521738,1.07920025749891,0.33075079972681565,0.5570652173913043,0.44021739130434784,,unclassified_planar_candidate,dark_ridge,46,BH03,acoustic,False,provisional_report_ticks,unknown,17.63418731006812,0.0816945185349447,,,
5755.816940957161,-1.5154835880032211,3.642688107218976,3.945360205606287,112.58899107716215,0.7445652173913043,1.0,8,0.08152173913043478,0.9091461745364675,0.5050789126141331,0.6100543478260869,0.31521739130434784,,unclassified_planar_candidate,dark_ridge,47,BH03,acoustic,False,provisional_report_ticks,unknown,17.635060503418426,0.014090572162879593,,,
5774.5148668321535,-7.117298761644155,0.4351956682851196,7.130591625678444,176.50093814411142,0.6032608695652174,1.0,6,0.13043478260869565,1.0834263150187324,0.34768465028951473,0.47554347826086957,0.30434782608695654,,unclassified_planar_candidate,dark_ridge,48,BH03,acoustic,False,provisional_report_ticks,unknown,17.70183881011483,0.025466398663137293,,,
5804.742423050618,-0.5092371757568325,2.5165987485248325,2.5676042845909,101.43941497524035,0.5271739130434783,1.0,7,0.1956521739130435,1.0348592240262589,0.23013775723451668,0.38315217391304346,0.33152173913043476,,unclassified_planar_candidate,dark_ridge,49,BH03,acoustic,False,provisional_report_ticks,unknown,17.809794368037917,0.009170015302110354,,,
5815.789706688171,12.74500810408916,9.70463661267781,16.01921356863142,37.287317032838835,0.592391304347826,1.0,7,0.09782608695652174,1.1618167390337524,0.3204381993947503,0.44157608695652173,0.1793478260869565,,unclassified_planar_candidate,dark_ridge,50,BH03,acoustic,False,provisional_report_ticks,unknown,17.849248952457746,0.05721147703082649,,,
5832.280773827679,0.8110338980575926,-5.0182271626530826,5.083343372209643,279.1806230272308,0.5869565217391305,1.0,8,0.08695652173913043,1.150652871060286,0.2758800552395035,0.3777173913043479,0.23369565217391305,,unclassified_planar_candidate,dark_ridge,51,BH03,acoustic,False,provisional_report_ticks,unknown,17.908145620813134,0.018154797757891576,,,
5840.755166727696,-6.01214510079412,20.832442868418624,21.682632787070133,106.09789134091855,0.5217391304347826,1.0,8,0.09782608695652174,1.2096662364075519,0.20511148282047167,0.32608695652173914,0.1793478260869565,,unclassified_planar_candidate,dark_ridge,52,BH03,acoustic,False,provisional_report_ticks,unknown,17.938411309741767,0.07743797423953618,,,
5873.188834467519,-5.715839057682026,23.640103418985973,24.321293259069833,103.59243504525921,0.592391304347826,1.0,8,0.05434782608695652,1.2357433162725793,0.3206470389605648,0.4320652173913043,0.15760869565217392,,unclassified_planar_candidate,dark_ridge,53,BH03,acoustic,False,provisional_report_ticks,unknown,18.05424583738399,0.08686176163953509,,,
5895.23661733539,-5.313633380440098,12.97050822687382,14.016732264159456,112.27746060450445,0.5869565217391305,1.0,6,0.19021739130434784,1.0108594138849563,0.28678079197148054,0.42255434782608703,0.33152173913043476,,unclassified_planar_candidate,dark_ridge,54,BH03,acoustic,False,provisional_report_ticks,unknown,18.132987919054962,0.05005975808628376,,,
5925.3660882824615,-2.22031830923528,13.098092380152016,13.284947775332869,99.62101473164297,0.6902173913043478,1.0,8,0.043478260869565216,1.1506733213852434,0.44988728403455897,0.5258152173913043,0.22826086956521738,,unclassified_planar_candidate,dark_ridge,55,BH03,acoustic,False,provisional_report_ticks,unknown,18.240593172437357,0.04744624205476023,,,
5949.733232828267,-7.495598787571146,16.54246454374655,18.161418842297255,114.37587821708735,0.5978260869565217,1.0,6,0.1358695652173913,0.8779961974745988,0.3216190408054806,0.4171195652173913,0.2717391304347826,,unclassified_planar_candidate,dark_ridge,56,BH03,acoustic,False,provisional_report_ticks,unknown,18.327618688672377,0.06486221015106161,,,
5958.813173958918,4.2357139067262315,10.265820289665363,11.10532928459751,67.57878240644092,0.6413043478260869,1.0,7,0.14130434782608695,1.1040178754083207,0.3428156708677757,0.4497282608695652,0.29891304347826086,,unclassified_planar_candidate,dark_ridge,57,BH03,acoustic,False,provisional_report_ticks,unknown,18.360047049853275,0.03966189030213395,,,
5974.256020084182,-3.2401829725714495,13.943176104454796,14.314710810057646,103.08247370513065,0.6141304347826086,1.0,7,0.11956521739130435,1.0014941025989146,0.20729799361587173,0.2676630434782608,0.21739130434782608,,unclassified_planar_candidate,dark_ridge,58,BH03,acoustic,False,provisional_report_ticks,unknown,18.415200071729217,0.05112396717877729,,,
5978.355920736633,-3.625589605003142,5.596888322204121,6.668587472256152,122.93462804956448,0.6032608695652174,1.0,7,0.09239130434782608,1.2901301688373872,0.25356645877703,0.35597826086956524,0.22282608695652173,,unclassified_planar_candidate,dark_ridge,59,BH03,acoustic,False,provisional_report_ticks,unknown,18.4298425740594,0.02381638382948625,,,
5988.637926068797,-3.5869751785788178,16.208448231791106,16.600607971227824,102.47859862366892,0.6141304347826086,1.0,8,0.11956521739130435,1.0809475822013048,0.23774685911667165,0.3152173913043478,0.27717391304347827,,unclassified_planar_candidate,dark_ridge,60,BH03,acoustic,False,provisional_report_ticks,unknown,18.46656402167427,0.059287885611527924,,,
6003.633298784416,1.4376637888811774,9.469471729276473,9.5779837127355,81.36722722446372,0.5380434782608695,1.0,8,0.10869565217391304,1.081168769454311,0.19721507160718404,0.294836956521739,0.15760869565217392,,unclassified_planar_candidate,dark_ridge,61,BH03,acoustic,False,provisional_report_ticks,unknown,18.52011892423005,0.03420708468834106,,,
6029.71231922843,-2.60881787830271,8.710956453122563,9.093222368904737,106.6722725822576,0.5108695652173914,1.0,7,0.10869565217391304,1.0721772314045126,0.22849600540553117,0.3586956521739131,0.1793478260869565,,unclassified_planar_candidate,dark_ridge,62,BH03,acoustic,False,provisional_report_ticks,unknown,18.61325828295867,0.03247579417465977,,,
6057.827901551074,-5.805945771228416,11.290819634324857,12.69612595689334,117.21305560808428,0.6195652173913043,1.0,6,0.19021739130434784,0.8918418607953025,0.31800208697666466,0.42663043478260865,0.266304347826087,,unclassified_planar_candidate,dark_ridge,63,BH03,acoustic,False,provisional_report_ticks,unknown,18.71367107696812,0.04534330698890477,,,
6087.466118388895,-8.72353044309603,7.442347201966644,11.466844172057277,139.53135201849375,0.5652173913043478,1.0,6,0.20108695652173914,1.0490786927408093,0.18510207486739932,0.29076086956521735,0.18478260869565216,,unclassified_planar_candidate,dark_ridge,64,BH03,acoustic,False,provisional_report_ticks,unknown,18.819521851388906,0.040953014900204546,,,
6097.355052029875,-0.8389807676641919,1.622273297576753,1.8263787615226337,117.34636177763367,0.7608695652173914,1.0,7,0.125,0.8114614152928606,0.5079806787644774,0.5625,0.5,near_horizontal_check_acquisition_artifact,unclassified_planar_candidate,dark_ridge,65,BH03,acoustic,False,provisional_report_ticks,unknown,18.85483947153526,0.006522781291152261,,,
6100.3627865248645,-7.20546471111518,10.693455259730543,12.894522367850039,123.97288037732923,0.625,1.0,7,0.18478260869565216,1.2926053251478185,0.25736404939274493,0.38858695652173914,0.18478260869565216,,unclassified_planar_candidate,dark_ridge,66,BH03,acoustic,False,provisional_report_ticks,unknown,18.86558138044594,0.04605186559946441,,,
6122.97608391827,-2.222471365786149,5.125658252234261,5.586747845610765,113.44142274689902,0.6195652173913043,1.0,7,0.10869565217391304,0.8027764692585264,0.36974925656214047,0.4375,0.3967391304347826,,unclassified_planar_candidate,dark_ridge,67,BH03,acoustic,False,provisional_report_ticks,unknown,18.946343156850958,0.0199526708771813,,,
6167.172289652821,-14.827977043113094,1.1366788639073793,14.871480828442833,175.61640953485573,0.5434782608695652,1.0,6,0.16304347826086957,1.2913903521882746,0.259592342343946,0.4388586956521739,0.2391304347826087,,unclassified_planar_candidate,dark_ridge,68,BH03,acoustic,False,provisional_report_ticks,unknown,19.104186748760068,0.05311243153015296,,,
6348.387328087963,-12.564114415389149,18.973769572267877,22.75655735880337,123.51186297767751,0.5978260869565217,1.0,7,0.059782608695652176,1.0424868974917003,0.3895355420983217,0.4904891304347826,0.15760869565217392,,unclassified_planar_candidate,dark_ridge,69,BH03,acoustic,False,provisional_report_ticks,unknown,19.751383314599863,0.08127341913858344,,,
6431.3779615237545,-2.8193608495933837,-11.205787563745213,11.555019278391828,255.87758194322942,0.5,1.0,6,0.10869565217391304,1.1589191612522685,0.1925720864591663,0.3179347826086957,0.20108695652173914,,unclassified_planar_candidate,dark_ridge,70,BH03,acoustic,False,provisional_report_ticks,unknown,20.047778434013402,0.04126792599425652,,,
6480.9310578129625,-10.92341655271039,17.45586604733538,20.59194717957832,122.03723712021635,0.6521739130434783,1.0,8,0.04891304347826087,1.0941939112734838,0.4307079183423323,0.5801630434782609,0.23369565217391305,,unclassified_planar_candidate,dark_ridge,71,BH03,acoustic,False,provisional_report_ticks,unknown,20.22475377790343,0.07354266849849397,,,
6491.8385891192265,-3.2031657663859994,4.934476596799912,5.882969506236901,122.98921163017174,0.5217391304347826,1.0,7,0.09782608695652174,1.2244309457319213,0.1930488323625105,0.3084239130434782,0.15760869565217392,,unclassified_planar_candidate,dark_ridge,72,BH03,acoustic,False,provisional_report_ticks,unknown,20.263709246854376,0.0210106053794175,,,
6521.082038592664,-5.500876846140999,-2.7474418168705443,6.14882774303355,206.54007620641417,0.7717391304347826,1.0,8,0.03804347826086957,0.714751387078574,0.5659229194788296,0.483695652173913,0.3695652173913043,,unclassified_planar_candidate,dark_ridge,73,BH03,acoustic,False,provisional_report_ticks,unknown,20.368150137830934,0.021960099082262673,,,
6541.568358727658,0.3363664220015126,-3.7924549096294244,3.8073424604863724,275.06850530449697,0.8695652173913043,1.0,8,0.016304347826086956,0.8444372158759316,0.6455324875534375,0.6127717391304347,0.9021739130434783,,unclassified_planar_candidate,dark_ridge,74,BH03,acoustic,False,provisional_report_ticks,unknown,20.441315566884487,0.013597651644594184,,,
6549.010561197849,15.511347449309449,3.787466481266044,15.967053643046125,13.721641326430854,0.5815217391304348,1.0,8,0.07608695652173914,1.3755725906046057,0.21875755053519,0.3220108695652174,0.17391304347826086,,unclassified_planar_candidate,dark_ridge,75,BH03,acoustic,False,provisional_report_ticks,unknown,20.467894861420884,0.05702519158230757,,,
6585.100003451875,-5.9694884071269225,-6.602452856952068,8.900964867422926,227.88225931697588,0.7228260869565217,1.0,8,0.043478260869565216,0.9514147258308843,0.502129249143656,0.49864130434782605,0.2608695652173913,,unclassified_planar_candidate,dark_ridge,76,BH03,acoustic,False,provisional_report_ticks,unknown,20.59678572661383,0.03178916024079616,,,
6600.3836285990365,4.748535662522703,8.282780355828226,9.547410191310725,60.17426067289508,0.5815217391304348,1.0,7,0.10326086956521739,1.1932167212536218,0.29131971144064683,0.4157608695652174,0.21739130434782608,,unclassified_planar_candidate,dark_ridge,77,BH03,acoustic,False,provisional_report_ticks,unknown,20.65137010213941,0.034097893540395434,,,
6643.313086322696,-4.094665846880034,-1.0458517417418525,4.22612047430149,194.32804198590753,0.5054347826086957,1.0,6,0.16304347826086957,1.240871233850676,0.18775116828344726,0.33559782608695654,0.22826086956521738,,unclassified_planar_candidate,dark_ridge,78,BH03,acoustic,False,provisional_report_ticks,unknown,20.804689594009623,0.015093287408219604,,,
7264.801380060988,-1.8856474678459925,7.819462347051138,8.043609747491763,103.55790863389973,0.5108695652173914,1.0,7,0.10326086956521739,1.4307966474200942,0.1939425158475992,0.3410326086956522,0.20108695652173914,,unclassified_planar_candidate,dark_ridge,79,BH03,acoustic,False,provisional_report_ticks,unknown,23.02429064307495,0.02872717766961343,,,
7270.280441942555,-10.64121535570147,-11.816265069044682,15.901559182304807,227.99517350986528,0.6630434782608695,1.0,8,0.08152173913043478,0.5837838806968519,0.4822308163321588,0.4809782608695652,0.23369565217391305,,unclassified_planar_candidate,dark_ridge,80,BH03,acoustic,False,provisional_report_ticks,unknown,23.043858721223405,0.05679128279394572,,,
7413.628188872741,-6.622870061267555,-7.900140332806863,10.308958488929706,230.02611924935792,0.5108695652173914,1.0,6,0.09782608695652174,0.9380982804071153,0.22353146669218285,0.3315217391304348,0.1956521739130435,,unclassified_planar_candidate,dark_ridge,81,BH03,acoustic,False,provisional_report_ticks,unknown,23.55581496025978,0.036817708889034656,,,
7439.243565120095,-10.387275182807768,-2.7734939798769718,10.751174567450198,194.94971748918056,0.6413043478260869,1.0,6,0.15760869565217392,0.8632147794158666,0.3467988559413222,0.4279891304347826,0.2554347826086957,,unclassified_planar_candidate,dark_ridge,82,BH03,acoustic,False,provisional_report_ticks,unknown,23.647298446857477,0.03839705202660784,,,
7462.929594017536,-8.624603155992226,-5.401642981706454,10.176518387944359,212.05917159994985,0.6902173913043478,1.0,8,0.08152173913043478,0.9131320010010046,0.3062207437858892,0.32744565217391297,0.33152173913043476,,unclassified_planar_candidate,dark_ridge,83,BH03,acoustic,False,provisional_report_ticks,unknown,23.73189140720548,0.0363447085283727,,,
7474.455659514797,1.1046358829026193,-6.862336983306854,6.95067545683562,279.14450310745747,0.657608695652174,1.0,8,0.05434782608695652,1.1212157234504105,0.31630601984960427,0.3695652173913044,0.21739130434782608,,unclassified_planar_candidate,dark_ridge,84,BH03,acoustic,False,provisional_report_ticks,unknown,23.773055926838556,0.024823840917270065,,,
7479.9384759093655,-13.789265608591199,-8.214493537784692,16.05059968059083,210.78295632329684,0.6793478260869565,1.0,8,0.03804347826086957,1.1079848807426078,0.27740291085171304,0.3070652173913044,0.30434782608695654,,unclassified_planar_candidate,dark_ridge,85,BH03,acoustic,False,provisional_report_ticks,unknown,23.792637413962012,0.05732357028782439,,,
7480.742702122313,-4.956955702242741,-13.243730269150944,14.140997181105078,249.47977992979634,0.7554347826086957,1.0,8,0.059782608695652176,1.0043306897177975,0.4322450389343624,0.4252717391304348,0.31521739130434784,,unclassified_planar_candidate,dark_ridge,86,BH03,acoustic,False,provisional_report_ticks,unknown,23.795509650436824,0.05050356136108955,,,
7529.317165264703,-4.063259019322859,-8.794346968680063,9.687652577567013,245.20160941726857,0.7880434782608695,1.0,8,0.043478260869565216,0.9273562305970168,0.5533455981070581,0.5285326086956521,0.3967391304347826,,unclassified_planar_candidate,dark_ridge,87,BH03,acoustic,False,provisional_report_ticks,unknown,23.96898987594536,0.03459875920559646,,,
7532.766770843166,-1.2722335016482147,10.960566442940808,11.034155827830066,96.62090449817869,0.6032608695652174,1.0,8,0.08695652173913043,1.2439052791842427,0.30057208677949854,0.4130434782608696,0.16847826086956522,,unclassified_planar_candidate,dark_ridge,88,BH03,acoustic,False,provisional_report_ticks,unknown,23.981309895868446,0.03940769938510737,,,
7542.248422180711,5.555077089899183,-19.66970516234256,20.43908468225053,285.77063025315147,0.6739130434782609,1.0,8,0.059782608695652176,1.1367064018959052,0.3548098870109471,0.40896739130434784,0.19021739130434784,,unclassified_planar_candidate,dark_ridge,89,BH03,acoustic,False,provisional_report_ticks,unknown,24.015172936359676,0.0729967310080376,,,
7549.781997206808,-3.764585928726494,-18.660151982555128,19.036107249824518,258.59398313916836,0.625,1.0,8,0.09782608695652174,1.0490854929691962,0.27757791342773735,0.3491847826086957,0.2391304347826087,,unclassified_planar_candidate,dark_ridge,90,BH03,acoustic,False,provisional_report_ticks,unknown,24.04207856145288,0.06798609732080182,,,
7616.633083859878,2.658841805335699,6.84999626364373,7.347917293882251,68.78616289093338,0.625,1.0,6,0.09782608695652174,1.1167910726607897,0.3273498081795653,0.421195652173913,0.2391304347826087,,unclassified_planar_candidate,dark_ridge,91,BH03,acoustic,False,provisional_report_ticks,unknown,24.2808324423567,0.026242561763865174,,,
7617.113231522905,-15.555314558532107,3.8430920523697156,16.023019925652846,166.1224204232448,0.5978260869565217,1.0,8,0.1358695652173913,1.1421485672913358,0.26189430326084,0.37092391304347827,0.22282608695652173,,unclassified_planar_candidate,dark_ridge,92,BH03,acoustic,False,provisional_report_ticks,unknown,24.28254725543894,0.057225071163045864,,,
7636.066375471888,-10.410521919355348,-10.47293437635098,14.766899508181542,225.1712340944777,0.7663043478260869,1.0,8,0.11413043478260869,1.2194917025055039,0.43366907339349015,0.4796195652173913,0.3641304347826087,,unclassified_planar_candidate,dark_ridge,93,BH03,acoustic,False,provisional_report_ticks,unknown,24.350237055256738,0.05273892681493406,,,
7665.4416599713795,-4.860713623207603,6.82013695763073,8.37501074910812,125.47748330889115,0.5869565217391305,1.0,7,0.07065217391304347,1.1964349937172862,0.2576525588830032,0.35190217391304357,0.16304347826086957,,unclassified_planar_candidate,dark_ridge,94,BH03,acoustic,False,provisional_report_ticks,unknown,24.455148785612064,0.02991075267538613,,,
7675.783745273718,-11.735866585058655,-7.715257978001191,14.044777327156432,213.32125778027017,0.6902173913043478,1.0,7,0.09782608695652174,1.0665715728650709,0.4340176390253449,0.4972826086956521,0.22826086956521738,,unclassified_planar_candidate,dark_ridge,95,BH03,acoustic,False,provisional_report_ticks,unknown,24.492084804548984,0.05015991902555867,,,
7683.323305279935,-2.8765304098329536,-9.226711376912657,9.664710550841304,252.68454870589053,0.6467391304347826,1.0,8,0.08152173913043478,0.9896599103315443,0.399246114170935,0.46739130434782605,0.27717391304347827,,unclassified_planar_candidate,dark_ridge,96,BH03,acoustic,False,provisional_report_ticks,unknown,24.51901180457119,0.03451682339586179,,,
7713.871864708331,5.165093088846716,-9.52572982432407,10.835945519541394,298.46767584450515,0.5815217391304348,1.0,7,0.14130434782608695,1.058504900008503,0.25553942599705937,0.3641304347826087,0.19021739130434784,,unclassified_planar_candidate,dark_ridge,97,BH03,acoustic,False,provisional_report_ticks,unknown,24.628113802529747,0.03869980542693354,,,
7722.6991943337725,-7.171853239036704,-9.012087654772746,11.517517214208477,231.48709386633178,0.5597826086956522,1.0,6,0.15760869565217392,1.1078856422845431,0.2524337648599666,0.3872282608695653,0.22826086956521738,,unclassified_planar_candidate,dark_ridge,98,BH03,acoustic,False,provisional_report_ticks,unknown,24.659639979763465,0.04113399005074455,,,
7724.197495338599,16.03860746399022,-5.816135193548155,17.06060837055913,340.06766271175843,0.592391304347826,1.0,6,0.16304347826086957,0.9869270050083097,0.267608878945367,0.375,0.1793478260869565,,unclassified_planar_candidate,dark_ridge,99,BH03,acoustic,False,provisional_report_ticks,unknown,24.664991054780703,0.060930744180568305,,,
7753.974469253483,-6.611723480756752,2.6468894770982656,7.121861504548071,158.18215665528854,0.625,1.0,8,0.10326086956521739,1.1982943415889753,0.3493442122710812,0.46467391304347827,0.16847826086956522,,unclassified_planar_candidate,dark_ridge,100,BH03,acoustic,False,provisional_report_ticks,unknown,24.771337390191004,0.025435219659100245,,,
7764.715000457071,-5.7047329581018955,-10.12461593062757,11.621180054795278,240.60083727358796,0.6086956521739131,1.0,7,0.10326086956521739,0.9982248493616256,0.36156765395081114,0.4619565217391305,0.32065217391304346,,unclassified_planar_candidate,dark_ridge,101,BH03,acoustic,False,provisional_report_ticks,unknown,24.809696430203818,0.0415042144814117,,,
7800.037467440694,-1.4663132437380522,1.9082865575065011,2.406581000989084,127.53840838468811,0.7771739130434783,1.0,8,0.03260869565217391,0.9917682164246655,0.5401908693373498,0.5923913043478262,0.32065217391304346,,unclassified_planar_candidate,dark_ridge,102,BH03,acoustic,False,provisional_report_ticks,unknown,24.93584809800247,0.008594932146389584,,,
7811.428239566237,9.977037226083969,-2.4776379785606397,10.280075960977689,346.05362922110623,0.6739130434782609,1.0,7,0.10869565217391304,1.107468207156866,0.3498012190085558,0.4211956521739131,0.29347826086956524,,unclassified_planar_candidate,dark_ridge,103,BH03,acoustic,False,provisional_report_ticks,unknown,24.976529427022268,0.036714557003491737,,,
7819.108389147703,-3.5236003450272055,7.83726570524219,8.592932743018602,114.20847488851346,0.592391304347826,1.0,7,0.08695652173913043,1.2404682819162365,0.22842519306071138,0.3192934782608695,0.21195652173913043,,unclassified_planar_candidate,dark_ridge,104,BH03,acoustic,False,provisional_report_ticks,unknown,25.00395853267036,0.030689045510780714,,,
7834.016970739668,-12.129513240034402,-8.621708716080665,14.881496988714247,215.40537390945275,0.5489130434782609,1.0,8,0.08695652173913043,1.1232314077658054,0.2837823746851435,0.4116847826086957,0.16304347826086957,,unclassified_planar_candidate,dark_ridge,105,BH03,acoustic,False,provisional_report_ticks,unknown,25.05720346692738,0.0531482035311223,,,
7844.086891517514,3.864715736453876,2.281906318717578,4.488109197757718,30.559560734024775,0.5652173913043478,1.0,8,0.08152173913043478,1.0940904963305618,0.28212608690212476,0.3913043478260869,0.16847826086956522,,unclassified_planar_candidate,dark_ridge,106,BH03,acoustic,False,provisional_report_ticks,unknown,25.0931674697054,0.016028961420563276,,,
7863.121450032163,19.99832437139815,12.631859941788692,23.65368603944474,32.27838718379307,0.5271739130434783,1.0,7,0.08695652173913043,1.2098741905918702,0.2551720921996188,0.3967391304347826,0.15217391304347827,,unclassified_planar_candidate,dark_ridge,107,BH03,acoustic,False,provisional_report_ticks,unknown,25.161148035829147,0.08447745014087404,,,
7884.364171167303,8.323666626380502,-1.591701714369577,8.474487621953768,349.1742494393611,0.717391304347826,1.0,8,0.03804347826086957,0.9718800557767165,0.4991344010823247,0.5244565217391304,0.20652173913043478,,unclassified_planar_candidate,dark_ridge,108,BH03,acoustic,False,provisional_report_ticks,unknown,25.237014897026075,0.03026602722126345,,,
7905.941445308622,0.5846785234001711,-0.7336635179633507,0.938142384350992,308.55239529002836,0.6521739130434783,1.0,8,0.06521739130434782,1.231994622288408,0.36256900889965016,0.44836956521739135,0.15217391304347827,near_horizontal_check_acquisition_artifact,unclassified_planar_candidate,dark_ridge,109,BH03,acoustic,False,provisional_report_ticks,unknown,25.314076590387927,0.003350508515539256,,,
7907.539975281277,9.15980183405717,0.2943450113502046,9.164529918381184,1.8405338685355492,0.6304347826086957,1.0,7,0.07065217391304347,0.7969838381037964,0.36375726119760404,0.4048913043478261,0.18478260869565216,,unclassified_planar_candidate,dark_ridge,110,BH03,acoustic,False,provisional_report_ticks,unknown,25.319785626004556,0.03273046399421851,,,
7940.936650915332,8.629727802700321,-2.73917635947841,9.054020602860604,342.38995402114136,0.6630434782608695,1.0,8,0.043478260869565216,0.7885375363181066,0.487623191045964,0.53125,0.21195652173913043,,unclassified_planar_candidate,dark_ridge,111,BH03,acoustic,False,provisional_report_ticks,unknown,25.439059467554753,0.032335787867359286,,,
7990.400637364585,-3.5378080210752296,-0.5382378321581243,3.578517228958177,188.65057493414224,0.8586956521739131,1.0,8,0.02717391304347826,0.849767358962348,0.6293004567323978,0.580163043478261,0.27717391304347827,,unclassified_planar_candidate,dark_ridge,112,BH03,acoustic,False,provisional_report_ticks,unknown,25.61571656201637,0.012780418674850628,,,
8002.484676479682,-1.9324664349138962,-2.6586880615319135,3.286799161890052,233.98848516491947,0.625,1.0,7,0.09782608695652174,0.8562412171486832,0.229203860482348,0.2703804347826087,0.33152173913043476,,unclassified_planar_candidate,dark_ridge,113,BH03,acoustic,False,provisional_report_ticks,unknown,25.658873844570287,0.01173856843532161,,,
8016.803721151609,-1.7572056039876212,-10.421982103900548,10.569081441104936,260.42961604727435,0.6086956521739131,1.0,7,0.15760869565217392,0.9188735419075578,0.34978410120720377,0.4633152173913044,0.20108695652173914,,unclassified_planar_candidate,dark_ridge,114,BH03,acoustic,False,provisional_report_ticks,unknown,25.71001328982717,0.03774671943251762,,,
8029.667179492414,-7.465699965332089,1.099392483609933,7.546213607192521,171.62288041542098,0.5760869565217391,1.0,7,0.10326086956521739,0.9469160056551222,0.3593629744249541,0.47690217391304346,0.16847826086956522,,unclassified_planar_candidate,dark_ridge,115,BH03,acoustic,False,provisional_report_ticks,unknown,25.7559542124729,0.026950762882830423,,,
8057.740352998265,8.994014460195658,-23.32338900324125,24.99745528462294,291.0877420096982,0.6304347826086957,1.0,8,0.059782608695652176,1.1718822444938808,0.40107086586047963,0.5421195652173914,0.30434782608695654,,unclassified_planar_candidate,dark_ridge,116,BH03,acoustic,False,provisional_report_ticks,unknown,25.856215546422366,0.08927662601651047,,,
8113.559594779479,-1.6390372580531694,-2.106536575044242,2.6690709011349956,232.11451197089053,0.6739130434782609,1.0,7,0.09782608695652174,0.891531367732734,0.4504535234050125,0.4986413043478261,0.31521739130434784,,unclassified_planar_candidate,dark_ridge,117,BH03,acoustic,False,provisional_report_ticks,unknown,26.055569981355276,0.009532396075482124,,,
8132.316008971947,1.3971417118180054,1.8156134988164427,2.2909511867314483,52.421180314175764,0.6521739130434783,1.0,7,0.07065217391304347,1.1183513804816048,0.3834534482503001,0.45923913043478265,0.3858695652173913,,unclassified_planar_candidate,dark_ridge,118,BH03,acoustic,False,provisional_report_ticks,unknown,26.122557174899804,0.008181968524040885,,,
8214.21931847325,-4.5456151610293105,17.213346949819496,17.80342468198295,104.79269649928698,0.5163043478260869,1.0,6,0.13043478260869565,1.219416911195353,0.18687847468814234,0.31249999999999994,0.20108695652173914,,unclassified_planar_candidate,dark_ridge,119,BH03,acoustic,False,provisional_report_ticks,unknown,26.415068994547312,0.06358365957851052,,,
8326.751808272928,-7.269082475889797,8.35289616278895,11.072959602004447,131.0313217991413,0.5,1.0,7,0.10869565217391304,1.117711827778344,0.21359093470987744,0.34782608695652173,0.15760869565217392,,unclassified_planar_candidate,dark_ridge,120,BH03,acoustic,False,provisional_report_ticks,unknown,26.816970743831877,0.03954628429287301,,,
8401.642781582263,-7.482263072794836,-0.5882004197029541,7.505347455264676,184.49492796978123,0.5108695652173914,1.0,6,0.28804347826086957,1.062474114995399,0.17686707078225597,0.3464673913043479,0.24456521739130435,,unclassified_planar_candidate,dark_ridge,121,BH03,acoustic,False,provisional_report_ticks,unknown,27.08443850565093,0.02680481234023098,,,
8418.187558318776,-1.9904418148047789,5.638408182263378,5.979423504648082,109.44378831136225,0.6358695652173914,1.0,8,0.07065217391304347,1.3473772992592206,0.3761072712319684,0.49864130434782616,0.15760869565217392,,unclassified_planar_candidate,dark_ridge,122,BH03,acoustic,False,provisional_report_ticks,unknown,27.14352699399562,0.021355083945171716,,,
8447.08388306243,5.8508693501966125,-4.427975885101579,7.337550176462935,322.88132755275524,0.5380434782608695,1.0,7,0.09239130434782608,1.3769064159291164,0.23563885373604532,0.3817934782608695,0.16847826086956522,,unclassified_planar_candidate,dark_ridge,123,BH03,acoustic,False,provisional_report_ticks,unknown,27.246728153794386,0.026205536344510477,,,
8458.908864219577,-21.42929997409579,8.667967266553813,23.115980487832008,157.97709198208702,0.5163043478260869,1.0,7,0.1793478260869565,1.0036579815343987,0.22000572129475912,0.3627717391304347,0.19021739130434784,,unclassified_planar_candidate,dark_ridge,124,BH03,acoustic,False,provisional_report_ticks,unknown,27.288960229355624,0.08255707317082858,,,
8460.067553921775,-0.6505751371274702,9.471695247356156,9.494011737291967,93.92926028826967,0.5815217391304348,1.0,7,0.06521739130434782,1.0322335789434192,0.3214667204066006,0.41711956521739135,0.40217391304347827,,unclassified_planar_candidate,dark_ridge,125,BH03,acoustic,False,provisional_report_ticks,unknown,27.293098406863475,0.03390718477604273,,,
8473.86313254406,7.199881883013376,-8.263314827469076,10.959957621597564,311.0658566007783,0.5271739130434783,1.0,6,0.21739130434782608,1.0538018471003507,0.21540707638760234,0.37092391304347827,0.20652173913043478,,unclassified_planar_candidate,dark_ridge,126,BH03,acoustic,False,provisional_report_ticks,unknown,27.342368330514493,0.03914270579141986,,,
8590.54020832793,-1.5019254539445266,6.514634285630814,6.685524657401466,102.98249424018687,0.592391304347826,1.0,7,0.15760869565217392,1.1817063670098609,0.2597308598806807,0.38586956521739124,0.29347826086956524,,unclassified_planar_candidate,dark_ridge,127,BH03,acoustic,False,provisional_report_ticks,unknown,27.75907217259974,0.0238768737764338,,,
8605.025967998345,-7.585993376859563,5.5053833939960715,9.373182054598367,144.03047996097365,0.5434782608695652,1.0,7,0.10869565217391304,1.2242696955516479,0.23106444262911274,0.358695652173913,0.15760869565217392,,unclassified_planar_candidate,dark_ridge,128,BH03,acoustic,False,provisional_report_ticks,unknown,27.81080702856551,0.033475650194994155,,,
8662.07119359728,3.4530747104519723,-0.5140635619665039,3.4911296598242614,351.53249411800664,0.6141304347826086,1.0,8,0.07608695652173914,0.839868221331429,0.3950574174464223,0.46059782608695643,0.23369565217391305,,unclassified_planar_candidate,dark_ridge,129,BH03,acoustic,False,provisional_report_ticks,unknown,28.014539977133133,0.012468320213658074,,,
8765.80005483857,3.4335334395934556,-0.4118437834171321,3.458145049408108,353.16019142070354,0.5978260869565217,1.0,7,0.06521739130434782,0.8222066171474901,0.4248727592029474,0.5394021739130435,0.16847826086956522,,unclassified_planar_candidate,dark_ridge,130,BH03,acoustic,False,provisional_report_ticks,unknown,28.385000195852026,0.012350518033600382,,,
8846.512869486809,-2.9056984062242006,1.6070637172610136,3.320502525111319,151.0541974626825,0.5489130434782609,1.0,6,0.20652173913043478,0.9732504731797208,0.23530492763004024,0.37364130434782605,0.20108695652173914,,unclassified_planar_candidate,dark_ridge,131,BH03,acoustic,False,provisional_report_ticks,unknown,28.673260248167168,0.01185893758968328,,,
8855.473369386864,2.344333296367644,-12.045090030728323,12.271108036881136,281.0137729176292,0.6467391304347826,1.0,8,0.08152173913043478,1.2584421817349025,0.3607870604310594,0.46195652173913043,0.15217391304347827,,unclassified_planar_candidate,dark_ridge,132,BH03,acoustic,False,provisional_report_ticks,unknown,28.705262033524505,0.043825385846004046,,,
8868.330059289685,-7.738691338993156,0.44119496522817075,7.751257745524295,176.73700968551194,0.7391304347826086,1.0,7,0.07608695652173914,1.0186428628011341,0.4624968203136329,0.4755434782608695,0.3804347826086957,,unclassified_planar_candidate,dark_ridge,133,BH03,acoustic,False,provisional_report_ticks,unknown,28.751178783177437,0.02768306337687247,,,
8889.972900493769,-2.566291025021444,3.8091712536832505,4.592998504788832,123.96869062893765,0.6684782608695652,1.0,8,0.08695652173913043,0.981657939206914,0.4400167460844321,0.5163043478260869,0.1793478260869565,,unclassified_planar_candidate,dark_ridge,134,BH03,acoustic,False,provisional_report_ticks,unknown,28.828474644620595,0.016403566088531538,,,
8906.383351581522,11.378086167604547,-6.822437145986302,13.266743890207861,329.05259188576764,0.532608695652174,1.0,6,0.10869565217391304,1.1536566774602,0.23622716033547786,0.36548913043478265,0.16304347826086957,,unclassified_planar_candidate,dark_ridge,135,BH03,acoustic,False,provisional_report_ticks,unknown,28.88708339850543,0.04738122817931378,,,
8953.915776836224,-2.4192679273915574,6.733044886365806,7.154491648350858,109.76400276680623,0.592391304347826,1.0,6,0.2391304347826087,0.7171660208052197,0.32499789991785283,0.45788043478260865,0.29891304347826086,,unclassified_planar_candidate,dark_ridge,136,BH03,acoustic,False,provisional_report_ticks,unknown,29.056842060129362,0.025551755886967342,,,
8988.315235500759,4.492938809774129,0.2631064628032946,4.500635972742455,3.35141294339901,0.8152173913043478,1.0,8,0.021739130434782608,0.8065362432296981,0.6094948469549115,0.5326086956521738,0.21739130434782608,,unclassified_planar_candidate,dark_ridge,137,BH03,acoustic,False,provisional_report_ticks,unknown,29.17969726964556,0.01607369990265162,,,
9002.031250271008,-1.5247385356075365,-2.286732088073851,2.7484488797489415,236.30558784986067,0.6521739130434783,1.0,8,0.059782608695652176,1.088734632858191,0.23762233788274445,0.27853260869565216,0.24456521739130435,,unclassified_planar_candidate,dark_ridge,138,BH03,acoustic,False,provisional_report_ticks,unknown,29.228683036682163,0.009815888856246216,,,
9013.969329539425,6.6106644307634035,-1.1900030936155925,6.716918309684517,349.79532531599375,0.6684782608695652,1.0,8,0.059782608695652176,1.064999667256303,0.33291859481181235,0.3777173913043478,0.15760869565217392,,unclassified_planar_candidate,dark_ridge,139,BH03,acoustic,False,provisional_report_ticks,unknown,29.271319034069364,0.023988993963158983,,,
9018.785219168285,0.08312935707682044,-3.9191685001355494,3.9200500280561137,271.2151167302732,0.75,1.0,8,0.06521739130434782,1.2442101219913109,0.42532695358612643,0.4592391304347826,0.22282608695652173,,unclassified_planar_candidate,dark_ridge,140,BH03,acoustic,False,provisional_report_ticks,unknown,29.288518639886725,0.014000178671628973,,,
9080.19914564514,-0.9169469598903787,2.1946619202759345,2.378514803729727,112.67555460937005,0.6739130434782609,1.0,7,0.21195652173913043,0.5699361234399273,0.42128328051711406,0.4796195652173913,0.3641304347826087,,unclassified_planar_candidate,dark_ridge,141,BH03,acoustic,False,provisional_report_ticks,unknown,29.507854091589778,0.008494695727606165,,,
9107.254360659272,0.39320495926764226,0.1322461878403324,0.414848399045927,,0.8043478260869565,1.0,7,0.10869565217391304,0.312949573945564,0.6459008058676692,0.6902173913043479,0.592391304347826,near_horizontal_check_acquisition_artifact,unclassified_planar_candidate,dark_ridge,142,BH03,acoustic,False,provisional_report_ticks,unknown,29.60447985949739,0.0014816014251640246,,,
9132.264262282257,-3.1681830485524576,3.557913491361588,4.764045784955047,131.683816609173,0.8695652173913043,1.0,8,0.02717391304347826,0.7398012817067237,0.6610589094586331,0.7404891304347826,0.43478260869565216,,unclassified_planar_candidate,dark_ridge,143,BH03,acoustic,False,provisional_report_ticks,unknown,29.69380093672234,0.017014449231982306,,,
9155.069640966438,5.476485190954504,-19.694183682113064,20.441447134475396,285.53998716278136,0.6413043478260869,1.0,7,0.10326086956521739,1.1402674917265145,0.393241803293788,0.5217391304347826,0.18478260869565216,,unclassified_planar_candidate,dark_ridge,144,BH03,acoustic,False,provisional_report_ticks,unknown,29.77524871773727,0.07300516833741211,,,
9182.224839945407,-2.1954920449115933,9.214838693825369,9.472773483647297,103.40122272080794,0.6141304347826086,1.0,7,0.10326086956521739,1.0668601954911263,0.3502527532574333,0.4538043478260869,0.1793478260869565,,unclassified_planar_candidate,dark_ridge,145,BH03,acoustic,False,provisional_report_ticks,unknown,29.87223157123359,0.03383133387016891,,,
9188.117910993053,7.66576273486907,6.099683244465522,9.796430676022812,38.50943009811329,0.5489130434782609,1.0,6,0.10326086956521739,1.182193017809458,0.22819304647924696,0.34375,0.2391304347826087,,unclassified_planar_candidate,dark_ridge,146,BH03,acoustic,False,provisional_report_ticks,unknown,29.89327825354661,0.034987252414367176,,,
9336.766067488132,6.33313042275772,-2.4723823703027317,6.798618649155365,338.6748896837994,0.625,1.0,7,0.11956521739130435,1.074522500617976,0.33131079621244464,0.4307065217391305,0.24456521739130435,,unclassified_planar_candidate,dark_ridge,147,BH03,acoustic,False,provisional_report_ticks,unknown,30.42416452674332,0.024280780889840585,,,
9350.212919607533,-5.931637677426283,-18.36353074601475,19.29776119129087,252.09892960634298,0.5108695652173914,1.0,6,0.2391304347826087,0.935786409027919,0.15000481394209153,0.26358695652173914,0.23369565217391305,,unclassified_planar_candidate,dark_ridge,148,BH03,acoustic,False,provisional_report_ticks,unknown,30.472188998598327,0.06892057568318166,,,
9351.594893741489,-8.01818383744789,-8.299646276474753,11.54016465938471,225.9881835201877,0.8858695652173914,1.0,8,0.02717391304347826,0.52813099987172,0.7226869232223218,0.6521739130434783,0.30434782608695654,,unclassified_planar_candidate,dark_ridge,149,BH03,acoustic,False,provisional_report_ticks,unknown,30.477124620505307,0.041214873783516806,,,
9377.52554705744,-2.363913840986106,-0.3696488494262063,2.3926405746555,188.8874568322243,0.7989130434782609,1.0,8,0.043478260869565216,0.8597462804669657,0.5737640517211245,0.5801630434782609,0.2554347826086957,,unclassified_planar_candidate,dark_ridge,150,BH03,acoustic,False,provisional_report_ticks,unknown,30.569734096633702,0.008545144909483927,,,
9419.509538751596,3.983768450682968,-8.933433094694001,9.781443550214407,294.033968130173,0.5434782608695652,1.0,8,0.16304347826086957,1.1977532897291594,0.2139264153406256,0.3505434782608695,0.21739130434782608,,unclassified_planar_candidate,dark_ridge,151,BH03,acoustic,False,provisional_report_ticks,unknown,30.719676924112832,0.03493372696505145,,,
9472.109254097973,2.2430325497794903,6.357310811684898,6.741409034892927,70.56576936802936,0.5434782608695652,1.0,7,0.10326086956521739,1.1454527696410877,0.25674237077582607,0.38586956521739124,0.21739130434782608,,unclassified_planar_candidate,dark_ridge,152,BH03,acoustic,False,provisional_report_ticks,unknown,30.907533050349898,0.024076460838903302,,,
9519.430052290705,-2.8996305369409217,7.163304164036729,7.727922346741473,112.03758700166782,0.6956521739130435,1.0,8,0.09782608695652174,1.1680751436849974,0.41017269819358504,0.48233695652173914,0.4076086956521739,,unclassified_planar_candidate,dark_ridge,153,BH03,acoustic,False,provisional_report_ticks,unknown,31.076535901038227,0.027599722666933824,,,
9551.118405953821,-2.3341902592082513,0.7245083970568905,2.44404512715879,162.75620036356844,0.6195652173913043,1.0,8,0.08695652173913043,1.203392119535818,0.3345069742781231,0.44157608695652173,0.17391304347826086,,unclassified_planar_candidate,dark_ridge,154,BH03,acoustic,False,provisional_report_ticks,unknown,31.189708592692206,0.008728732596995676,,,
9575.584027812673,8.388507152086985,2.0793121184471217,8.642371846115832,13.921664930119388,0.5434782608695652,1.0,7,0.16304347826086957,1.2897677355166304,0.22193885171562638,0.375,0.15760869565217392,,unclassified_planar_candidate,dark_ridge,155,BH03,acoustic,False,provisional_report_ticks,unknown,31.27708581361668,0.030865613736127964,,,
9584.563205918002,-2.3313747005812777,6.383366925553057,6.795784082852776,110.0635326612604,0.8043478260869565,1.0,8,0.043478260869565216,1.185033667564352,0.5183075593825293,0.6100543478260869,0.21739130434782608,,unclassified_planar_candidate,dark_ridge,156,BH03,acoustic,False,provisional_report_ticks,unknown,31.309154306849997,0.024270657438759904,,,
9603.454348191375,10.960285838234098,3.6981407848448122,11.567372688745165,18.645053587157587,0.5163043478260869,1.0,6,0.20108695652173914,1.217928127977576,0.1897046764268708,0.3451086956521739,0.2391304347826087,,unclassified_planar_candidate,dark_ridge,157,BH03,acoustic,False,provisional_report_ticks,unknown,31.37662267211205,0.041312045316947,,,
9640.03706616731,-3.5896512927778352,10.585306594760244,11.177401849661498,108.73264155394548,0.8858695652173914,1.0,8,0.03260869565217391,1.0300540878800635,0.607933895918061,0.7894021739130436,0.532608695652174,,unclassified_planar_candidate,dark_ridge,158,BH03,acoustic,False,provisional_report_ticks,unknown,31.507275236311813,0.039919292320219624,,,
9655.240402794227,13.616909528179313,5.857906383183187,14.823470993419823,23.277062305891192,0.5,1.0,6,0.1358695652173913,1.101675001415292,0.22282722843138839,0.37228260869565216,0.16304347826086957,,unclassified_planar_candidate,dark_ridge,159,BH03,acoustic,False,provisional_report_ticks,unknown,31.56157286712223,0.05294096783364221,,,
9690.395277748145,10.213493077529456,-12.158705782483281,15.879218089998464,310.03075719065885,0.6358695652173914,1.0,6,0.11413043478260869,1.133159257710394,0.314752836024017,0.40760869565217395,0.2554347826086957,,unclassified_planar_candidate,dark_ridge,160,BH03,acoustic,False,provisional_report_ticks,unknown,31.68712599195765,0.05671149317856593,,,
9700.16363573402,5.131339467494201,-3.5176359352792343,6.22128662768655,325.568582159814,0.6956521739130435,1.0,6,0.09239130434782608,0.7339680096401616,0.429873033652889,0.43478260869565216,0.33152173913043476,,unclassified_planar_candidate,dark_ridge,161,BH03,acoustic,False,provisional_report_ticks,unknown,31.722012984764348,0.022218880813166243,,,
9715.925678715003,3.674969060219776,-10.706191574567342,11.319361096144489,288.94511279581434,0.5217391304347826,1.0,6,0.1358695652173913,0.9882034138107313,0.23530928135938117,0.36277173913043476,0.24456521739130435,,unclassified_planar_candidate,dark_ridge,162,BH03,acoustic,False,provisional_report_ticks,unknown,31.77830599541071,0.040426289629087446,,,
9724.507720875878,3.6937988222948124,9.143030571134027,9.86099172316243,68.00121381452206,0.5815217391304348,1.0,6,0.08695652173913043,1.0347106874874865,0.31679737516558043,0.4211956521739131,0.2717391304347826,,unclassified_planar_candidate,dark_ridge,163,BH03,acoustic,False,provisional_report_ticks,unknown,31.80895614598527,0.03521782758272295,,,
9776.646130894263,5.503151295550552,-28.38954452229459,28.918003256882493,280.9704039260359,0.5054347826086957,1.0,6,0.16304347826086957,1.2393071327810028,0.22283312046334355,0.39809782608695654,0.21739130434782608,,unclassified_planar_candidate,dark_ridge,164,BH03,acoustic,False,provisional_report_ticks,unknown,31.99516475319379,0.10327858306029458,,,
9787.360412803682,-3.977351853443604,12.106046679261658,12.742672167428363,108.18755403094256,0.6684782608695652,1.0,8,0.08152173913043478,0.7055428309091758,0.4853090431703244,0.5434782608695652,0.23369565217391305,,unclassified_planar_candidate,dark_ridge,165,BH03,acoustic,False,provisional_report_ticks,unknown,32.03343004572743,0.04550954345510128,,,
9817.020505655788,1.786287920681979,5.193925147174933,5.492511535721204,71.02094892268089,0.5978260869565217,1.0,7,0.17391304347826086,0.9232189270538231,0.32653607911463667,0.4497282608695652,0.15760869565217392,,unclassified_planar_candidate,dark_ridge,166,BH03,acoustic,False,provisional_report_ticks,unknown,32.13935894877066,0.019616112627575722,,,
9824.261201442536,-4.297380185989013,-16.912596685772087,17.450025877302302,255.7432284725419,0.5543478260869565,1.0,6,0.1358695652173913,1.4326814540166204,0.2244691923931214,0.37771739130434784,0.20108695652173914,,unclassified_planar_candidate,dark_ridge,167,BH03,acoustic,False,provisional_report_ticks,unknown,32.16521857658048,0.06232152099036535,,,
9848.372866168344,4.882078371127112,3.042769819759013,5.752663504661424,31.933346288639815,0.592391304347826,1.0,8,0.1358695652173913,1.1118944293595558,0.2919110507076315,0.4130434782608695,0.20108695652173914,,unclassified_planar_candidate,dark_ridge,168,BH03,acoustic,False,provisional_report_ticks,unknown,32.25133166488693,0.02054522680236222,,,
9891.448340774641,-2.6806782169404006,16.09843005821723,16.320094547584297,99.45403369885895,0.6739130434782609,1.0,8,0.04891304347826087,1.009022872120259,0.457881467447779,0.6059782608695652,0.16847826086956522,,unclassified_planar_candidate,dark_ridge,169,BH03,acoustic,False,provisional_report_ticks,unknown,32.40517264562371,0.05828605195565819,,,
10011.091023295658,13.825094910660251,-1.17054877655392,13.874560667893448,355.1604001483191,0.7608695652173914,1.0,8,0.06521739130434782,0.8902508824956133,0.5286202811067774,0.6005434782608696,0.42391304347826086,,unclassified_planar_candidate,dark_ridge,170,BH03,acoustic,False,provisional_report_ticks,unknown,32.83246794034162,0.04955200238533373,,,
10021.72438945745,-5.893163663804717,-20.72501851031337,21.546595327828943,254.12688657522386,0.5,1.0,7,0.10869565217391304,1.2089305242772368,0.22257187579219875,0.3736413043478261,0.16847826086956522,,unclassified_planar_candidate,dark_ridge,171,BH03,acoustic,False,provisional_report_ticks,unknown,32.87044424806231,0.07695212617081763,,,
10034.633116200035,-10.67181554930437,-5.148863574394113,11.848984902771083,205.75605744519157,0.5,1.0,6,0.1358695652173913,1.166724147876315,0.23078036989134174,0.3940217391304348,0.20652173913043478,,unclassified_planar_candidate,dark_ridge,172,BH03,acoustic,False,provisional_report_ticks,unknown,32.916546843571545,0.042317803224182424,,,
10066.103662884472,-0.48577254238135537,-5.432718517704146,5.454393225239373,264.8904229460316,0.5271739130434783,1.0,7,0.13043478260869565,1.0856214619371518,0.19604550447225608,0.3070652173913044,0.16304347826086957,,unclassified_planar_candidate,dark_ridge,173,BH03,acoustic,False,provisional_report_ticks,unknown,33.02894165315882,0.019479975804426328,,,
10082.502988852517,2.7229765657257508,-7.026074447160327,7.535271960223525,291.1839920611788,0.532608695652174,1.0,7,0.06521739130434782,1.1563989850849774,0.19691505990028096,0.2907608695652174,0.15760869565217392,,unclassified_planar_candidate,dark_ridge,174,BH03,acoustic,False,provisional_report_ticks,unknown,33.087510674473265,0.026911685572226868,,,
10192.75847540036,-0.9358675088931555,-12.959023278353405,12.992772310908373,265.8694162457649,0.6086956521739131,1.0,7,0.10869565217391304,1.1332392329136995,0.2930375145194746,0.3940217391304348,0.2391304347826087,,unclassified_planar_candidate,dark_ridge,175,BH03,acoustic,False,provisional_report_ticks,unknown,33.48128026928699,0.04640275825324418,,,
10208.054960094578,-5.833826022282239,13.929174106706762,15.101503810985433,112.72494303837973,0.6956521739130435,1.0,7,0.1358695652173913,1.102495008882167,0.4162640912647554,0.5638586956521738,0.33152173913043476,,unclassified_planar_candidate,dark_ridge,176,BH03,acoustic,False,provisional_report_ticks,unknown,33.53591057176634,0.05393394218209081,,,
10246.911674585028,-8.031013976220132,-11.313636066935079,13.874276433072009,234.6308634691768,0.6521739130434783,1.0,6,0.11413043478260869,0.9576699136779712,0.37649776805637003,0.4483695652173913,0.21739130434782608,,unclassified_planar_candidate,dark_ridge,177,BH03,acoustic,False,provisional_report_ticks,unknown,33.674684552089374,0.049550987260971444,,,
10274.982634684946,8.485720752096864,-15.184335223251065,17.394582284568674,299.1985124142882,0.5869565217391305,1.0,6,0.20108695652173914,1.0022464897296726,0.3092910007209232,0.46059782608695654,0.483695652173913,,unclassified_planar_candidate,dark_ridge,178,BH03,acoustic,False,provisional_report_ticks,unknown,33.77493798101766,0.06212350815917382,,,
10378.546559405826,2.6639255736733616,2.049762329828824,3.3612534969645234,37.57654748248203,0.6684782608695652,1.0,8,0.059782608695652176,1.2098041179814176,0.4199315300542377,0.5,0.23369565217391305,,unclassified_planar_candidate,dark_ridge,179,BH03,acoustic,False,provisional_report_ticks,unknown,34.144809140735084,0.012004476774873294,,,
10388.341010406311,-7.779931893631516,8.379415613783719,11.434244456808996,132.8754004401646,0.5271739130434783,1.0,6,0.10326086956521739,1.089843332796625,0.2009943039843887,0.30570652173913043,0.21739130434782608,,unclassified_planar_candidate,dark_ridge,180,BH03,acoustic,False,provisional_report_ticks,unknown,34.17978932287967,0.040836587345746404,,,
10500.197236295046,-10.34880624587972,2.4365458716881925,10.631770619214839,166.7514400959665,0.625,1.0,8,0.05434782608695652,0.8856462892170839,0.3694125718440239,0.41983695652173914,0.16847826086956522,,unclassified_planar_candidate,dark_ridge,181,BH03,acoustic,False,provisional_report_ticks,unknown,34.579275843910864,0.0379706093543387,,,
10533.684503405806,-12.16398000456475,12.34736806602437,17.332625528445753,134.57133463834643,0.7771739130434783,1.0,8,0.02717391304347826,1.3823247999963304,0.4769154714728458,0.6059782608695652,0.29891304347826086,,unclassified_planar_candidate,dark_ridge,182,BH03,acoustic,False,provisional_report_ticks,unknown,34.6988732264493,0.061902234030163386,,,
10547.505670313141,2.6557705072962245,9.191590562739826,9.567573049654351,73.884153180535,0.592391304347826,1.0,6,0.08695652173913043,1.2571026439727162,0.30062732801572684,0.4225543478260869,0.22826086956521738,,unclassified_planar_candidate,dark_ridge,183,BH03,acoustic,False,provisional_report_ticks,unknown,34.74823453683264,0.03416990374876553,,,
10591.698630942139,0.1127550687591105,0.06882786641808207,0.13210216018876106,,0.7010869565217391,1.0,8,0.07065217391304347,0.9713148574361368,0.47134396093325365,0.5366847826086957,0.22826086956521738,near_horizontal_check_acquisition_artifact,unclassified_planar_candidate,dark_ridge,184,BH03,acoustic,False,provisional_report_ticks,unknown,34.906066539079056,0.0004717934292455751,,,
10657.611452595542,-1.8131826779007965,0.2737276874399539,1.8337279706408822,171.4151508529255,0.8695652173913043,1.0,8,0.02717391304347826,0.889410157393846,0.6289006734419985,0.7567934782608695,0.4782608695652174,near_horizontal_check_acquisition_artifact,unclassified_planar_candidate,dark_ridge,185,BH03,acoustic,False,provisional_report_ticks,unknown,35.141469473555496,0.006549028466574578,,,
10729.26421522543,-1.0562988996452771,-2.178274381191945,2.4208772470220326,244.13011087872115,0.75,1.0,7,0.09782608695652174,1.069421582756708,0.47373655514795876,0.6358695652173914,0.3423913043478261,,unclassified_planar_candidate,dark_ridge,186,BH03,acoustic,False,provisional_report_ticks,unknown,35.39737219723367,0.008645990167935828,,,
10749.504982845416,-0.4504270989962976,0.681300127904062,0.8167340055319797,123.4698368218755,0.6521739130434783,1.0,6,0.29347826086956524,0.5524501115782542,0.3718210772450382,0.485054347826087,0.375,near_horizontal_check_acquisition_artifact,unclassified_planar_candidate,dark_ridge,187,BH03,acoustic,False,provisional_report_ticks,unknown,35.46966065301933,0.0029169071626142123,,,
10760.098252089918,0.010466661819821222,-0.07373534146652132,0.07447450295795871,,0.7771739130434783,1.0,8,0.06521739130434782,0.4526960959192822,0.6247328836355431,0.595108695652174,0.3423913043478261,near_horizontal_check_acquisition_artifact,unclassified_planar_candidate,dark_ridge,188,BH03,acoustic,False,provisional_report_ticks,unknown,35.50749375746398,0.0002659803677069953,,,
10792.442999423944,5.216605077650507,4.974085508246961,7.207946668748422,43.63672384797527,0.9293478260869565,1.0,8,0.016304347826086956,0.6209795619986863,0.743263900630478,0.7554347826086957,0.8858695652173914,,unclassified_planar_candidate,dark_ridge,189,BH03,acoustic,False,provisional_report_ticks,unknown,35.62301071222836,0.025742666674101498,,,
10840.090275394694,-6.452947508119365,-0.4153293785172297,6.466299562748654,183.68263374831818,0.6630434782608695,1.0,8,0.07608695652173914,1.0560703591725669,0.39920670149349086,0.4633152173913043,0.3858695652173913,,unclassified_planar_candidate,dark_ridge,190,BH03,acoustic,False,provisional_report_ticks,unknown,35.79317955498104,0.023093927009816616,,,
10862.742760433095,4.386072814316865,1.6441041309039823,4.684091494168854,20.54833523597255,0.7608695652173914,1.0,8,0.04891304347826087,1.013944250033531,0.5161155856628378,0.6331521739130435,0.2391304347826087,,unclassified_planar_candidate,dark_ridge,191,BH03,acoustic,False,provisional_report_ticks,unknown,35.87408128726104,0.016728898193460188,,,
11173.71341627993,-15.65996299541515,30.636629363297047,34.40693970352212,117.07392085190554,0.5108695652173914,1.0,6,0.1358695652173913,1.336181604839921,0.2658799036689921,0.47010869565217395,0.20108695652173914,,unclassified_planar_candidate,dark_ridge,192,BH03,acoustic,False,provisional_report_ticks,unknown,36.98469077242831,0.12288192751257897,,,
11206.795260532317,0.23351835040502675,-0.18547521439367387,0.29821447840482884,,0.7065217391304348,1.0,6,0.15760869565217392,0.26142674151114853,0.545499061029196,0.5529891304347826,0.6630434782608695,near_horizontal_check_acquisition_artifact,unclassified_planar_candidate,dark_ridge,193,BH03,acoustic,False,provisional_report_ticks,unknown,37.102840216186834,0.001065051708588674,,,
11241.235932809834,-5.264013598700576,5.460717698282787,7.584805663142823,133.9492462897374,0.5054347826086957,1.0,6,0.13043478260869565,1.1513315787760916,0.26037370783227587,0.4347826086956522,0.20108695652173914,,unclassified_planar_candidate,dark_ridge,194,BH03,acoustic,False,provisional_report_ticks,unknown,37.22584261717797,0.027088591654081503,,,
11467.851414738197,-11.308086819835593,-9.897501176049307,15.027752894389662,221.1943185326387,0.5271739130434783,1.0,6,0.11956521739130435,0.9285889980536695,0.3267013759454843,0.4796195652173913,0.20652173913043478,,unclassified_planar_candidate,dark_ridge,195,BH03,acoustic,False,provisional_report_ticks,unknown,38.03518362406498,0.053670546051391634,,,
11509.314500800852,-7.988024766771097,9.088867554094739,12.100250125118261,131.31159509668615,0.5108695652173914,1.0,6,0.1956521739130435,1.0790821797109666,0.18001344314628068,0.31385869565217395,0.3641304347826087,,unclassified_planar_candidate,dark_ridge,196,BH03,acoustic,False,provisional_report_ticks,unknown,38.183266074288746,0.043215179018279495,,,
11513.469528765232,-10.933426520653345,-2.5271198155341925,11.22168213970577,193.0146234234517,0.6684782608695652,1.0,8,0.07608695652173914,1.0917437107919077,0.4082183497623543,0.4755434782608695,0.16304347826086957,,unclassified_planar_candidate,dark_ridge,197,BH03,acoustic,False,provisional_report_ticks,unknown,38.19810545987582,0.04007743621323488,,,
11530.369165074699,-3.2862883618146745,0.6230665224040937,3.3448322959962145,169.26438574731898,0.5489130434782609,1.0,7,0.1956521739130435,0.6195906385275768,0.2722757079751945,0.37907608695652173,0.2391304347826087,,unclassified_planar_candidate,dark_ridge,198,BH03,acoustic,False,provisional_report_ticks,unknown,38.258461303838196,0.011945829628557905,,,
11559.315624354127,1.9643192764074333,-10.208452783332026,10.395723084479751,280.8917797803891,0.532608695652174,1.0,6,0.22826086956521738,1.1186757144375563,0.21155278773013717,0.3736413043478261,0.31521739130434784,,unclassified_planar_candidate,dark_ridge,199,BH03,acoustic,False,provisional_report_ticks,unknown,38.361841515550445,0.03712758244457053,,,
11571.362585882593,-6.058701994617089,4.878098688932326,7.778413506528203,141.16109468622167,0.6521739130434783,1.0,7,0.17391304347826086,1.055778327911455,0.3789218252928562,0.5163043478260869,0.2717391304347826,,unclassified_planar_candidate,dark_ridge,200,BH03,acoustic,False,provisional_report_ticks,unknown,38.40486637815211,0.02778004823760072,,,
11633.951859232067,-2.0366093251636905,-9.267891797138441,9.489025024037492,257.6063032287566,0.6956521739130435,1.0,8,0.07065217391304347,0.6531157860502379,0.5200226260012282,0.5747282608695652,0.2554347826086957,,unclassified_planar_candidate,dark_ridge,201,BH03,acoustic,False,provisional_report_ticks,unknown,38.62839949725737,0.033889375085848175,,,
11635.265633802106,2.0881224187793626,2.803423426841616,3.4956312943406034,53.319515400267015,0.5,1.0,7,0.1793478260869565,0.9838208332065196,0.1959965754760471,0.3315217391304348,0.16304347826086957,,unclassified_planar_candidate,dark_ridge,202,BH03,acoustic,False,provisional_report_ticks,unknown,38.633091549293226,0.012484397479787865,,,
11672.493172374827,-3.958069593405077,6.0330605936155814,7.215548144976584,123.26740998813618,0.5815217391304348,1.0,8,0.07065217391304347,1.2125183299902855,0.3538943414949035,0.49048913043478265,0.15760869565217392,,unclassified_planar_candidate,dark_ridge,203,BH03,acoustic,False,provisional_report_ticks,unknown,38.7660470441958,0.025769814803487792,,,
11706.020170121565,-2.3521384612901914,-8.363181574044942,8.68765568962798,254.29140252630188,0.7336956521739131,1.0,8,0.08152173913043478,0.8172351360814007,0.5131896911251809,0.6956521739130435,0.43478260869565216,,unclassified_planar_candidate,dark_ridge,204,BH03,acoustic,False,provisional_report_ticks,unknown,38.88578632186272,0.03102734174867135,,,
11806.476563917435,-3.3635421269269066,-2.8722244949475666,4.423018108598334,220.49495792327465,0.842391304347826,1.0,8,0.03804347826086957,0.7335747828206446,0.634561167793854,0.7581521739130435,0.21195652173913043,,unclassified_planar_candidate,dark_ridge,205,BH03,acoustic,False,provisional_report_ticks,unknown,39.24455915684797,0.015796493244994044,,,
11913.975267186288,1.539973825818967,2.1215334190782182,2.6215307422330985,54.02493883560567,0.5652173913043478,1.0,6,0.2826086956521739,0.871711807941456,0.30323436332315223,0.5163043478260869,0.358695652173913,,unclassified_planar_candidate,dark_ridge,206,BH03,acoustic,False,provisional_report_ticks,unknown,39.62848309709388,0.009362609793689634,,,
11981.572022060705,-1.5359879481829803,-7.392429254759627,7.550315838664587,258.26218104496763,0.8478260869565217,1.0,8,0.043478260869565216,0.7871297927235866,0.6238108319466443,0.6480978260869565,0.3858695652173913,,unclassified_planar_candidate,dark_ridge,207,BH03,acoustic,False,provisional_report_ticks,unknown,39.86990007878822,0.026965413709516373,,,
11986.160750724976,-8.938830679164196,14.178154681148552,16.76075070136602,122.22999746245239,0.592391304347826,1.0,6,0.16304347826086957,1.183217088894825,0.2969773237379053,0.4442934782608695,0.29891304347826086,,unclassified_planar_candidate,dark_ridge,208,BH03,acoustic,False,provisional_report_ticks,unknown,39.88628839544633,0.05985982393345006,,,
12004.343215798304,-8.343659190100833,-2.8747530949025415,8.825012976602688,199.0110548396039,0.8804347826086957,1.0,8,0.021739130434782608,0.684411540222125,0.6856037039839897,0.6616847826086957,0.5597826086956522,,unclassified_planar_candidate,dark_ridge,209,BH03,acoustic,False,provisional_report_ticks,unknown,39.95122577070822,0.03151790348786673,,,
12025.649278702682,-5.2795569308428885,-5.470929400918387,7.602946132641241,226.01983078087713,0.8641304347826086,1.0,8,0.03804347826086957,0.745560121111077,0.6483415612564334,0.513586956521739,0.3858695652173913,,unclassified_planar_candidate,dark_ridge,210,BH03,acoustic,False,provisional_report_ticks,unknown,40.027318852509566,0.027153379045147284,,,
12036.591252898617,-2.433006996978297,1.8821813128389449,3.076057467237159,142.27435930521946,0.5760869565217391,1.0,7,0.15217391304347827,1.0188142929368154,0.15026424309033554,0.2160326086956521,0.18478260869565216,,unclassified_planar_candidate,dark_ridge,211,BH03,acoustic,False,provisional_report_ticks,unknown,40.06639733178076,0.010985919525846993,,,
12043.13957725032,2.9606466193422287,-12.947016985273823,13.281215201237853,282.8805884742579,0.6467391304347826,1.0,8,0.14130434782608695,1.0005522964254245,0.27784905663450443,0.3491847826086957,0.24456521739130435,,unclassified_planar_candidate,dark_ridge,212,BH03,acoustic,False,provisional_report_ticks,unknown,40.08978420446542,0.04743291143299232,,,
12050.278955740225,2.408270935339803,1.691933847340701,2.9431970783111954,35.09000871610335,0.8586956521739131,1.0,8,0.08152173913043478,0.6867325610410604,0.6273261984337715,0.5353260869565217,0.40217391304347827,,unclassified_planar_candidate,dark_ridge,213,BH03,acoustic,False,provisional_report_ticks,unknown,40.115281984786506,0.010511418136825695,,,
12064.41208959368,-12.732142076149017,-1.8943779618277432,12.872300093980984,188.4627863515023,0.6793478260869565,1.0,8,0.08695652173913043,1.401591564068946,0.33594005525176507,0.4320652173913043,0.30978260869565216,,unclassified_planar_candidate,dark_ridge,214,BH03,acoustic,False,provisional_report_ticks,unknown,40.165757462834556,0.04597250033564636,,,
12082.132595726162,1.4797239515212581,1.3214021026755276,1.983856469017099,41.76503932610841,0.6684782608695652,1.0,7,0.14130434782608695,1.178612536314725,0.37383972322377895,0.48233695652173914,0.30434782608695654,near_horizontal_check_acquisition_artifact,unclassified_planar_candidate,dark_ridge,215,BH03,acoustic,False,provisional_report_ticks,unknown,40.22904498473628,0.007085201675061066,,,
12119.286498154126,8.284851660074043,-6.344482999560561,10.435096145275548,322.55535351173273,0.6467391304347826,1.0,7,0.18478260869565216,1.10213965331676,0.36513336358518617,0.5149456521739131,0.4076086956521739,,unclassified_planar_candidate,dark_ridge,216,BH03,acoustic,False,provisional_report_ticks,unknown,40.36173749340758,0.03726820051884123,,,
12157.841851276735,-1.8123942378538753,-8.775620783637358,8.960819885011297,258.33098947764483,0.5380434782608695,1.0,6,0.16304347826086957,1.3694510078982272,0.22248770120683833,0.38994565217391297,0.19021739130434784,,unclassified_planar_candidate,dark_ridge,217,BH03,acoustic,False,provisional_report_ticks,unknown,40.49943518313118,0.032002928160754625,,,
12161.866835160583,-2.073741985486088,-0.08481212175536289,2.0754755884771154,182.34198372997585,0.7445652173913043,1.0,7,0.15217391304347827,0.7309386527836675,0.4947608325533719,0.6019021739130435,0.3804347826086957,,unclassified_planar_candidate,dark_ridge,218,BH03,acoustic,False,provisional_report_ticks,unknown,40.5138101255735,0.007412412815989696,,,
12192.508808381359,-7.338126250060972,-9.057803257765656,11.657267978313959,230.98754094051543,0.6521739130434783,1.0,7,0.16304347826086957,1.1277555668554826,0.3707324028150165,0.4945652173913043,0.2608695652173913,,unclassified_planar_candidate,dark_ridge,219,BH03,acoustic,False,provisional_report_ticks,unknown,40.623245744219126,0.04163309992254984,,,
12206.522774128105,-11.13653099189049,4.059532478329166,11.853359290764232,159.97198963727027,0.8532608695652174,1.0,8,0.04891304347826087,0.8937176440693889,0.6024530046125463,0.7078804347826086,0.6141304347826086,,unclassified_planar_candidate,dark_ridge,220,BH03,acoustic,False,provisional_report_ticks,unknown,40.673295621886076,0.04233342603844367,,,
12207.962763995663,-6.130261991748399,-2.0886405721718897,6.4763053917490305,198.81448171536067,0.5163043478260869,1.0,6,0.1793478260869565,1.175844059429681,0.16727640472440583,0.29211956521739124,0.22826086956521738,,unclassified_planar_candidate,dark_ridge,221,BH03,acoustic,False,provisional_report_ticks,unknown,40.678438442841646,0.023129662113389387,,,
12240.668444508008,-1.9665363049466815,-4.815524892611007,5.201590624994397,247.7861606435211,0.5978260869565217,1.0,6,0.125,1.2206173516173635,0.3482414440699589,0.5,0.24456521739130435,,unclassified_planar_candidate,dark_ridge,222,BH03,acoustic,False,provisional_report_ticks,unknown,40.79524444467145,0.018577109374979986,,,
12275.789586887468,-5.496656549137502,0.24110017497053474,5.501941703939348,177.48844169007523,0.7989130434782609,1.0,8,0.059782608695652176,1.1620937138286709,0.5099146576448079,0.7010869565217391,0.32065217391304346,,unclassified_planar_candidate,dark_ridge,223,BH03,acoustic,False,provisional_report_ticks,unknown,40.92067709602666,0.01964979179978338,,,
12373.320671638385,1.6285994798090426,-10.984681111038041,11.10475372877896,278.4332943212074,0.5706521739130435,1.0,6,0.21195652173913043,1.2300370149449595,0.2838414292006106,0.4755434782608695,0.43478260869565216,,unclassified_planar_candidate,dark_ridge,224,BH03,acoustic,False,provisional_report_ticks,unknown,41.26900239870851,0.03965983474563913,,,
12421.498870261517,3.2123638122924003,-6.353400123548362,7.119338058585932,296.8217692691391,0.5108695652173914,1.0,6,0.19021739130434784,1.235071312293018,0.21822444238681227,0.39809782608695654,0.17391304347826086,,unclassified_planar_candidate,dark_ridge,225,BH03,acoustic,False,provisional_report_ticks,unknown,41.44106739379112,0.025426207352092604,,,
12459.001166375085,-2.7037684695470974,-3.8570138706060244,4.710299346640754,234.96952692747294,0.9239130434782609,1.0,8,0.016304347826086956,0.8356174476125641,0.6878976641322702,0.7690217391304348,0.44021739130434784,,unclassified_planar_candidate,dark_ridge,226,BH03,acoustic,False,provisional_report_ticks,unknown,41.57500416562529,0.016822497666574118,,,
12495.150819646355,-4.161603014376848,-3.5375654413463185,5.461987632819964,220.3661581205787,0.5163043478260869,1.0,6,0.23369565217391305,1.016602426805214,0.18769688400398743,0.33288043478260865,0.23369565217391305,,unclassified_planar_candidate,dark_ridge,227,BH03,acoustic,False,provisional_report_ticks,unknown,41.70411007016554,0.019507098688642723,,,
12555.06655951413,8.061356781119638,-3.0397608357128596,8.615429129813402,339.33964085496393,0.532608695652174,1.0,6,0.14130434782608695,0.9934231856970116,0.22311407622853355,0.33967391304347827,0.28804347826086957,,unclassified_planar_candidate,dark_ridge,228,BH03,acoustic,False,provisional_report_ticks,unknown,41.918094855407595,0.03076938974933357,,,
12571.090294056186,-0.26354198200782875,-0.10023898706064174,0.28196139949921906,,0.8315217391304348,1.0,8,0.07065217391304347,0.5665507026013805,0.639786807423793,0.5978260869565217,0.8043478260869565,near_horizontal_check_acquisition_artifact,unclassified_planar_candidate,dark_ridge,229,BH03,acoustic,False,provisional_report_ticks,unknown,41.975322478772085,0.0010070049982114962,,,
12580.274452982183,-1.0955459961648273,-1.1930708141290567,1.6197651055752973,227.44006856523856,0.6630434782608695,1.0,6,0.17391304347826086,0.8631021015426898,0.27683742951152185,0.3369565217391304,0.391304347826087,near_horizontal_check_acquisition_artifact,unclassified_planar_candidate,dark_ridge,230,BH03,acoustic,False,provisional_report_ticks,unknown,42.00812304636493,0.0057848753770546315,,,
12627.688140618118,-9.007997673920348,13.404283681540429,16.149886783150073,123.90204020777314,0.5706521739130435,1.0,8,0.07608695652173914,1.2313376229743946,0.3316849792152716,0.4741847826086956,0.20108695652173914,,unclassified_planar_candidate,dark_ridge,231,BH03,acoustic,False,provisional_report_ticks,unknown,42.1774576450647,0.05767816708267882,,,
12711.671985330748,21.256558978470604,6.200258155679787,22.14236890674241,16.261269031700316,0.5217391304347826,1.0,6,0.22826086956521738,1.194884204662646,0.23436329228546268,0.43342391304347827,0.20652173913043478,,unclassified_planar_candidate,dark_ridge,232,BH03,acoustic,False,provisional_report_ticks,unknown,42.477399947609804,0.07907988895265143,,,
12731.72093506719,7.264610362211481,-9.788971889428149,12.190099850565824,306.5799189494851,0.6684782608695652,1.0,7,0.09239130434782608,1.2262817016913707,0.403147042176645,0.5815217391304348,0.29891304347826086,,unclassified_planar_candidate,dark_ridge,233,BH03,acoustic,False,provisional_report_ticks,unknown,42.54900333952566,0.04353607089487793,,,
12781.172789298793,6.479005292539679,-0.7987755379993914,6.5280588187349675,352.9716554726132,0.6630434782608695,1.0,8,0.07608695652173914,0.9144902121700583,0.45163447761108666,0.5380434782608695,0.1956521739130435,,unclassified_planar_candidate,dark_ridge,234,BH03,acoustic,False,provisional_report_ticks,unknown,42.72561710463853,0.023314495781196307,,,
12817.617798899735,5.177329613497229,-9.016247341697772,10.396992740858654,299.86540015456535,0.5489130434782609,1.0,7,0.20108695652173914,1.1461969955256524,0.2659340737284177,0.44429347826086957,0.20652173913043478,,unclassified_planar_candidate,dark_ridge,235,BH03,acoustic,False,provisional_report_ticks,unknown,42.855777853213326,0.03713211693163804,,,
12869.034797811175,1.2603356077768002,1.3460031227612763,1.8439550565871239,46.882572100246776,0.7282608695652174,1.0,8,0.09239130434782608,1.15247550909519,0.4501401024562206,0.5081521739130435,0.17391304347826086,near_horizontal_check_acquisition_artifact,unclassified_planar_candidate,dark_ridge,236,BH03,acoustic,False,provisional_report_ticks,unknown,43.039409992182755,0.006585553773525441,,,
12883.022825599113,-9.635236221474802,7.345707831570225,12.11598945981764,142.67884086117556,0.8532608695652174,1.0,8,0.021739130434782608,1.0375020449740087,0.5906669989252843,0.6861413043478262,0.5271739130434783,,unclassified_planar_candidate,dark_ridge,237,BH03,acoustic,False,provisional_report_ticks,unknown,43.089367234282534,0.043271390927920136,,,
12972.623992892255,-10.309387058983381,0.21696397241956478,10.311669840392588,178.79437205350618,0.532608695652174,1.0,7,0.09239130434782608,1.2342210732435708,0.30817013147878314,0.48097826086956524,0.1956521739130435,,unclassified_planar_candidate,dark_ridge,238,BH03,acoustic,False,provisional_report_ticks,unknown,43.40937140318661,0.03682739228711637,,,
13102.679930171475,3.298056504972788,48.61203159267851,48.723780562242574,86.11874707576989,0.5,1.0,7,0.09239130434782608,1.0684409253162659,0.2772382827906945,0.43614130434782605,0.22826086956521738,,unclassified_planar_candidate,dark_ridge,239,BH03,acoustic,False,provisional_report_ticks,unknown,43.87385689346954,0.17401350200800914,,,
13208.163961497494,5.7317071582675165,-8.631035553649244,10.36085139727872,303.58738325092645,0.5434782608695652,1.0,7,0.22826086956521738,1.0295379317145252,0.26928256305990617,0.452445652173913,0.42934782608695654,,unclassified_planar_candidate,dark_ridge,240,BH03,acoustic,False,provisional_report_ticks,unknown,44.25058557677675,0.03700304070456685,,,
13275.27157600934,6.057597733113949,-1.0400871292719178,6.1462404388946865,350.25733646663866,0.5108695652173914,1.0,7,0.1956521739130435,1.219862607066066,0.12268652027935119,0.22418478260869568,0.29891304347826086,,unclassified_planar_candidate,dark_ridge,241,BH03,acoustic,False,provisional_report_ticks,unknown,44.49025562860477,0.02195085871033816,,,
13278.895185379524,-6.4248720942328905,1.5307739695597378,6.604714253708044,166.59870435215936,0.9347826086956522,1.0,8,0.021739130434782608,0.9495066286900221,0.666361877047454,0.7228260869565217,0.9782608695652174,,unclassified_planar_candidate,dark_ridge,242,BH03,acoustic,False,provisional_report_ticks,unknown,44.503197090641144,0.023588265191814436,,,
13291.360014202175,-4.415366686700312,-9.777628434203184,10.72834939659226,245.6970884564786,0.6413043478260869,1.0,7,0.14130434782608695,1.2655151787999623,0.3268118359786708,0.45244565217391297,0.1956521739130435,,unclassified_planar_candidate,dark_ridge,243,BH03,acoustic,False,provisional_report_ticks,unknown,44.54771433643633,0.038315533559258055,,,
13307.332567894791,5.403503851366417,3.704857799712748,6.551627674694593,34.43609000672379,0.592391304347826,1.0,7,0.16304347826086957,1.0917654414850118,0.2865074669196809,0.41576086956521735,0.20652173913043478,,unclassified_planar_candidate,dark_ridge,244,BH03,acoustic,False,provisional_report_ticks,unknown,44.60475917105281,0.023398670266766397,,,
13338.895377793993,-2.119260186636305,-13.921924651246583,14.08230271417459,261.3446166918284,0.5706521739130435,1.0,6,0.2608695652173913,1.1697886996499591,0.20333014716576694,0.3559782608695652,0.1956521739130435,,unclassified_planar_candidate,dark_ridge,245,BH03,acoustic,False,provisional_report_ticks,unknown,44.71748349212139,0.05029393826490924,,,
13340.10431238634,4.93806496400088,-7.307659762922762,8.819658542105435,304.0483973927518,0.6141304347826086,1.0,6,0.09782608695652174,1.2808305327472567,0.31829430351629245,0.4402173913043478,0.1956521739130435,,unclassified_planar_candidate,dark_ridge,246,BH03,acoustic,False,provisional_report_ticks,unknown,44.721801115665485,0.0314987805075194,,,
13352.02481666348,4.5423441121944395,-1.4239775410608069,4.760315333151058,342.59433562130494,0.5652173913043478,1.0,6,0.19021739130434784,1.1422599659878214,0.20143058884740878,0.32201086956521735,0.15217391304347827,,unclassified_planar_candidate,dark_ridge,247,BH03,acoustic,False,provisional_report_ticks,unknown,44.7643743452267,0.017001126189825203,,,
13374.9176191411,-5.124341200667311,-9.065413836213738,10.41348168302379,240.52213927559833,0.657608695652174,1.0,8,0.07065217391304347,1.1633535582660386,0.36511556651760724,0.44021739130434784,0.28804347826086957,,unclassified_planar_candidate,dark_ridge,248,BH03,acoustic,False,provisional_report_ticks,unknown,44.846134354075346,0.037191006010799235,,,
13388.532550766522,-1.9414725630207654,4.881803170115481,5.253695642565525,111.68750743579238,0.7934782608695652,1.0,8,0.06521739130434782,1.0096212709211072,0.529770788591015,0.5244565217391304,0.5271739130434783,,unclassified_planar_candidate,dark_ridge,249,BH03,acoustic,False,provisional_report_ticks,unknown,44.894759109880425,0.018763198723448296,,,
13421.257077656042,-1.430985261331014,-11.459326080045956,11.548327715603156,262.8820261096929,0.782608695652174,1.0,8,0.02717391304347826,1.0360813207268142,0.5390036964906582,0.6222826086956522,0.2717391304347826,,unclassified_planar_candidate,dark_ridge,250,BH03,acoustic,False,provisional_report_ticks,unknown,45.01163242020014,0.041244027555725545,,,
13433.013095471546,3.5200491046890647,1.0462920704111132,3.6722571799953583,16.553945475470382,0.7119565217391305,1.0,8,0.10326086956521739,1.0189917787944924,0.44345755161778605,0.4877717391304348,0.31521739130434784,,unclassified_planar_candidate,dark_ridge,251,BH03,acoustic,False,provisional_report_ticks,unknown,45.05361819811265,0.013115204214269134,,,
13495.268219765263,-14.248901396512368,8.78453460318464,16.739152881853983,148.34591463200385,0.5163043478260869,1.0,6,0.16304347826086957,1.0254438922326108,0.22942743371354782,0.37364130434782605,0.1793478260869565,,unclassified_planar_candidate,dark_ridge,252,BH03,acoustic,False,provisional_report_ticks,unknown,45.27595792773307,0.059782688863764206,,,
13515.672461043805,-8.961468267593913,29.58097732723325,30.908609369322654,106.85402705146019,0.532608695652174,1.0,7,0.18478260869565216,1.0403932029252674,0.2126971683449986,0.3464673913043479,0.20652173913043478,,unclassified_planar_candidate,dark_ridge,253,BH03,acoustic,False,provisional_report_ticks,unknown,45.348830218013575,0.11038789060472373,,,
13518.228250747756,-4.9694376540677885,1.5317792517450255,5.200159446953845,162.86861119255536,0.6467391304347826,1.0,6,0.2608695652173913,0.6064229090122031,0.3905363977259011,0.5149456521739131,0.2717391304347826,,unclassified_planar_candidate,dark_ridge,254,BH03,acoustic,False,provisional_report_ticks,unknown,45.35795803838483,0.018571998024835154,,,
13637.843810069813,4.19657127369864,-2.4370275817788545,4.852866564164269,329.8554617647091,0.592391304347826,1.0,6,0.18478260869565216,0.8892023855212934,0.31221879327581653,0.4347826086956521,0.483695652173913,,unclassified_planar_candidate,dark_ridge,255,BH03,acoustic,False,provisional_report_ticks,unknown,45.785156464535035,0.01733166630058667,,,
13668.036111024066,-8.830326219849836,11.882885234870482,14.804648683912442,126.61651936934814,0.8315217391304348,1.0,8,0.03804347826086957,0.9033216813997837,0.5919156789878586,0.6657608695652174,0.5434782608695652,,unclassified_planar_candidate,dark_ridge,256,BH03,acoustic,False,provisional_report_ticks,unknown,45.89298611080022,0.052873745299687275,,,
13721.840767992384,-11.939736690861121,17.287575690377075,21.009940159305824,124.63106083308452,0.5,1.0,6,0.14130434782608695,0.9684863796683263,0.16980666930279714,0.2730978260869565,0.21739130434782608,,unclassified_planar_candidate,dark_ridge,257,BH03,acoustic,False,provisional_report_ticks,unknown,46.08514559997279,0.07503550056894935,,,
13725.547790452996,-4.577728840661028,-1.327690151080624,4.766378339567292,196.17387678682982,0.6358695652173914,1.0,6,0.16847826086956522,1.0405254917497633,0.3250216667387122,0.4347826086956522,0.2717391304347826,,unclassified_planar_candidate,dark_ridge,258,BH03,acoustic,False,provisional_report_ticks,unknown,46.09838496590355,0.017022779784168895,,,
13752.518596516726,5.1328823635580845,1.0441481655938065,5.238007898985886,11.498407668908959,0.5543478260869565,1.0,6,0.15760869565217392,1.0748951937072557,0.2899940857460981,0.44429347826086957,0.1956521739130435,,unclassified_planar_candidate,dark_ridge,259,BH03,acoustic,False,provisional_report_ticks,unknown,46.19470927327401,0.01870717106780673,,,
13763.61386282275,-4.253796630141107,8.577570893852492,9.57441947115674,116.37777384893486,0.5706521739130435,1.0,7,0.1793478260869565,0.7077590440035527,0.3115916849763768,0.421195652173913,0.2608695652173913,,unclassified_planar_candidate,dark_ridge,260,BH03,acoustic,False,provisional_report_ticks,unknown,46.23433522436695,0.034194355254131205,,,
13796.28773825573,6.789367091793742,1.6917521753425546,6.996965837411818,13.99183876210072,0.5271739130434783,1.0,6,0.30978260869565216,0.9254910082219817,0.2425827479405819,0.453804347826087,0.1956521739130435,,unclassified_planar_candidate,dark_ridge,261,BH03,acoustic,False,provisional_report_ticks,unknown,46.3510276366276,0.024989163705042203,,,
13891.101441529261,-9.839237940631811,14.101810826342165,17.195106043124877,124.90458690547416,0.5543478260869565,1.0,6,0.125,1.1632926470538971,0.25669689807182205,0.3899456521739131,0.29347826086956524,,unclassified_planar_candidate,dark_ridge,262,BH03,acoustic,False,provisional_report_ticks,unknown,46.689648005461635,0.06141109301116026,,,
13924.220775263588,-6.209676425750403,7.036219939566863,9.384480398534519,131.4293747513994,0.5869565217391305,1.0,7,0.21195652173913043,0.7398952665960435,0.3300173403420998,0.4565217391304348,0.33152173913043476,,unclassified_planar_candidate,dark_ridge,263,BH03,acoustic,False,provisional_report_ticks,unknown,46.807931340227086,0.033516001423337556,,,
13966.161131485627,-1.135961535000367,-3.5197171250181025,3.6984885087216486,252.11291558605745,0.5163043478260869,1.0,6,0.18478260869565216,1.1420065152658476,0.18837621491229464,0.327445652173913,0.266304347826087,,unclassified_planar_candidate,dark_ridge,264,BH03,acoustic,False,provisional_report_ticks,unknown,46.95771832673437,0.013208887531148742,,,
13988.229050882579,-13.072944597644344,16.959385958115426,21.413142051772812,127.62641289855668,0.5054347826086957,1.0,6,0.14130434782608695,1.341932594847504,0.2224405429426129,0.4008152173913044,0.2608695652173913,,unclassified_planar_candidate,dark_ridge,265,BH03,acoustic,False,provisional_report_ticks,unknown,47.03653232458063,0.07647550732776003,,,
14059.447389939409,-7.636406910107737,9.458197342662972,12.156159240051855,128.91688701716845,0.6684782608695652,1.0,6,0.125,0.6359257327527552,0.47319011389809373,0.5869565217391304,0.3641304347826087,,unclassified_planar_candidate,dark_ridge,266,BH03,acoustic,False,provisional_report_ticks,unknown,47.290883535497876,0.04341485442875661,,,
14124.10142025657,-9.469462343931776,10.405660033961194,14.0694163996066,132.30313322817778,0.7336956521739131,1.0,8,0.05434782608695652,0.9221330648683967,0.5102170141373445,0.6331521739130435,0.3695652173913043,,unclassified_planar_candidate,dark_ridge,267,BH03,acoustic,False,provisional_report_ticks,unknown,47.52179078663059,0.0502479157128807,,,
14162.621186740987,-8.744198047782486,9.40290787528864,12.840392361996116,132.92117097355234,0.6902173913043478,1.0,8,0.07608695652173914,0.6886250216154147,0.5069070296988667,0.6331521739130435,0.43478260869565216,,unclassified_planar_candidate,dark_ridge,268,BH03,acoustic,False,provisional_report_ticks,unknown,47.6593613812178,0.045858544149986115,,,
14189.31555021652,-10.24197903655572,9.577466686204716,14.022339416467139,136.92031081116846,0.5652173913043478,1.0,6,0.09782608695652174,0.9052763907702629,0.34635581429002754,0.45923913043478254,0.2391304347826087,,unclassified_planar_candidate,dark_ridge,269,BH03,acoustic,False,provisional_report_ticks,unknown,47.75469839363041,0.050079783630239766,,,
14212.8880326041,-4.302544349166656,14.956956536585173,15.56349693076218,106.04850319126834,0.5163043478260869,1.0,7,0.21195652173913043,0.9445698114116267,0.23644780001787652,0.3980978260869565,0.1793478260869565,,unclassified_planar_candidate,dark_ridge,270,BH03,acoustic,False,provisional_report_ticks,unknown,47.83888583072891,0.05558391760986492,,,
14226.934396728357,-9.301414111827112,-0.19223640683185295,9.303400416826536,181.18398845783227,0.5163043478260869,1.0,7,0.14130434782608695,1.3089454800707376,0.18378919017661707,0.32065217391304346,0.16847826086956522,,unclassified_planar_candidate,dark_ridge,271,BH03,acoustic,False,provisional_report_ticks,unknown,47.88905141688697,0.033226430060094764,,,
14245.236853574752,-9.582144615176023,2.9955231139691416,10.039454873272266,162.63996744546873,0.592391304347826,1.0,6,0.2826086956521739,0.765124180252877,0.2577189672815947,0.3913043478260869,0.30434782608695654,,unclassified_planar_candidate,dark_ridge,272,BH03,acoustic,False,provisional_report_ticks,unknown,47.954417334195526,0.03585519597597237,,,
14272.18629481635,1.5355223278772594,-9.817571864703188,9.936928405600053,278.88935662664363,0.5652173913043478,1.0,6,0.2608695652173913,0.8735965464108825,0.28338000042780503,0.4538043478260869,0.28804347826086957,,unclassified_planar_candidate,dark_ridge,273,BH03,acoustic,False,provisional_report_ticks,unknown,48.05066533862981,0.03548903002000018,,,
14289.297531647857,-9.650003911841548,4.434438102073334,10.62011378374436,155.31993795379083,0.7934782608695652,1.0,8,0.03804347826086957,0.6741048244328922,0.6096826097677563,0.6005434782608695,0.32065217391304346,,unclassified_planar_candidate,dark_ridge,274,BH03,acoustic,False,provisional_report_ticks,unknown,48.111776898742335,0.03792897779908699,,,
14317.96682582382,1.3232375977491293,-6.410992846593648,6.546127635417125,281.6621583841363,0.625,1.0,7,0.15217391304347827,0.898534942074333,0.3052310786514567,0.38858695652173914,0.1956521739130435,,unclassified_planar_candidate,dark_ridge,275,BH03,acoustic,False,provisional_report_ticks,unknown,48.21416723508506,0.02337902726934687,,,
14359.2164387245,-18.104568001584667,-11.882728297739387,21.655821718925832,213.27843940513918,0.6467391304347826,1.0,8,0.06521739130434782,1.114347775545708,0.37279448444948576,0.4470108695652174,0.1956521739130435,,unclassified_planar_candidate,dark_ridge,276,BH03,acoustic,False,provisional_report_ticks,unknown,48.361487281158915,0.0773422204247351,,,
14359.703572269556,-1.3801898328150333,-6.882130230891778,7.019162378059116,258.65994123340784,0.5054347826086957,1.0,7,0.15217391304347827,1.0981536310701805,0.11305196025047999,0.19021739130434784,0.21195652173913043,,unclassified_planar_candidate,dark_ridge,277,BH03,acoustic,False,provisional_report_ticks,unknown,48.36322704381983,0.025068437064496837,,,
14377.763867790905,0.6882196877731658,-11.752195442100072,11.772329593073595,273.35146741557054,0.5,1.0,6,0.125,1.1429853097131315,0.19980266417272785,0.3342391304347826,0.16304347826086957,,unclassified_planar_candidate,dark_ridge,278,BH03,acoustic,False,provisional_report_ticks,unknown,48.42772809925322,0.042044034260977116,,,
14388.66078156098,-14.740304022643494,-10.026980721863909,17.827420034222296,214.2252006089192,0.5,1.0,6,0.2717391304347826,1.2685051526562354,0.18022665719627728,0.37771739130434784,0.16847826086956522,,unclassified_planar_candidate,dark_ridge,279,BH03,acoustic,False,provisional_report_ticks,unknown,48.466645648432056,0.0636693572650796,,,
14400.196678097269,2.024392925038391,-11.07008507467906,11.253663860075864,280.3632043127739,0.5815217391304348,1.0,6,0.2608695652173913,1.287183829401649,0.24640260038600464,0.44021739130434784,0.15760869565217392,,unclassified_planar_candidate,dark_ridge,280,BH03,acoustic,False,provisional_report_ticks,unknown,48.5078452789188,0.04019165664312808,,,
14432.922993333095,-16.818869813302154,-13.92120284888429,21.832871331013482,219.61501107106895,0.5978260869565217,1.0,7,0.08152173913043478,1.2205800869360408,0.32184285327964535,0.4402173913043478,0.1793478260869565,,unclassified_planar_candidate,dark_ridge,281,BH03,acoustic,False,provisional_report_ticks,unknown,48.62472497618961,0.07797454046790528,,,
14439.5725824189,-8.712427217164016,-0.9319898557365196,8.76213404973789,186.10585170323478,0.6413043478260869,1.0,8,0.08695652173913043,1.034920459819247,0.3730059302215803,0.4497282608695652,0.18478260869565216,,unclassified_planar_candidate,dark_ridge,282,BH03,acoustic,False,provisional_report_ticks,unknown,48.648473508638915,0.03129333589192103,,,
14482.109477484742,-15.80656409929248,-7.070023931935998,17.3156780699801,204.09820619188704,0.7608695652173914,1.0,7,0.08152173913043478,1.1535546367350855,0.4757567475507528,0.5883152173913044,0.592391304347826,,unclassified_planar_candidate,dark_ridge,283,BH03,acoustic,False,provisional_report_ticks,unknown,48.800390991016926,0.06184170739278605,,,
14493.587406452918,-4.056256587827119,-1.3651416235371912,4.279816486556948,198.60076718574734,0.6413043478260869,1.0,6,0.08695652173913043,1.1753990983702955,0.3365857415190024,0.4252717391304347,0.41304347826086957,,unclassified_planar_candidate,dark_ridge,284,BH03,acoustic,False,provisional_report_ticks,unknown,48.84138359447469,0.015285058880560524,,,
14520.040625946485,-1.2206926282475925,-1.0699399884554495,1.623225822722785,221.23464203052023,0.6467391304347826,1.0,8,0.08152173913043478,1.3732330574852691,0.2767729519470074,0.36820652173913043,0.23369565217391305,near_horizontal_check_acquisition_artifact,unclassified_planar_candidate,dark_ridge,285,BH03,acoustic,False,provisional_report_ticks,unknown,48.93585937838029,0.005797235081152802,,,
14529.245951845713,-4.357856345344628,-13.99875420749407,14.661378901334395,252.70846991653713,0.7717391304347826,1.0,8,0.02717391304347826,1.3092062949216168,0.4852647066217473,0.5760869565217391,0.17391304347826086,,unclassified_planar_candidate,dark_ridge,286,BH03,acoustic,False,provisional_report_ticks,unknown,48.968735542306106,0.05236206750476568,,,
14539.808583578235,8.27896160276763,-0.21182851276319045,8.281671119944345,358.53432919898125,0.5978260869565217,1.0,7,0.08152173913043478,1.141398467158617,0.2763954337929034,0.3682065217391304,0.2608695652173913,,unclassified_planar_candidate,dark_ridge,287,BH03,acoustic,False,provisional_report_ticks,unknown,49.00645922706511,0.029577396856944084,,,
14555.707327664679,-0.8111870912331302,-14.15876464059961,14.181982958841726,266.72098201005394,0.8369565217391305,1.0,8,0.059782608695652176,0.8299650861328028,0.5967348825719843,0.6385869565217392,0.3695652173913043,,unclassified_planar_candidate,dark_ridge,288,BH03,acoustic,False,provisional_report_ticks,unknown,49.06324045594527,0.050649939138720436,,,
14578.385149855818,4.645059641024503,-17.116005358336775,17.735112587612402,285.1836134943261,0.5815217391304348,1.0,8,0.07608695652173914,1.1214627686830032,0.2099651209435513,0.28396739130434784,0.1793478260869565,,unclassified_planar_candidate,dark_ridge,289,BH03,acoustic,False,provisional_report_ticks,unknown,49.144232678056476,0.06333968781290142,,,
14583.977078358925,1.0688243955822692,-6.1955215728968795,6.287040094418233,279.78807411032193,0.7010869565217391,1.0,8,0.07608695652173914,0.9124745563964283,0.37788002411337446,0.3953804347826087,0.41847826086956524,,unclassified_planar_candidate,dark_ridge,290,BH03,acoustic,False,provisional_report_ticks,unknown,49.16420385128186,0.022453714622922255,,,
14589.846618196614,14.416007039671983,-1.3539645036953836,14.479450225928444,354.6344679904811,0.5815217391304348,1.0,8,0.08152173913043478,1.1527182796781452,0.2144735245247983,0.2948369565217392,0.1956521739130435,,unclassified_planar_candidate,dark_ridge,291,BH03,acoustic,False,provisional_report_ticks,unknown,49.18516649355932,0.05171232223545871,,,
14622.381844692758,4.929995354940614,-12.814472120606112,13.730096501100322,291.04277777441825,0.7010869565217391,1.0,8,0.07608695652173914,1.2996296277415162,0.3538149684790433,0.421195652173913,0.20652173913043478,,unclassified_planar_candidate,dark_ridge,292,BH03,acoustic,False,provisional_report_ticks,unknown,49.30136373104555,0.04903605893250113,,,
14636.441132583739,6.1711711226163715,0.9836483717817532,6.249073302812434,9.056425694379588,0.7336956521739131,1.0,7,0.059782608695652176,1.0042106025557467,0.46006177694788375,0.4660326086956522,0.28804347826086957,,unclassified_planar_candidate,dark_ridge,293,BH03,acoustic,False,provisional_report_ticks,unknown,49.35157547351334,0.02231811893861583,,,
14662.046534175708,3.952766776895219,4.015160160201943,5.634347904114505,45.44864925294642,0.6956521739130435,1.0,8,0.08695652173913043,1.1134050469279486,0.3929776373118941,0.4483695652173913,0.15760869565217392,,unclassified_planar_candidate,dark_ridge,294,BH03,acoustic,False,provisional_report_ticks,unknown,49.4430233363418,0.02012267108612323,,,
14662.611644580276,-18.164851872434774,-1.710465039705575,18.245205786714276,185.3793064354215,0.6195652173913043,1.0,7,0.07608695652173914,1.0842622073784465,0.31860648201795577,0.3994565217391304,0.17391304347826086,,unclassified_planar_candidate,dark_ridge,295,BH03,acoustic,False,provisional_report_ticks,unknown,49.44504158778669,0.06516144923826525,,,
14677.625050801194,-15.868088496489419,14.750509838658871,21.665035726552404,137.09036764520658,0.5760869565217391,1.0,8,0.08152173913043478,1.1081283884039674,0.2951532296311358,0.4035326086956522,0.20108695652173914,,unclassified_planar_candidate,dark_ridge,296,BH03,acoustic,False,provisional_report_ticks,unknown,49.49866089571854,0.07737512759482999,,,
14710.019950732345,-9.036544369418552,6.910130027704805,11.375809032339536,142.59531794944547,0.5978260869565217,1.0,8,0.125,1.235861778526733,0.31069890268971717,0.4483695652173913,0.20652173913043478,,unclassified_planar_candidate,dark_ridge,297,BH03,acoustic,False,provisional_report_ticks,unknown,49.61435696690122,0.04062788940121262,,,
14724.437803165405,-3.4224526941189977,-4.91689931765567,5.990749647869219,235.15980068868913,0.6086956521739131,1.0,7,0.125,1.101958117724734,0.2716470219668278,0.3682065217391305,0.1793478260869565,,unclassified_planar_candidate,dark_ridge,298,BH03,acoustic,False,provisional_report_ticks,unknown,49.66584929701929,0.021395534456675774,,,
14746.159686546689,-9.628798318320909,-3.5892716265831295,10.27602198636682,200.44365592667134,0.8043478260869565,1.0,8,0.021739130434782608,0.5687560351662698,0.6509725942284584,0.6698369565217391,0.46195652173913043,,unclassified_planar_candidate,dark_ridge,299,BH03,acoustic,False,provisional_report_ticks,unknown,49.74342745195245,0.03670007852273863,,,
14775.668599090213,-7.717695456939903,6.480892901043533,10.077936096288132,139.97832219180893,0.5434782608695652,1.0,6,0.10869565217391304,1.262129385947066,0.26273747651441065,0.4130434782608695,0.1956521739130435,,unclassified_planar_candidate,dark_ridge,300,BH03,acoustic,False,provisional_report_ticks,unknown,49.84881642532218,0.035992628915314746,,,
14812.526686250121,-18.649951680591126,14.131768951914413,23.39930749827174,142.84742349363768,0.5217391304347826,1.0,7,0.25,1.3937721924508832,0.14967376465454357,0.30434782608695654,0.2391304347826087,,unclassified_planar_candidate,dark_ridge,301,BH03,acoustic,False,provisional_report_ticks,unknown,49.980452450893274,0.08356895535097048,,,
14815.34502149418,-11.903433735395913,25.50846064933345,28.14912608575184,115.0159443689656,0.7608695652173914,1.0,8,0.05434782608695652,1.064495138686057,0.5045917934974123,0.6277173913043479,0.2554347826086957,,unclassified_planar_candidate,dark_ridge,302,BH03,acoustic,False,provisional_report_ticks,unknown,49.990517933907775,0.1005325931633994,,,
14847.704687159821,-13.40606412210509,13.198634983308335,18.812934929686115,135.44670955841283,0.8369565217391305,1.0,8,0.03804347826086957,0.6384705642632844,0.6507740999676471,0.71875,0.30434782608695654,,unclassified_planar_candidate,dark_ridge,303,BH03,acoustic,False,provisional_report_ticks,unknown,50.10608816842792,0.06718905332030753,,,
14863.752911908967,2.1451219886075386,5.887444515520188,6.26606345877029,69.98051737920504,0.5163043478260869,1.0,6,0.2391304347826087,1.1377210106974558,0.17972202269462387,0.3342391304347826,0.27717391304347827,,unclassified_planar_candidate,dark_ridge,304,BH03,acoustic,False,provisional_report_ticks,unknown,50.16340325681772,0.022378798067036746,,,
14875.92765805435,-2.4825915467071673,1.2805895908823604,2.793415559500257,152.71406088221235,0.5869565217391305,1.0,7,0.1358695652173913,1.0263107994582332,0.2829186338009853,0.392663043478261,0.20652173913043478,,unclassified_planar_candidate,dark_ridge,305,BH03,acoustic,False,provisional_report_ticks,unknown,50.206884493051234,0.009976484141072344,,,
14923.838190793083,9.752039241770929,-6.032450972196091,11.467028128725842,328.25974693726164,0.5597826086956522,1.0,6,0.21739130434782608,1.3065652402994725,0.22642214020511103,0.3994565217391305,0.16304347826086957,,unclassified_planar_candidate,dark_ridge,306,BH03,acoustic,False,provisional_report_ticks,unknown,50.37799353854671,0.040953671888306564,,,
14967.864696859971,2.2864018194199565,-1.618447830462407,2.8012509098214244,324.70692584270887,0.5163043478260869,1.0,7,0.13043478260869565,1.1370987362290397,0.20209873124046673,0.3288043478260869,0.1793478260869565,,unclassified_planar_candidate,dark_ridge,307,BH03,acoustic,False,provisional_report_ticks,unknown,50.53523106021417,0.010004467535076514,,,
14977.70753556372,-10.239592730121272,-3.020053686210473,10.675672510261162,196.432835935174,0.5978260869565217,1.0,8,0.07065217391304347,1.2795776942836956,0.2966429166283961,0.40896739130434784,0.15760869565217392,,unclassified_planar_candidate,dark_ridge,308,BH03,acoustic,False,provisional_report_ticks,unknown,50.570384055584704,0.03812740182236128,,,
14988.880762377754,-2.4024246892299934,-6.094408080530878,6.550836148115894,248.48556768877734,0.6793478260869565,1.0,7,0.16304347826086957,1.0725975579490645,0.33931457667940557,0.4266304347826087,0.27717391304347827,,unclassified_planar_candidate,dark_ridge,309,BH03,acoustic,False,provisional_report_ticks,unknown,50.610288437063396,0.023395843386128188,,,
15006.408594481845,-22.555025062298313,-6.356098538862138,23.43350473566919,195.73805397231408,0.7228260869565217,1.0,8,0.07608695652173914,1.375138996020369,0.42227284772455775,0.6331521739130435,0.30978260869565216,,unclassified_planar_candidate,dark_ridge,310,BH03,acoustic,False,provisional_report_ticks,unknown,50.67288783743515,0.08369108834167566,,,
15022.741235301206,-8.075463495909997,4.979907408309603,9.487496427884006,148.33905227436586,0.657608695652174,1.0,7,0.07065217391304347,1.0065927845901705,0.4310080785927466,0.4932065217391305,0.2717391304347826,,unclassified_planar_candidate,dark_ridge,311,BH03,acoustic,False,provisional_report_ticks,unknown,50.731218697504296,0.03388391581387144,,,
15044.422575694683,-4.690657601184571,6.235566338286388,7.802855649742657,126.95203766800886,0.5543478260869565,1.0,6,0.16847826086956522,1.2614284199197427,0.24760771143319582,0.40896739130434784,0.16304347826086957,,unclassified_planar_candidate,dark_ridge,312,BH03,acoustic,False,provisional_report_ticks,unknown,50.80865205605242,0.02786734160622377,,,
15051.367000444596,0.054357992405983935,-1.1982115905666693,1.1994439574680913,272.5974958012764,0.6521739130434783,1.0,7,0.19021739130434784,0.8408776067929962,0.39902707706036705,0.501358695652174,0.3532608695652174,near_horizontal_check_acquisition_artifact,unclassified_planar_candidate,dark_ridge,313,BH03,acoustic,False,provisional_report_ticks,unknown,50.8334535730164,0.0042837284195288965,,,
15080.492047531045,-9.856261364030788,3.3880838481805116,10.422331804274306,161.0296233621186,0.6086956521739131,1.0,7,0.15760869565217392,1.006968314906299,0.31276799784233045,0.4266304347826087,0.21739130434782608,,unclassified_planar_candidate,dark_ridge,314,BH03,acoustic,False,provisional_report_ticks,unknown,50.937471598325146,0.03722261358669394,,,
15091.8292659474,1.3559566428522627,-1.1157972038758361,1.7560244353289371,320.549527393247,0.7065217391304348,1.0,8,0.07065217391304347,1.2181798576970038,0.41013373810884324,0.46875000000000006,0.19021739130434784,near_horizontal_check_acquisition_artifact,unclassified_planar_candidate,dark_ridge,315,BH03,acoustic,False,provisional_report_ticks,unknown,50.97796166409784,0.006271515840460488,,,
15108.002248109353,-5.217434250128289,-0.1327641405734646,5.219123151587242,181.45764821606062,0.625,1.0,7,0.08695652173913043,0.9090759758673974,0.32412151951809376,0.3845108695652174,0.2391304347826087,,unclassified_planar_candidate,dark_ridge,316,BH03,acoustic,False,provisional_report_ticks,unknown,51.03572231467625,0.018639725541383004,,,
15126.961122916475,-2.4442457891670704,3.5376326495614427,4.299904910704894,124.64164070356696,0.6358695652173914,1.0,8,0.04891304347826087,1.1269965929550312,0.3747391456228601,0.4510869565217392,0.27717391304347827,,unclassified_planar_candidate,dark_ridge,317,BH03,acoustic,False,provisional_report_ticks,unknown,51.10343258184454,0.015356803252517476,,,
15145.745237277688,1.696663854460661,-1.5172066590207016,2.2760896909414767,318.1959823858732,0.6467391304347826,1.0,7,0.10869565217391304,1.0151449133555608,0.3897404602100242,0.4741847826086957,0.358695652173913,,unclassified_planar_candidate,dark_ridge,318,BH03,acoustic,False,provisional_report_ticks,unknown,51.17051870456316,0.008128891753362415,,,
15179.412484294116,-9.143469291152488,0.27339319066254547,9.147555657931207,178.2873447865532,0.5380434782608695,1.0,7,0.09239130434782608,0.7348001704061092,0.25552305334857284,0.33423913043478254,0.21739130434782608,,unclassified_planar_candidate,dark_ridge,319,BH03,acoustic,False,provisional_report_ticks,unknown,51.290758872478975,0.032669841635468586,,,
15191.608659482506,-2.9008263816912416,1.0674468739701244,3.090992805793066,159.7973804742001,0.6956521739130435,1.0,8,0.10869565217391304,0.6934122093491007,0.48405780240789603,0.4918478260869565,0.41304347826086957,,unclassified_planar_candidate,dark_ridge,320,BH03,acoustic,False,provisional_report_ticks,unknown,51.33431664100894,0.011039260020689518,,,
15218.932483723673,-9.461956129561937,9.544985344591025,13.440065439803934,134.7497128433729,0.6521739130434783,1.0,7,0.11956521739130435,1.0508056080903116,0.2715126426466574,0.33559782608695654,0.21195652173913043,,unclassified_planar_candidate,dark_ridge,321,BH03,acoustic,False,provisional_report_ticks,unknown,51.43190172758453,0.048000233713585465,,,
15219.894739233108,-3.785341229451397,-0.1737503826134196,3.7893267764660945,182.62808036646814,0.8913043478260869,1.0,8,0.02717391304347826,0.9584093567500077,0.62996622815515,0.6725543478260869,0.5706521739130435,,unclassified_planar_candidate,dark_ridge,322,BH03,acoustic,False,provisional_report_ticks,unknown,51.435338354403946,0.013533309915950333,,,
15253.031619187113,-1.3837881432350405,4.571427069439131,4.7762762772434675,106.84126100894174,0.7065217391304348,1.0,8,0.09782608695652174,1.0153953190821525,0.45438320060119136,0.5557065217391305,0.2554347826086957,,unclassified_planar_candidate,dark_ridge,323,BH03,acoustic,False,provisional_report_ticks,unknown,51.55368435423968,0.01705812956158381,,,
15264.830294065396,-4.382532423783571,-6.554947336156881,7.88504438955828,236.23394916017924,0.9130434782608695,1.0,8,0.03260869565217391,0.6803418797605576,0.7040509085836848,0.6983695652173912,0.9021739130434783,,unclassified_planar_candidate,dark_ridge,324,BH03,acoustic,False,provisional_report_ticks,unknown,51.59582247880497,0.02816087281985099,,,
15277.797215197044,-4.004806847069438,-3.8905785925349314,5.583464844254447,224.17111832577032,0.5271739130434783,1.0,7,0.1793478260869565,1.3393822029536033,0.09177610332072919,0.1657608695652174,0.16304347826086957,,unclassified_planar_candidate,dark_ridge,325,BH03,acoustic,False,provisional_report_ticks,unknown,51.642132911418,0.019940945872337305,,,
15290.43803604816,-7.055365108497376,0.4598238487232746,7.070333428209512,176.27109896954545,0.8097826086956522,1.0,8,0.03260869565217391,0.7926404387792041,0.6014841236133656,0.6521739130434783,0.358695652173913,,unclassified_planar_candidate,dark_ridge,326,BH03,acoustic,False,provisional_report_ticks,unknown,51.68727870017198,0.025251190815033964,,,
15322.051166444036,2.216189676814151,-2.020145401844934,2.9987470930728453,317.6495783063673,0.6630434782608695,1.0,7,0.08695652173913043,1.0193747401900919,0.43098668994869177,0.53125,0.23369565217391305,,unclassified_planar_candidate,dark_ridge,327,BH03,acoustic,False,provisional_report_ticks,unknown,51.80018273730012,0.01070981104668873,,,
15342.543086454483,-0.6071776904291396,7.7132885846899235,7.737149703764477,94.50095022217317,0.6032608695652174,1.0,6,0.14130434782608695,1.0039112364610443,0.2840630021321868,0.3831521739130435,0.41304347826086957,,unclassified_planar_candidate,dark_ridge,328,BH03,acoustic,False,provisional_report_ticks,unknown,51.87336816590886,0.027632677513444556,,,
15359.630158893284,19.63325639780327,8.810245195581714,21.51941396014663,24.167724567897636,0.5108695652173914,1.0,7,0.08695652173913043,1.5459599140193905,0.20517400763096463,0.3682065217391305,0.2608695652173913,,unclassified_planar_candidate,dark_ridge,329,BH03,acoustic,False,provisional_report_ticks,unknown,51.934393424618854,0.07685504985766652,,,
15428.50133257607,-17.479306307541385,0.10325332722731648,17.479611272635314,179.6615477207158,0.8260869565217391,1.0,8,0.059782608695652176,0.8172952540499493,0.5914777862441184,0.7024456521739131,0.5271739130434783,,unclassified_planar_candidate,dark_ridge,330,BH03,acoustic,False,provisional_report_ticks,unknown,52.18036190205738,0.06242718311655467,,,
15454.77201197604,-7.501039123861335,4.38557108151219,8.689005791728674,149.68680454903688,0.8967391304347826,1.0,8,0.02717391304347826,0.923766161125222,0.6411689468343326,0.7649456521739131,0.5054347826086957,,unclassified_planar_candidate,dark_ridge,331,BH03,acoustic,False,provisional_report_ticks,unknown,52.27418575705727,0.031032163541888112,,,
15480.964992041632,0.5876376640022861,3.0190382349652034,3.0756966508964885,78.98544267230209,0.6086956521739131,1.0,8,0.08695652173913043,1.287249810711242,0.36186215218123,0.5095108695652174,0.15217391304347827,,unclassified_planar_candidate,dark_ridge,332,BH03,acoustic,False,provisional_report_ticks,unknown,52.36773211443439,0.010984630896058884,,,
15517.867063956737,-4.369081769015504,3.723798869229392,5.74069277377023,139.55881344824877,0.9510869565217391,1.0,8,0.016304347826086956,0.938655849243612,0.684221356492865,0.6440217391304348,0.4945652173913043,,unclassified_planar_candidate,dark_ridge,333,BH03,acoustic,False,provisional_report_ticks,unknown,52.49952522841691,0.020502474192036532,,,
15531.162970142275,-4.88852355117194,4.2311115109936726,6.4652894079713,139.12317937087863,0.7228260869565217,1.0,7,0.18478260869565216,0.8655091260237103,0.3107877699844515,0.3519021739130435,0.2608695652173913,,unclassified_planar_candidate,dark_ridge,334,BH03,acoustic,False,provisional_report_ticks,unknown,52.54701060765097,0.023090319314183205,,,
15554.493214314254,-1.172018763972905,-4.140098356535444,4.302794717958557,254.19373431292468,0.5108695652173914,1.0,7,0.25,1.3060835625940346,0.17515472681285799,0.3532608695652174,0.1793478260869565,,unclassified_planar_candidate,dark_ridge,335,BH03,acoustic,False,provisional_report_ticks,unknown,52.63033290826518,0.015367123992709128,,,
15568.254855771052,7.415045930884425,3.8402823976837692,8.350489509668607,27.379822462369397,0.6358695652173914,1.0,7,0.08695652173913043,0.9955183738984967,0.37020594271575363,0.4442934782608696,0.24456521739130435,,unclassified_planar_candidate,dark_ridge,336,BH03,acoustic,False,provisional_report_ticks,unknown,52.679481627753745,0.029823176820245018,,,
15582.693882790438,-6.756003924662911,4.7444387348318084,8.255500465667307,144.92135208484848,0.5597826086956522,1.0,7,0.07608695652173914,1.1280460972145328,0.2132522178718658,0.3002717391304348,0.21739130434782608,,unclassified_planar_candidate,dark_ridge,337,BH03,acoustic,False,provisional_report_ticks,unknown,52.73104958139441,0.029483930234526088,,,
15605.67653092254,3.3726577564844136,-4.035001727338477,5.25890285915218,309.89057721838634,0.5815217391304348,1.0,7,0.059782608695652176,1.065800054033341,0.26141456242945166,0.3410326086956522,0.20652173913043478,,unclassified_planar_candidate,dark_ridge,338,BH03,acoustic,False,provisional_report_ticks,unknown,52.813130467580486,0.018781795925543493,,,
15606.940132494654,1.057904516426263,3.491208119778076,3.647971505025698,73.14216246870433,0.6195652173913043,1.0,7,0.125,1.1760801829352086,0.28567623584871166,0.389945652173913,0.18478260869565216,,unclassified_planar_candidate,dark_ridge,339,BH03,acoustic,False,provisional_report_ticks,unknown,52.817643330338036,0.01302846966080606,,,
15618.710658767379,-8.191483059719335,-4.239659234165148,9.223616706016715,207.36469152631125,0.6630434782608695,1.0,8,0.059782608695652176,1.024716780232334,0.4261699105827428,0.4809782608695652,0.22282608695652173,,unclassified_planar_candidate,dark_ridge,340,BH03,acoustic,False,provisional_report_ticks,unknown,52.8596809241692,0.032941488235773975,,,
15639.997185514148,-9.22126991446944,-0.882963517271107,9.26344662684095,185.46956273066547,0.5,1.0,6,0.2608695652173913,0.9878953072320571,0.17845459324221558,0.33559782608695654,0.33152173913043476,,unclassified_planar_candidate,dark_ridge,341,BH03,acoustic,False,provisional_report_ticks,unknown,52.93570423397909,0.033083737953003386,,,
15661.583662592473,-8.031397605973249,6.703620493696758,10.461447090567537,140.14903425525796,0.7119565217391305,1.0,8,0.09782608695652174,1.2442184932755622,0.4242527463696293,0.6508152173913044,0.33152173913043476,,unclassified_planar_candidate,dark_ridge,342,BH03,acoustic,False,provisional_report_ticks,unknown,53.0127987949731,0.037362311037741194,,,
15662.142643306719,15.216579355044033,-1.2842032997060915,15.270673376879236,355.17595381218814,0.592391304347826,1.0,7,0.20108695652173914,1.2950431269888854,0.29398578854016305,0.47826086956521735,0.30434782608695654,,unclassified_planar_candidate,dark_ridge,343,BH03,acoustic,False,provisional_report_ticks,unknown,53.01479515466684,0.05453811920314011,,,
15699.154754196517,3.355632573785944,-3.011174102783166,4.508596172593559,318.0968105740783,0.6521739130434783,1.0,7,0.16304347826086957,0.8216314559344076,0.3485247672102512,0.41983695652173914,0.20108695652173914,,unclassified_planar_candidate,dark_ridge,344,BH03,acoustic,False,provisional_report_ticks,unknown,53.146981264987545,0.016102129187834133,,,
15723.394650569591,-9.025296814444765,-0.33734528301979616,9.031599217680252,182.14059079177434,0.7445652173913043,1.0,8,0.03804347826086957,0.5403420248784488,0.5981852053076084,0.5543478260869565,0.22826086956521738,,unclassified_planar_candidate,dark_ridge,345,BH03,acoustic,False,provisional_report_ticks,unknown,53.23355232346281,0.032255711491715175,,,
15776.12381644803,-10.339136747316159,-1.387202119142633,10.43178212958156,187.64173910087138,0.9619565217391305,1.0,8,0.005434782608695652,0.7417230670878456,0.7471594579548174,0.892663043478261,1.0,,unclassified_planar_candidate,dark_ridge,346,BH03,acoustic,False,provisional_report_ticks,unknown,53.42187077302866,0.03725636474850556,,,
15839.68436324251,-1.081903257136093,-6.937921017460759,7.021770624445478,261.1366489904331,0.6793478260869565,1.0,7,0.1358695652173913,1.1600681896202094,0.394446389486823,0.4945652173913043,0.25,,unclassified_planar_candidate,dark_ridge,347,BH03,acoustic,False,provisional_report_ticks,unknown,53.64887272586609,0.02507775223016241,,,
15871.167398244947,-11.369830938083172,-1.48665645929158,11.46661253328753,187.4494187506371,0.5597826086956522,1.0,7,0.14673913043478262,1.032013739375426,0.234635814029377,0.34646739130434784,0.25,,unclassified_planar_candidate,dark_ridge,348,BH03,acoustic,False,provisional_report_ticks,unknown,53.761312136589076,0.04095218761888402,,,
15900.718625647076,-11.724130371593192,11.160327659385468,16.186665698498818,136.41130641504668,0.5652173913043478,1.0,8,0.11413043478260869,1.2429890764921037,0.24904403782616769,0.37635869565217384,0.22282608695652173,,unclassified_planar_candidate,dark_ridge,349,BH03,acoustic,False,provisional_report_ticks,unknown,53.86685223445383,0.057809520351781475,,,
15933.17233221117,6.97435686013823,-13.95151979317433,15.597645916993127,296.5604414254885,0.5217391304347826,1.0,7,0.09782608695652174,0.9038933780060671,0.2640268479015349,0.37907608695652173,0.29347826086956524,,unclassified_planar_candidate,dark_ridge,350,BH03,acoustic,False,provisional_report_ticks,unknown,53.98275832932559,0.05570587827497544,,,
15964.722364330253,-6.068725686400001,-9.737438407103408,11.473758677473729,238.06733886222753,0.625,1.0,8,0.10326086956521739,1.2119825109257198,0.3396192884999147,0.4538043478260869,0.20652173913043478,,unclassified_planar_candidate,dark_ridge,351,BH03,acoustic,False,provisional_report_ticks,unknown,54.09543701546517,0.040977709562406164,,,
15973.142429404104,-4.232792369541187,2.865332531707456,5.111424631245887,145.9044864691051,0.5217391304347826,1.0,6,0.10869565217391304,0.8257652886600186,0.2245461971637045,0.3179347826086957,0.16847826086956522,,unclassified_planar_candidate,dark_ridge,352,BH03,acoustic,False,provisional_report_ticks,unknown,54.12550867644322,0.018255087968735307,,,
16002.053945802876,-10.250342550421664,0.7488854703307243,10.2776627619638,175.82141993159456,0.7880434782608695,1.0,8,0.09782608695652174,1.3333189886065309,0.45585083130774856,0.6440217391304347,0.3858695652173913,,unclassified_planar_candidate,dark_ridge,353,BH03,acoustic,False,provisional_report_ticks,unknown,54.22876409215311,0.03670593843558499,,,
16013.149537516481,3.41921652622591,-1.013003185953039,3.5661207365942316,343.49714838851156,0.592391304347826,1.0,7,0.11413043478260869,1.1975653717237995,0.28413304312998666,0.40353260869565216,0.18478260869565216,,unclassified_planar_candidate,dark_ridge,354,BH03,acoustic,False,provisional_report_ticks,unknown,54.26839120541599,0.012736145487836538,,,
16054.232342412524,-3.5877258337875895,-4.1518961361399125,5.487259624231425,229.16913215720646,0.5760869565217391,1.0,7,0.15760869565217392,1.316851230330769,0.2652619462886132,0.42391304347826086,0.2554347826086957,,unclassified_planar_candidate,dark_ridge,355,BH03,acoustic,False,provisional_report_ticks,unknown,54.41511550861615,0.01959735580082651,,,
16101.906694397432,1.844994752208731,-5.5796495781765945,5.876775906134587,288.29724234046,0.5706521739130435,1.0,6,0.1358695652173913,1.0290218656172254,0.3004857413264886,0.42934782608695654,0.3532608695652174,,unclassified_planar_candidate,dark_ridge,356,BH03,acoustic,False,provisional_report_ticks,unknown,54.58538105141938,0.020988485379052093,,,
16113.80079556154,-33.69249340099342,27.26871171915848,43.344743053784,141.01533880495532,0.5652173913043478,1.0,6,0.19021739130434784,1.0972253758626478,0.2812639690713749,0.4429347826086956,0.21195652173913043,,unclassified_planar_candidate,dark_ridge,357,BH03,acoustic,False,provisional_report_ticks,unknown,54.62785998414834,0.15480265376351424,,,
16132.8780635654,-10.089550020886607,5.245788050417944,11.371776989278352,152.5290459892875,0.7010869565217391,1.0,7,0.07065217391304347,1.0259494095413153,0.4628377626861812,0.5516304347826086,0.22826086956521738,,unclassified_planar_candidate,dark_ridge,358,BH03,acoustic,False,provisional_report_ticks,unknown,54.695993084162126,0.040613489247422675,,,
16146.719507040223,3.045573397076281,-3.4285431767562566,4.585894201991651,311.61467141332463,0.6902173913043478,1.0,7,0.14673913043478262,0.9416400638499333,0.4080646502397555,0.4741847826086956,0.27717391304347827,,unclassified_planar_candidate,dark_ridge,359,BH03,acoustic,False,provisional_report_ticks,unknown,54.74542681085792,0.016378193578541606,,,
16176.390069995205,-9.121683745481652,6.16656770798689,11.010525493806863,145.9399723566327,0.657608695652174,1.0,7,0.1358695652173913,1.2252819542866236,0.3038176572108457,0.40217391304347827,0.30978260869565216,,unclassified_planar_candidate,dark_ridge,360,BH03,acoustic,False,provisional_report_ticks,unknown,54.851393107125716,0.039323305335024504,,,
16188.42570918762,-3.2165185296793677,-8.08223645445372,8.69876643883898,248.29873923299596,0.6141304347826086,1.0,7,0.16304347826086957,0.9661783351652085,0.32085316082021914,0.4307065217391304,0.18478260869565216,,unclassified_planar_candidate,dark_ridge,361,BH03,acoustic,False,provisional_report_ticks,unknown,54.89437753281292,0.031067022995853493,,,
16197.001094611534,-5.140885898022115,1.05551674662231,5.248125705324025,168.39738603758963,0.7391304347826086,1.0,8,0.05434782608695652,1.1198980334106712,0.48120559164578025,0.6304347826086956,0.20652173913043478,,unclassified_planar_candidate,dark_ridge,362,BH03,acoustic,False,provisional_report_ticks,unknown,54.9250039093269,0.018743306090442943,,,
16223.494908073262,-4.2413648911433945,1.9507375594337522,4.6684636836554025,155.3008064676043,0.6956521739130435,1.0,8,0.07608695652173914,0.7209926049635255,0.5012956324713362,0.49592391304347827,0.24456521739130435,,unclassified_planar_candidate,dark_ridge,363,BH03,acoustic,False,provisional_report_ticks,unknown,55.01962467169021,0.016673084584483577,,,
16235.65731028081,-11.491096024941085,-8.869068435266364,14.515704005106157,217.66171146118182,0.7010869565217391,1.0,8,0.059782608695652176,1.2390708498555758,0.4361403721499128,0.5054347826086957,0.25,,unclassified_planar_candidate,dark_ridge,364,BH03,acoustic,False,provisional_report_ticks,unknown,55.06306182243145,0.05184180001823626,,,
16240.771537497183,-4.275546135153062,-1.2463554445907612,4.453503861914046,196.2518204905848,0.6413043478260869,1.0,6,0.18478260869565216,1.0723430203224533,0.301088992207437,0.4116847826086956,0.41847826086956524,,unclassified_planar_candidate,dark_ridge,365,BH03,acoustic,False,provisional_report_ticks,unknown,55.08132691963278,0.015905370935407306,,,
16283.572845153938,-3.6710964072088244,-1.2900017358107876,3.89115064080233,199.36117596174338,0.7391304347826086,1.0,8,0.11956521739130435,0.979566276321063,0.4694739875929537,0.5747282608695652,0.391304347826087,,unclassified_planar_candidate,dark_ridge,366,BH03,acoustic,False,provisional_report_ticks,unknown,55.23418873269262,0.013896966574294033,,,
16309.988783388286,-5.748763269434236,4.027713796998648,7.0193131828213415,144.98404343216885,0.6467391304347826,1.0,6,0.1793478260869565,1.0669761084208185,0.3719012607255295,0.5067934782608696,0.28804347826086957,,unclassified_planar_candidate,dark_ridge,367,BH03,acoustic,False,provisional_report_ticks,unknown,55.32853136924386,0.025068975652933357,,,
16330.323124468416,-6.314553473852724,5.135708872363286,8.139354470461186,140.8780913724467,0.8532608695652174,1.0,8,0.043478260869565216,1.09076431159841,0.5673778366028625,0.7282608695652174,0.5054347826086957,,unclassified_planar_candidate,dark_ridge,368,BH03,acoustic,False,provisional_report_ticks,unknown,55.40115401595861,0.02906912310878994,,,
16350.778040798505,-2.8359582691953853,-15.096183196708727,15.360254112911305,259.36045931399076,0.9130434782608695,1.0,8,0.03804347826086957,0.9561064010440611,0.6386108957451591,0.7269021739130435,0.3967391304347826,,unclassified_planar_candidate,dark_ridge,369,BH03,acoustic,False,provisional_report_ticks,unknown,55.47420728856607,0.05485805040325464,,,
16355.038101732604,-6.982264474904081,1.5679852316623242,7.156157829744863,167.34323978699484,0.5434782608695652,1.0,7,0.18478260869565216,1.3577993265972463,0.19984197664571926,0.3546195652173913,0.21739130434782608,,unclassified_planar_candidate,dark_ridge,370,BH03,acoustic,False,provisional_report_ticks,unknown,55.48942179190214,0.025557706534803076,,,
16361.674516256733,-16.72217357992543,-1.7175176765786901,16.8101444433567,185.86422888475445,0.5543478260869565,1.0,7,0.11956521739130435,1.059548320278684,0.25433670410000725,0.37092391304347827,0.20108695652173914,,unclassified_planar_candidate,dark_ridge,371,BH03,acoustic,False,provisional_report_ticks,unknown,55.51312327234546,0.06003623015484535,,,
16368.905334535284,-1.60342024618267,4.170135765649984,4.467772240146275,111.03178813080835,0.6086956521739131,1.0,6,0.13043478260869565,1.3164724502762506,0.28749965479144196,0.4211956521739131,0.21195652173913043,,unclassified_planar_candidate,dark_ridge,372,BH03,acoustic,False,provisional_report_ticks,unknown,55.538947623340285,0.015956329429093835,,,
16399.28802001075,-7.96597710014138,1.6806757446369534,8.141342771225633,168.086357560657,0.5380434782608695,1.0,7,0.11413043478260869,0.8555134918184438,0.26488659179408147,0.3695652173913043,0.27717391304347827,,unclassified_planar_candidate,dark_ridge,373,BH03,acoustic,False,provisional_report_ticks,unknown,55.64745721432409,0.029076224182948678,,,
16428.586115880124,5.958006519478787,-1.1145197397633386,6.061352649077091,349.4045608670168,0.6304347826086957,1.0,6,0.20652173913043478,0.9575685193956142,0.30723134916310957,0.42255434782608703,0.31521739130434784,,unclassified_planar_candidate,dark_ridge,374,BH03,acoustic,False,provisional_report_ticks,unknown,55.752093271000426,0.021647688032418178,,,
16433.064939230615,-11.457512625377923,16.475720257433302,20.0679832958345,124.81544698340433,0.5380434782608695,1.0,6,0.1358695652173913,1.322940366031866,0.19915889361155245,0.33288043478260865,0.23369565217391305,,unclassified_planar_candidate,dark_ridge,375,BH03,acoustic,False,provisional_report_ticks,unknown,55.76808906868075,0.07167136891369463,,,
16443.552886753092,-4.347305243024014,2.317269682975897,4.926337550316999,151.94078326167914,0.7010869565217391,1.0,8,0.06521739130434782,0.6432322756625575,0.5015828862516579,0.4741847826086957,0.22826086956521738,,unclassified_planar_candidate,dark_ridge,376,BH03,acoustic,False,provisional_report_ticks,unknown,55.80554602411817,0.017594062679703565,,,
16469.312525328958,2.986655524748548,-3.0263501076832413,4.25192970282734,314.62177001424567,0.7010869565217391,1.0,7,0.16304347826086957,1.2184978707900982,0.39091213404115854,0.5190217391304348,0.30978260869565216,,unclassified_planar_candidate,dark_ridge,377,BH03,acoustic,False,provisional_report_ticks,unknown,55.897544733317694,0.015185463224383354,,,
16498.442330604415,-5.017383658159662,-1.5865171258380468,5.262240526975657,197.54716627009927,0.6956521739130435,1.0,8,0.1358695652173913,1.0502290628786046,0.4235797786166871,0.53125,0.2826086956521739,,unclassified_planar_candidate,dark_ridge,378,BH03,acoustic,False,provisional_report_ticks,unknown,56.00157975215861,0.0187937161677702,,,
16512.41939610391,6.297814192193623,-4.24092515426772,7.592622061152267,326.043818843113,0.7228260869565217,1.0,7,0.07065217391304347,1.1860423563989406,0.4523919709274577,0.5326086956521738,0.3695652173913043,,unclassified_planar_candidate,dark_ridge,379,BH03,acoustic,False,provisional_report_ticks,unknown,56.05149784322823,0.027116507361258087,,,
16548.535301272506,1.4699657203566947,-3.2049490046503126,3.525974665455327,294.63879113635704,0.6413043478260869,1.0,8,0.09782608695652174,1.06994785671659,0.35988485164464895,0.4442934782608695,0.22826086956521738,,unclassified_planar_candidate,dark_ridge,380,BH03,acoustic,False,provisional_report_ticks,unknown,56.18048321883036,0.01259276666234045,,,
16554.059596312352,-4.657694338795543,-11.499526541977714,12.406983003264653,247.95039995431438,0.6684782608695652,1.0,7,0.07608695652173914,1.0822340248124407,0.38143342403498,0.4429347826086957,0.23369565217391305,,unclassified_planar_candidate,dark_ridge,381,BH03,acoustic,False,provisional_report_ticks,unknown,56.20021284397267,0.044310653583088035,,,
16589.60692775672,-11.944896779218837,-5.602507471881807,13.193507836761384,205.1279569213581,0.5706521739130435,1.0,8,0.11413043478260869,1.1439818100861463,0.3058459328976458,0.4429347826086957,0.20108695652173914,,unclassified_planar_candidate,dark_ridge,382,BH03,acoustic,False,provisional_report_ticks,unknown,56.32716759913112,0.04711967084557636,,,
16596.805550544068,-0.9265907522866166,0.05912886678794847,0.9284754413072567,176.34871476421173,0.532608695652174,1.0,6,0.24456521739130435,0.7312919963553212,0.2347700078699707,0.3722826086956522,0.28804347826086957,near_horizontal_check_acquisition_artifact,unclassified_planar_candidate,dark_ridge,383,BH03,acoustic,False,provisional_report_ticks,unknown,56.3528769662288,0.0033159837189544873,,,
16626.8406359579,-10.824785910683882,0.9619311270110761,10.867442270619756,174.9218208992405,0.782608695652174,1.0,8,0.07608695652173914,1.0170449266470607,0.5151615417818811,0.5842391304347827,0.33152173913043476,,unclassified_planar_candidate,dark_ridge,384,BH03,acoustic,False,provisional_report_ticks,unknown,56.46014512842105,0.03881229382364198,,,
16642.272829843212,-2.484505340685601,-6.311637720589517,6.783033060796896,248.51347749754584,0.6086956521739131,1.0,8,0.14130434782608695,1.0639754652838225,0.23511342246994543,0.32065217391304346,0.18478260869565216,,unclassified_planar_candidate,dark_ridge,385,BH03,acoustic,False,provisional_report_ticks,unknown,56.515260106582886,0.02422511807427462,,,
16661.880141807345,3.2100518744263797,3.8263922654173004,4.994568130014211,50.00590946061991,0.6521739130434783,1.0,7,0.22282608695652173,0.9356534201916639,0.352900405497226,0.47554347826086957,0.2608695652173913,,unclassified_planar_candidate,dark_ridge,386,BH03,acoustic,False,provisional_report_ticks,unknown,56.58528622074051,0.017837743321479322,,,
16723.852347074942,-9.013624285113055,6.497277903793692,11.11125748564516,144.21485950956466,0.6304347826086957,1.0,8,0.11413043478260869,1.1077886607496679,0.30946768827954385,0.4008152173913044,0.2391304347826087,,unclassified_planar_candidate,dark_ridge,387,BH03,acoustic,False,provisional_report_ticks,unknown,56.80661552526764,0.0396830624487327,,,
16725.455650416883,-11.458012959533656,-6.072439441615918,12.967674492866246,207.92238953941722,0.6195652173913043,1.0,7,0.15760869565217392,1.144974012574309,0.2953255075136042,0.41440217391304346,0.19021739130434784,,unclassified_planar_candidate,dark_ridge,388,BH03,acoustic,False,provisional_report_ticks,unknown,56.81234160863171,0.04631312318880801,,,
16763.06952540992,6.9805689981146015,7.443957906597142,10.204942569785917,46.839998018671295,0.5163043478260869,1.0,7,0.10869565217391304,1.1531031996567014,0.18220864413691154,0.29076086956521735,0.22282608695652173,,unclassified_planar_candidate,dark_ridge,389,BH03,acoustic,False,provisional_report_ticks,unknown,56.94667687646398,0.036446223463521124,,,
16766.808014462673,-8.934112626558118,2.594283067236614,9.303153930628893,163.8077865963386,0.6630434782608695,1.0,7,0.125,1.2979781299523308,0.31707525910995166,0.42119565217391297,0.34782608695652173,,unclassified_planar_candidate,dark_ridge,390,BH03,acoustic,False,provisional_report_ticks,unknown,56.96002862308096,0.033225549752246036,,,
16783.266586153353,4.015825594044092,11.207407124786391,11.905159791556446,70.28643925550747,0.6086956521739131,1.0,7,0.07608695652173914,1.294610900462904,0.28884333112662613,0.39538043478260876,0.24456521739130435,,unclassified_planar_candidate,dark_ridge,391,BH03,acoustic,False,provisional_report_ticks,unknown,57.01880923626196,0.042518427826987296,,,
16788.891305052726,0.869258987567866,1.9774868756302517,2.1601077590614333,66.2707836376139,0.6304347826086957,1.0,7,0.16847826086956522,1.0278530988383745,0.2730440663825538,0.36684782608695654,0.29891304347826086,,unclassified_planar_candidate,dark_ridge,392,BH03,acoustic,False,provisional_report_ticks,unknown,57.03889751804544,0.007714670568076545,,,
16805.392623508134,-0.6645718735309392,2.8085802384509844,2.886135605079188,103.31258941231198,0.6086956521739131,1.0,7,0.09239130434782608,1.0779309237703538,0.2850843974060175,0.3695652173913044,0.16304347826086957,,unclassified_planar_candidate,dark_ridge,393,BH03,acoustic,False,provisional_report_ticks,unknown,57.09783079824332,0.010307627160997097,,,
16812.82117916933,-12.162441202291296,4.705093892851237,13.040816099452478,158.8508184799763,0.6413043478260869,1.0,8,0.05434782608695652,1.149307536322537,0.3415403880289528,0.4130434782608695,0.17391304347826086,,unclassified_planar_candidate,dark_ridge,394,BH03,acoustic,False,provisional_report_ticks,unknown,57.12436135417616,0.04657434321233026,,,
16819.12286084864,1.0509018770004568,-0.8244593016533904,1.3357125046827552,321.8849120398181,0.592391304347826,1.0,8,0.09239130434782608,1.0863446050231467,0.17088513938410946,0.22826086956521735,0.16304347826086957,near_horizontal_check_acquisition_artifact,unclassified_planar_candidate,dark_ridge,395,BH03,acoustic,False,provisional_report_ticks,unknown,57.14686736017371,0.00477040180243841,,,
16835.95280339817,-5.00786545261184,-0.5211787246800601,5.034912477344798,185.94149893605362,0.6739130434782609,1.0,6,0.09782608695652174,1.0574751329891579,0.34840337888260214,0.4076086956521739,0.3967391304347826,,unclassified_planar_candidate,dark_ridge,396,BH03,acoustic,False,provisional_report_ticks,unknown,57.20697429785059,0.017981830276231417,,,
16857.316127320963,-10.018966052554568,-1.6816706200046796,10.15911890059506,189.52820572433808,0.6956521739130435,1.0,6,0.11956521739130435,1.2078614681557693,0.3438302967539585,0.4198369565217391,0.2717391304347826,,unclassified_planar_candidate,dark_ridge,397,BH03,acoustic,False,provisional_report_ticks,unknown,57.28327188328914,0.036282567502125204,,,
16857.66810645289,-8.251013321671147,12.398008319662996,14.89260995020106,123.64420974954476,0.6032608695652174,1.0,7,0.20652173913043478,1.1216824098557643,0.21747957875472848,0.33016304347826086,0.1793478260869565,,unclassified_planar_candidate,dark_ridge,398,BH03,acoustic,False,provisional_report_ticks,unknown,57.284528951617446,0.053187892679289486,,,
16862.971488912255,-4.1011142935269085,-6.578905577317664,7.752492311755761,238.06168687289488,0.6956521739130435,1.0,7,0.15760869565217392,1.2500481858325119,0.3275290212433359,0.42391304347826086,0.28804347826086957,,unclassified_planar_candidate,dark_ridge,399,BH03,acoustic,False,provisional_report_ticks,unknown,57.30346960325804,0.027687472541984854,,,
16895.26764624828,-5.763210103423573,5.11748860177378,7.707352352493566,138.3962685636843,0.6086956521739131,1.0,7,0.10869565217391304,0.9270977985498151,0.33228109181215243,0.41711956521739135,0.3967391304347826,,unclassified_planar_candidate,dark_ridge,400,BH03,acoustic,False,provisional_report_ticks,unknown,57.41881302231528,0.02752625840176273,,,
16903.166607983832,-12.806738185146981,-2.2787055454970355,13.007883836580827,190.0890636158148,0.6413043478260869,1.0,7,0.18478260869565216,1.0856926816857382,0.3482269279945737,0.47826086956521735,0.23369565217391305,,unclassified_planar_candidate,dark_ridge,401,BH03,acoustic,False,provisional_report_ticks,unknown,57.44702359994224,0.04645672798778866,,,
16942.73461429347,-5.437612343623123,8.340779271945145,9.956717675159437,123.10157510133396,0.657608695652174,1.0,7,0.10869565217391304,1.183813989784161,0.34886265919357873,0.4415760869565218,0.47282608695652173,,unclassified_planar_candidate,dark_ridge,402,BH03,acoustic,False,provisional_report_ticks,unknown,57.588337908190944,0.03555970598271226,,,
16970.25812395033,6.728094062510814,-2.6599660946708585,7.234823379930695,338.4285312961854,0.6358695652173914,1.0,6,0.16847826086956522,1.0204775016609413,0.32515594478159054,0.4320652173913044,0.32065217391304346,,unclassified_planar_candidate,dark_ridge,403,BH03,acoustic,False,provisional_report_ticks,unknown,57.68663615696545,0.025838654928323906,,,
16983.891265232032,-0.17003765601382723,11.080133237314485,11.081437874260896,90.87920200500275,0.6847826086956522,1.0,7,0.05434782608695652,1.2729483073575092,0.42249760467095915,0.4986413043478261,0.30978260869565216,,unclassified_planar_candidate,dark_ridge,404,BH03,acoustic,False,provisional_report_ticks,unknown,57.735325947257245,0.039576563836646046,,,
16990.266220501057,-7.408451482619129,2.5733761885255793,7.842666534922418,160.84498040024678,0.5434782608695652,1.0,6,0.2554347826086957,1.2576266542553718,0.1402744992312009,0.2635869565217391,0.20652173913043478,,unclassified_planar_candidate,dark_ridge,405,BH03,acoustic,False,provisional_report_ticks,unknown,57.758093644646614,0.028009523339008628,,,
17020.831064309816,6.76120437055807,9.883241064898058,11.974654002823666,55.62365629480375,0.8206521739130435,1.0,8,0.021739130434782608,0.9151734339044758,0.5917372134702437,0.6399456521739131,0.6521739130434783,,unclassified_planar_candidate,dark_ridge,406,BH03,acoustic,False,provisional_report_ticks,unknown,57.86725380110647,0.042766621438655936,,,
17023.368307136763,1.1664998186426103,3.2802574737718753,3.4814955006619623,70.42398922959656,0.6739130434782609,1.0,8,0.09239130434782608,1.2683984156450212,0.40075876787057285,0.5040760869565217,0.16847826086956522,,unclassified_planar_candidate,dark_ridge,407,BH03,acoustic,False,provisional_report_ticks,unknown,57.87631538263128,0.012433912502364149,,,
17060.974515868194,9.290671426612455,0.665765342272504,9.314495104311577,4.0987835357902105,0.592391304347826,1.0,6,0.17391304347826086,1.088884946265007,0.3293095898118341,0.48369565217391297,0.29891304347826086,,unclassified_planar_candidate,dark_ridge,408,BH03,acoustic,False,provisional_report_ticks,unknown,58.01062327095782,0.033266053943969906,,,
17092.20153166974,-2.4727036546632224,-5.186929718120545,5.746172923303556,244.51201391095367,0.5597826086956522,1.0,6,0.1793478260869565,1.3438254088619674,0.26321218715151545,0.44836956521739135,0.33695652173913043,,unclassified_planar_candidate,dark_ridge,409,BH03,acoustic,False,provisional_report_ticks,unknown,58.12214832739191,0.02052204615465555,,,
17120.301739833776,-1.7167606832332654,1.3131145986618349,2.1613739132122376,142.58837650833095,0.8478260869565217,1.0,8,0.03260869565217391,0.8150744662314533,0.6250501162751858,0.7336956521739131,0.3695652173913043,,unclassified_planar_candidate,dark_ridge,410,BH03,acoustic,False,provisional_report_ticks,unknown,58.22250621369204,0.0077191925471865605,,,
17131.411410821132,-13.468590936099503,0.9941997979649432,13.505235097629926,175.77830165834206,0.5543478260869565,1.0,6,0.10869565217391304,1.1486051997477833,0.19135032661193443,0.28396739130434784,0.16304347826086957,,unclassified_planar_candidate,dark_ridge,411,BH03,acoustic,False,provisional_report_ticks,unknown,58.26218361007545,0.04823298249153544,,,
17149.248089269982,-4.480876299641748,-2.7470530750578543,5.255906487931072,211.51086142996888,0.717391304347826,1.0,8,0.07608695652173914,1.1090084258521002,0.4505080391204359,0.4918478260869565,0.21195652173913043,,unclassified_planar_candidate,dark_ridge,412,BH03,acoustic,False,provisional_report_ticks,unknown,58.32588603310706,0.01877109459975382,,,
17172.626292494806,-6.314390916265442,-1.9977282123476852,6.622873292901307,197.5561747400847,0.7608695652173914,1.0,7,0.09239130434782608,0.9928390987903685,0.4959988620790188,0.5584239130434783,0.3641304347826087,,unclassified_planar_candidate,dark_ridge,413,BH03,acoustic,False,provisional_report_ticks,unknown,58.40937961605286,0.02365311890321895,,,
17192.466961161117,-7.622568913987103,-6.539236680513,10.043165497603294,220.62557795358126,0.6086956521739131,1.0,7,0.125,0.8789631549295389,0.3649506865264564,0.45923913043478265,0.5054347826086957,,unclassified_planar_candidate,dark_ridge,414,BH03,acoustic,False,provisional_report_ticks,unknown,58.48023914700397,0.03586844820572604,,,
17224.683744933143,-10.329919275164384,-3.9801543685430096,11.070178906812874,201.0718500595617,0.6902173913043478,1.0,8,0.07065217391304347,1.0036597599646877,0.45906010692979415,0.5095108695652173,0.21195652173913043,,unclassified_planar_candidate,dark_ridge,415,BH03,acoustic,False,provisional_report_ticks,unknown,58.595299089046925,0.03953635323861739,,,
17230.510994670694,5.2202812245980414,0.5659668245482038,5.250871785749487,6.187663869790351,0.5163043478260869,1.0,6,0.20652173913043478,1.2523903019458362,0.175262431087925,0.3247282608695652,0.22282608695652173,,unclassified_planar_candidate,dark_ridge,416,BH03,acoustic,False,provisional_report_ticks,unknown,58.616110695252466,0.018753113520533878,,,
17247.062588896235,11.360843447901656,5.118267516005922,12.460554811609772,24.252434568255726,0.5271739130434783,1.0,7,0.1956521739130435,1.2611296700987105,0.2050935757460389,0.36820652173913043,0.1793478260869565,,unclassified_planar_candidate,dark_ridge,417,BH03,acoustic,False,provisional_report_ticks,unknown,58.675223531772254,0.04450198147003489,,,
17294.698548347464,2.23627137794656,0.5140854083152077,2.2946009419647724,12.946510344845564,0.5815217391304348,1.0,8,0.07608695652173914,1.272600225740719,0.3515355907474453,0.5054347826086957,0.15217391304347827,,unclassified_planar_candidate,dark_ridge,418,BH03,acoustic,False,provisional_report_ticks,unknown,58.84535195838378,0.0081950033641599,,,
17343.315565155695,-1.7613355587876491,0.05627839040512655,1.76223443612829,178.16990149254437,0.5217391304347826,1.0,6,0.1793478260869565,0.8894901702608534,0.2447846949613479,0.3845108695652174,0.15217391304347827,near_horizontal_check_acquisition_artifact,unclassified_planar_candidate,dark_ridge,419,BH03,acoustic,False,provisional_report_ticks,unknown,59.018984161270325,0.006293694414743891,,,
17359.977083624155,-1.4884415353704947,-1.6912901769163202,2.252980396441503,228.65019565365137,0.6195652173913043,1.0,7,0.08695652173913043,0.9018999201779605,0.38011389809687574,0.4538043478260869,0.1793478260869565,,unclassified_planar_candidate,dark_ridge,420,BH03,acoustic,False,provisional_report_ticks,unknown,59.078489584371965,0.008046358558719652,,,
17391.900239334806,-12.34782545254244,16.08745139413025,20.279913356939133,127.5078221739243,0.5163043478260869,1.0,7,0.10326086956521739,1.231713157361938,0.24950918098086625,0.40625,0.15217391304347827,,unclassified_planar_candidate,dark_ridge,421,BH03,acoustic,False,provisional_report_ticks,unknown,59.19250085476715,0.07242826198906831,,,
17392.815747117595,-0.26635087604354113,-12.590466088236859,12.59328309489672,268.78809052773954,0.7880434782608695,1.0,8,0.08695652173913043,0.8482285107631,0.5423104636818065,0.7133152173913043,0.46195652173913043,,unclassified_planar_candidate,dark_ridge,422,BH03,acoustic,False,provisional_report_ticks,unknown,59.19577052541997,0.04497601105320256,,,
17451.30725748704,-12.918234949837629,0.9990839694646471,12.956811451790431,175.57760231243924,0.5489130434782609,1.0,6,0.1358695652173913,1.1804999613960812,0.2635013161996608,0.4116847826086957,0.24456521739130435,,unclassified_planar_candidate,dark_ridge,423,BH03,acoustic,False,provisional_report_ticks,unknown,59.404668776739406,0.04627432661353724,,,
17463.087360538295,-1.5346786323326536,-12.075902473199974,12.173029986276042,262.75733148862867,0.5869565217391305,1.0,8,0.14130434782608695,1.0607789267544865,0.2846594531240232,0.4021739130434783,0.18478260869565216,,unclassified_planar_candidate,dark_ridge,424,BH03,acoustic,False,provisional_report_ticks,unknown,59.446740573351036,0.043475107093842995,,,
17510.12884504223,5.721126832328766,-3.0710751602388684,6.493288448192361,331.7732965716257,0.5597826086956522,1.0,6,0.07608695652173914,1.190447073050373,0.3080955435574997,0.4429347826086957,0.22282608695652173,,unclassified_planar_candidate,dark_ridge,425,BH03,acoustic,False,provisional_report_ticks,unknown,59.6147458751508,0.023190315886401285,,,
17539.824541821014,-2.451394571888067,-8.580638105664708,8.92393890877047,254.0559395061677,0.7445652173913043,1.0,8,0.059782608695652176,1.195140431630949,0.47002041983279347,0.6141304347826086,0.3695652173913043,,unclassified_planar_candidate,dark_ridge,426,BH03,acoustic,False,provisional_report_ticks,unknown,59.72080193507503,0.03187121038846596,,,
17547.260618481865,0.5211797504106044,1.0024770163392291,1.129862159967517,62.53044082726371,0.5108695652173914,1.0,7,0.20652173913043478,1.067198672947963,0.2029832312131902,0.3573369565217392,0.2826086956521739,near_horizontal_check_acquisition_artifact,unclassified_planar_candidate,dark_ridge,427,BH03,acoustic,False,provisional_report_ticks,unknown,59.74735935172093,0.0040352219998839875,,,
17585.114387022113,-2.2358269355864824,-8.0676829054466,8.371763825427074,254.51015334998414,0.7065217391304348,1.0,8,0.09239130434782608,1.3313447383181856,0.411426523804038,0.5380434782608696,0.22282608695652173,,unclassified_planar_candidate,dark_ridge,428,BH03,acoustic,False,provisional_report_ticks,unknown,59.88255138222181,0.029899156519382398,,,
17593.93049169775,-3.2378609724108145,0.18742041631305298,3.243280760142739,176.68718645521446,0.5163043478260869,1.0,6,0.16847826086956522,0.9835900005966307,0.18491196582369393,0.2989130434782608,0.25,,unclassified_planar_candidate,dark_ridge,429,BH03,acoustic,False,provisional_report_ticks,unknown,59.914037470349086,0.01158314557193835,,,
17615.96573142329,1.052455933004822,-7.5738382108609645,7.646612892988284,277.91112559967814,0.5054347826086957,1.0,6,0.16304347826086957,1.2293575099237315,0.20983849894196233,0.3736413043478261,0.22826086956521738,,unclassified_planar_candidate,dark_ridge,430,BH03,acoustic,False,provisional_report_ticks,unknown,59.99273475508316,0.027309331760672437,,,
17651.127986815613,-8.587315529460128,-1.3699770668195628,8.695908530229524,189.06429546765312,0.5869565217391305,1.0,6,0.13043478260869565,1.1594113245970572,0.2685734965581458,0.3872282608695653,0.19021739130434784,,unclassified_planar_candidate,dark_ridge,431,BH03,acoustic,False,provisional_report_ticks,unknown,60.11831423862717,0.03105681617939115,,,
17657.893629844602,-1.9814239032678993,-0.22844591630089395,1.9945496286420032,186.57681034464224,0.6141304347826086,1.0,8,0.07065217391304347,0.9727418247369155,0.31287905425030427,0.37907608695652173,0.22826086956521738,near_horizontal_check_acquisition_artifact,unclassified_planar_candidate,dark_ridge,432,BH03,acoustic,False,provisional_report_ticks,unknown,60.142477249444994,0.007123391530864295,,,
17680.176792411534,-1.552502536390465,3.967884398501547,4.260794611967445,111.36877042017731,0.5597826086956522,1.0,7,0.14673913043478262,0.9341745754264725,0.2414635091987679,0.34510869565217395,0.16304347826086957,,unclassified_planar_candidate,dark_ridge,433,BH03,acoustic,False,provisional_report_ticks,unknown,60.22205997289832,0.015217123614169444,,,
17688.868973834993,7.117358744800999,-5.859793464792112,9.2192176974088,320.53502792442634,0.592391304347826,1.0,7,0.06521739130434782,1.1953522648711388,0.28286847383683356,0.3804347826086956,0.1793478260869565,,unclassified_planar_candidate,dark_ridge,434,BH03,acoustic,False,provisional_report_ticks,unknown,60.2531034779821,0.032925777490745704,,,
17708.950717751606,5.002926987620151,1.401839389901025,5.195616625438806,15.65307636639502,0.5760869565217391,1.0,7,0.10326086956521739,1.2088333740839385,0.29648100406969313,0.42934782608695654,0.23369565217391305,,unclassified_planar_candidate,dark_ridge,435,BH03,acoustic,False,provisional_report_ticks,unknown,60.32482399197001,0.018555773662281446,,,
17740.220706905406,5.775958495798732,-5.623106576477763,8.06108082800421,315.76824239267296,0.6847826086956522,1.0,7,0.07065217391304347,1.0658348890054057,0.42670767133207077,0.4782608695652174,0.24456521739130435,,unclassified_planar_candidate,dark_ridge,436,BH03,acoustic,False,provisional_report_ticks,unknown,60.436502524662146,0.02878957438572931,,,
17744.307481511558,11.116641114361784,-0.372440929171746,11.12287831054719,358.08113670265794,0.6358695652173914,1.0,7,0.10869565217391304,1.3542396432891366,0.32654588138773094,0.4524456521739131,0.18478260869565216,,unclassified_planar_candidate,dark_ridge,437,BH03,acoustic,False,provisional_report_ticks,unknown,60.45109814825555,0.03972456539481138,,,
17773.077750594843,4.595321307161322,-0.18663084810259575,4.5991095865954685,357.6743113706541,0.6195652173913043,1.0,6,0.10326086956521739,1.0949141848039725,0.34796723459257356,0.45108695652173914,0.1956521739130435,,unclassified_planar_candidate,dark_ridge,438,BH03,acoustic,False,provisional_report_ticks,unknown,60.553849109267276,0.0164253913806981,,,
17790.848928118154,-3.2321115888349192,0.5667947544939795,3.281432860261334,170.05354151370634,0.6684782608695652,1.0,8,0.08695652173913043,1.1782905197821063,0.30571626980682104,0.3709239130434782,0.2391304347826087,,unclassified_planar_candidate,dark_ridge,439,BH03,acoustic,False,provisional_report_ticks,unknown,60.61731760042196,0.011719403072361903,,,
17802.035276016555,-6.235948069390621,-0.2510545437558222,6.240999656151012,182.30543964586315,0.7989130434782609,1.0,8,0.08152173913043478,0.5241206425645522,0.6161609332024619,0.5230978260869565,0.375,,unclassified_planar_candidate,dark_ridge,440,BH03,acoustic,False,provisional_report_ticks,unknown,60.65726884291625,0.02228928448625361,,,
17871.031346121454,-7.226480910441769,0.780843347385359,7.26854474307858,173.8329427307806,0.7771739130434783,1.0,8,0.09239130434782608,1.003090417839373,0.5048991638675272,0.6426630434782609,0.4673913043478261,,unclassified_planar_candidate,dark_ridge,441,BH03,acoustic,False,provisional_report_ticks,unknown,60.90368337900517,0.02595908836813778,,,
17921.025205939673,1.760825324182676,0.6069766797852407,1.8625054394782692,19.01965968850162,0.6684782608695652,1.0,8,0.07065217391304347,1.2051337045146537,0.4157235270170337,0.5434782608695652,0.17391304347826086,near_horizontal_check_acquisition_artifact,unclassified_planar_candidate,dark_ridge,442,BH03,acoustic,False,provisional_report_ticks,unknown,61.08223287835596,0.006651805140993817,,,
17953.536739567724,9.521007072604213,5.420283580580006,10.955777004415737,29.65274229883152,0.6086956521739131,1.0,8,0.10326086956521739,1.1394320107432172,0.32871069464717073,0.4402173913043479,0.18478260869565216,,unclassified_planar_candidate,dark_ridge,443,BH03,acoustic,False,provisional_report_ticks,unknown,61.19834549845614,0.03912777501577048,,,
17979.796727921814,6.718613751643215,-1.1193316358218226,6.8112167822438945,350.5413064866183,0.8641304347826086,1.0,8,0.03260869565217391,0.677037417035049,0.6670682585023329,0.6467391304347825,0.5271739130434783,,unclassified_planar_candidate,dark_ridge,444,BH03,acoustic,False,provisional_report_ticks,unknown,61.292131171149315,0.024325774222299618,,,
18017.783146582784,-4.109905367305267,4.119481748000122,5.819059374186757,134.9333260251985,0.5597826086956522,1.0,8,0.11956521739130435,1.0631815414870611,0.2640363996828549,0.3817934782608696,0.16847826086956522,,unclassified_planar_candidate,dark_ridge,445,BH03,acoustic,False,provisional_report_ticks,unknown,61.42779695208136,0.02078235490780984,,,
18021.90174507516,7.971304914273181,-1.8709026511188518,8.18791663161511,346.7914843569539,0.657608695652174,1.0,8,0.08695652173913043,1.171201967639808,0.3787533273552043,0.4660326086956522,0.24456521739130435,,unclassified_planar_candidate,dark_ridge,446,BH03,acoustic,False,provisional_report_ticks,unknown,61.44250623241127,0.029242559398625384,,,
18079.195407303614,4.265093237439004,0.3165598639519356,4.2768248118800924,4.244772065773739,0.907608695652174,1.0,8,0.02717391304347826,0.5455569221533332,0.7361331955994515,0.6983695652173914,0.6956521739130435,,unclassified_planar_candidate,dark_ridge,447,BH03,acoustic,False,provisional_report_ticks,unknown,61.64712645465574,0.015274374328143183,,,
18089.256080433162,-5.663167239654154,4.674977163175685,7.343491993629885,140.4601307438678,0.7608695652173914,1.0,7,0.09782608695652174,1.07560307691794,0.4796130417502008,0.5217391304347827,0.32065217391304346,,unclassified_planar_candidate,dark_ridge,448,BH03,acoustic,False,provisional_report_ticks,unknown,61.68305743011842,0.026226757120106726,,,
18116.197112174115,2.581177234309453,1.786692683885669,3.139227080280745,34.69100923540123,0.5978260869565217,1.0,8,0.05434782608695652,1.16188955201776,0.36398472245023356,0.4741847826086957,0.15217391304347827,,unclassified_planar_candidate,dark_ridge,449,BH03,acoustic,False,provisional_report_ticks,unknown,61.77927540062182,0.011211525286716944,,,
18138.801482115254,3.1377995796727856,0.11969076125744546,3.1400815404261553,2.184477405932034,0.8967391304347826,1.0,8,0.08695652173913043,0.8526271664987062,0.61620774901382,0.7146739130434783,0.9130434782608695,,unclassified_planar_candidate,dark_ridge,450,BH03,acoustic,False,provisional_report_ticks,unknown,61.86000529326875,0.011214576930093409,,,
18152.8604911219,6.097303473752169,3.2067964580562456,6.889169265915329,27.741535079085335,0.8043478260869565,1.0,8,0.04891304347826087,0.9719987631498213,0.5532900815396611,0.5067934782608696,0.45108695652173914,,unclassified_planar_candidate,dark_ridge,451,BH03,acoustic,False,provisional_report_ticks,unknown,61.91021603972106,0.024604175949697597,,,
18162.9637358583,3.186927200373912,-6.484918730061926,7.225695531641994,296.1711965145634,0.6358695652173914,1.0,7,0.11413043478260869,1.1824628685795577,0.3106543677424943,0.4089673913043479,0.27717391304347827,,unclassified_planar_candidate,dark_ridge,452,BH03,acoustic,False,provisional_report_ticks,unknown,61.94629905663677,0.025806055470149972,,,
18182.394128448588,7.2375151571952525,-4.032926882747963,8.28529570336643,330.87233995044494,0.5869565217391305,1.0,7,0.07608695652173914,1.1885760840095048,0.2528514107549683,0.3464673913043479,0.16847826086956522,,unclassified_planar_candidate,dark_ridge,453,BH03,acoustic,False,provisional_report_ticks,unknown,62.015693315887795,0.02959034179773724,,,
18192.086523743306,9.675708477610973,-5.548732608643543,11.153823026475587,330.16700431824376,0.6032608695652174,1.0,6,0.1358695652173913,1.2179056795751346,0.21804127501337126,0.31385869565217395,0.20108695652173914,,unclassified_planar_candidate,dark_ridge,454,BH03,acoustic,False,provisional_report_ticks,unknown,62.05030901336894,0.0398350822374128,,,
18202.34833877105,-0.13025404890191886,-5.8677538445943345,5.86919937453201,268.7283410324434,0.7554347826086957,1.0,8,0.07608695652173914,1.1926981798782172,0.3912531853942547,0.41711956521739135,0.483695652173913,,unclassified_planar_candidate,dark_ridge,455,BH03,acoustic,False,provisional_report_ticks,unknown,62.08695835275373,0.020961426337614317,,,
18208.347033569884,3.3664123922806946,0.7240467058233893,3.443396002076254,12.13824055854891,0.7663043478260869,1.0,8,0.05434782608695652,1.0678146818207277,0.47590688004972787,0.46875,0.32065217391304346,,unclassified_planar_candidate,dark_ridge,456,BH03,acoustic,False,provisional_report_ticks,unknown,62.108382262749565,0.012297842864558046,,,
18224.268069781123,4.725525719916077,3.796073892214195,6.0614165279032415,38.77534848583745,0.7119565217391305,1.0,8,0.04891304347826087,1.160260776609701,0.4461995673191211,0.48505434782608703,0.24456521739130435,,unclassified_planar_candidate,dark_ridge,457,BH03,acoustic,False,provisional_report_ticks,unknown,62.16524310636114,0.021647916171082998,,,
18254.784899070175,4.331052011028384,-0.3746896826339825,4.347229448799012,355.0555158534811,0.5760869565217391,1.0,6,0.2717391304347826,0.9204545827613824,0.201320959662164,0.32608695652173914,0.2554347826086957,,unclassified_planar_candidate,dark_ridge,458,BH03,acoustic,False,provisional_report_ticks,unknown,62.274231782393464,0.015525819459996466,,,
18255.83379618337,7.133733098648094,13.691457171604634,15.438463246211757,62.478893542606336,0.6847826086956522,1.0,8,0.10326086956521739,1.1212922345432266,0.36974577460238395,0.43750000000000006,0.30978260869565216,,unclassified_planar_candidate,dark_ridge,459,BH03,acoustic,False,provisional_report_ticks,unknown,62.277977843512026,0.05513736873647054,,,
18278.585114319692,5.25480483563325,1.5821811583836538,5.4878293594588765,16.75664248153521,0.6521739130434783,1.0,8,0.07065217391304347,1.0672362601700944,0.37619517313028633,0.4429347826086957,0.25,,unclassified_planar_candidate,dark_ridge,460,BH03,acoustic,False,provisional_report_ticks,unknown,62.35923255114174,0.019599390569495983,,,
18313.33679975087,1.7210530596524787,-0.811280860003665,1.9026823875643155,334.76145163500735,0.6684782608695652,1.0,8,0.07065217391304347,1.0727123019220859,0.314056931173885,0.3614130434782608,0.33152173913043476,near_horizontal_check_acquisition_artifact,unclassified_planar_candidate,dark_ridge,461,BH03,acoustic,False,provisional_report_ticks,unknown,62.48334571339594,0.006795294241301125,,,
18314.229206814383,-9.447560959956572,2.090058118737272,9.675988374930757,167.52552762756883,0.5434782608695652,1.0,8,0.08695652173913043,1.3073834266218571,0.24069760176719102,0.375,0.20652173913043478,,unclassified_planar_candidate,dark_ridge,462,BH03,acoustic,False,provisional_report_ticks,unknown,62.486532881479924,0.03455710133903841,,,
18327.745653158072,2.9898258364216286,-0.08794938673429324,2.991119126140119,358.3150604002291,0.6793478260869565,1.0,7,0.08695652173913043,0.7276623566077788,0.34914018807521113,0.3586956521739131,0.391304347826087,,unclassified_planar_candidate,dark_ridge,463,BH03,acoustic,False,provisional_report_ticks,unknown,62.53480590413596,0.010682568307643279,,,
18352.15035759621,-0.4488657691228684,1.2672383751023177,1.344385948313291,109.50454467222897,0.6467391304347826,1.0,8,0.05434782608695652,0.7501755905426737,0.46463096935972975,0.48777173913043476,0.27717391304347827,near_horizontal_check_acquisition_artifact,unclassified_planar_candidate,dark_ridge,464,BH03,acoustic,False,provisional_report_ticks,unknown,62.62196556284359,0.00480137838683318,,,
18377.221480435586,5.454052001570648,-0.9411653042227095,5.534661269283733,350.2093142143566,0.8913043478260869,1.0,8,0.021739130434782608,0.948194808908975,0.6356461916920665,0.7703804347826086,0.42934782608695654,,unclassified_planar_candidate,dark_ridge,465,BH03,acoustic,False,provisional_report_ticks,unknown,62.71150528726994,0.01976664739029904,,,
18418.748695722432,0.09320281738090659,-0.2644454539340377,0.28038930663297035,,0.8206521739130435,1.0,8,0.07608695652173914,0.46047084922506537,0.650324685647926,0.6630434782608696,0.3695652173913043,near_horizontal_check_acquisition_artifact,unclassified_planar_candidate,dark_ridge,466,BH03,acoustic,False,provisional_report_ticks,unknown,62.85981677043724,0.0010013903808320367,,,
18432.64117908931,-3.599689699509171,3.4227559967310635,4.967194836717288,136.4432877852908,0.6521739130434783,1.0,8,0.09239130434782608,0.931117813560227,0.3632217608792761,0.41847826086956524,0.17391304347826086,,unclassified_planar_candidate,dark_ridge,467,BH03,acoustic,False,provisional_report_ticks,unknown,62.90943278246181,0.017739981559704594,,,
18462.278774874158,9.212251448912598,-0.954580516586792,9.261576578565842,354.0840809613145,0.6413043478260869,1.0,7,0.14673913043478262,0.9519543932051089,0.36810150978956646,0.46195652173913043,0.28804347826086957,,unclassified_planar_candidate,dark_ridge,468,BH03,acoustic,False,provisional_report_ticks,unknown,63.01528133883625,0.03307705920916371,,,
18486.34145116907,-5.826121312362918,0.984930232294095,5.908788125229768,170.40463156986965,0.8804347826086957,1.0,8,0.02717391304347826,0.42694356330106414,0.7428925246651901,0.6807065217391305,0.2717391304347826,,unclassified_planar_candidate,dark_ridge,469,BH03,acoustic,False,provisional_report_ticks,unknown,63.10121946846095,0.02110281473296345,,,
18537.967155214017,-0.5305634993360079,-0.4323983897259627,0.6844457569926747,219.1793292365742,0.7228260869565217,1.0,7,0.09782608695652174,0.8632190996295348,0.48905794552758136,0.5951086956521738,0.34782608695652173,near_horizontal_check_acquisition_artifact,unclassified_planar_candidate,dark_ridge,470,BH03,acoustic,False,provisional_report_ticks,unknown,63.28559698290719,0.0024444491321166948,,,
18558.194220947917,0.45975937726686533,-0.9162826942979828,1.0251598221032594,296.6459352094592,0.907608695652174,1.0,8,0.03804347826086957,0.8209695370611356,0.6640588641669624,0.6644021739130435,0.8967391304347826,near_horizontal_check_acquisition_artifact,unclassified_planar_candidate,dark_ridge,471,BH03,acoustic,False,provisional_report_ticks,unknown,63.35783650338539,0.003661285078940211,,,
18574.18918758947,1.0948028185117695,-10.110079679202938,10.169184054350353,276.18037693565026,0.7119565217391305,1.0,7,0.11413043478260869,1.1352061000438063,0.43200158379267795,0.5529891304347827,0.27717391304347827,,unclassified_planar_candidate,dark_ridge,472,BH03,acoustic,False,provisional_report_ticks,unknown,63.41496138424808,0.03631851447982268,,,
18603.918556658013,-0.028425443248563262,-1.31900240038968,1.31930865913084,268.7654261551156,0.7228260869565217,1.0,8,0.05434782608695652,1.1039081011007412,0.4731056968820317,0.5244565217391304,0.28804347826086957,near_horizontal_check_acquisition_artifact,unclassified_planar_candidate,dark_ridge,473,BH03,acoustic,False,provisional_report_ticks,unknown,63.521137702350025,0.004711816639752999,,,
18609.099132148942,-6.731443903500313,-0.10470334181267196,6.7322581513009645,180.8911276603109,0.7771739130434783,1.0,8,0.043478260869565216,0.9874276858323877,0.5348946582910911,0.5910326086956522,0.27717391304347827,,unclassified_planar_candidate,dark_ridge,474,BH03,acoustic,False,provisional_report_ticks,unknown,63.53963975767477,0.024043779111789152,,,
18621.383169864817,3.8918109881068124,5.182087098639685,6.480757630480929,53.09300120600461,0.6141304347826086,1.0,7,0.13043478260869565,0.950712931894224,0.3149933839952557,0.40489130434782605,0.2391304347826087,,unclassified_planar_candidate,dark_ridge,475,BH03,acoustic,False,provisional_report_ticks,unknown,63.58351132094575,0.023145562966003314,,,
18623.11484190442,-2.3839706619913335,-0.49342657470579376,2.434499106974839,191.69377723510857,0.5869565217391305,1.0,8,0.10869565217391304,1.2619277452006603,0.2940437417209868,0.42798913043478265,0.1956521739130435,,unclassified_planar_candidate,dark_ridge,476,BH03,acoustic,False,provisional_report_ticks,unknown,63.589695863944335,0.00869463966776728,,,
18656.135584265045,-2.047006739357037,-6.803652302177969,7.104922324691855,253.25509800265453,0.6956521739130435,1.0,8,0.05434782608695652,0.9600577718730852,0.43874265193852585,0.4592391304347826,0.45652173913043476,,unclassified_planar_candidate,dark_ridge,477,BH03,acoustic,False,provisional_report_ticks,unknown,63.70762708666086,0.02537472258818519,,,
18656.448866588467,5.187483223646312,6.078091532993564,7.99081841109282,49.52015897913187,0.6684782608695652,1.0,8,0.08152173913043478,0.9733081441578658,0.3799427132170158,0.4279891304347826,0.32065217391304346,,unclassified_planar_candidate,dark_ridge,478,BH03,acoustic,False,provisional_report_ticks,unknown,63.70874595210166,0.02853863718247435,,,
18661.591032873635,-6.66186705531758,-0.7629147862441605,6.705409132468779,186.53303299400304,0.6793478260869565,1.0,8,0.04891304347826087,0.9961618237629462,0.38797712377422006,0.41847826086956524,0.15760869565217392,,unclassified_planar_candidate,dark_ridge,479,BH03,acoustic,False,provisional_report_ticks,unknown,63.72711083169154,0.02394788975881706,,,
18927.36314575828,-1.2696468112149124,-0.3522085099392266,1.3175939661753941,195.50436999880515,0.842391304347826,1.0,8,0.125,0.840481352157006,0.5569930681901585,0.7894021739130435,0.8532608695652174,near_horizontal_check_acquisition_artifact,unclassified_planar_candidate,dark_ridge,480,BH03,acoustic,False,provisional_report_ticks,unknown,64.67629694913671,0.0047056927363406924,,,
18951.595091609874,-1.0357669599221595,-0.4418024453224529,1.1260562134988161,203.10048664624998,0.907608695652174,1.0,8,0.02717391304347826,0.7076261660084074,0.6974201266341885,0.8301630434782609,0.7119565217391305,near_horizontal_check_acquisition_artifact,unclassified_planar_candidate,dark_ridge,481,BH03,acoustic,False,provisional_report_ticks,unknown,64.76283961289239,0.004021629333924342,,,
18982.622768899033,4.621425312949707,-1.018430192556455,4.732311483861019,347.5722831140785,0.8967391304347826,1.0,8,0.059782608695652176,0.7064109297949888,0.6662403705923142,0.7554347826086956,0.7771739130434783,,unclassified_planar_candidate,dark_ridge,482,BH03,acoustic,False,provisional_report_ticks,unknown,64.87365274606796,0.016901112442360776,,,
18991.654392533965,-10.975198696832125,-0.44510175639323535,10.984220591762073,182.32237110747116,0.7065217391304348,1.0,7,0.09782608695652174,1.0793599586160143,0.44479760109683714,0.5625,0.32065217391304346,,unclassified_planar_candidate,dark_ridge,483,BH03,acoustic,False,provisional_report_ticks,unknown,64.90590854476415,0.0392293592562931,,,
19038.458747460056,-4.013148054221475,-3.7633919004864866,5.501679371041982,223.16048570367101,0.6141304347826086,1.0,7,0.15760869565217392,0.8702164199819977,0.382869993450736,0.4945652173913043,0.21739130434782608,,unclassified_planar_candidate,dark_ridge,484,BH03,acoustic,False,provisional_report_ticks,unknown,65.07306695521447,0.019648854896578503,,,
19161.15058244296,-7.344302792587506,2.012691890632539,7.615097645849764,164.67446878221676,0.5,1.0,7,0.24456521739130435,0.9400981845758615,0.21683223899510118,0.39266304347826086,0.2608695652173913,,unclassified_planar_candidate,dark_ridge,485,BH03,acoustic,False,provisional_report_ticks,unknown,65.51125208015341,0.027196777306606294,,,
19177.9034547463,-16.66310590227419,-10.422074237936064,19.653974909199807,212.0242529203456,0.5434782608695652,1.0,7,0.09782608695652174,1.0733832286396807,0.29345873385184273,0.4279891304347826,0.17391304347826086,,unclassified_planar_candidate,dark_ridge,486,BH03,acoustic,False,provisional_report_ticks,unknown,65.57108376695106,0.07019276753285643,,,
19201.221931370575,9.265568435534766,4.602351994232518,10.345646539119448,26.414305739877687,0.5652173913043478,1.0,6,0.09239130434782608,1.0340461551281908,0.3170135788896759,0.43614130434782605,0.2826086956521739,,unclassified_planar_candidate,dark_ridge,487,BH03,acoustic,False,provisional_report_ticks,unknown,65.65436404060918,0.036948737639712306,,,
19255.87643451809,-3.225920590888334,18.230396092248135,18.51361405395968,100.0347747807854,0.9347826086956522,1.0,8,0.021739130434782608,0.6232090328107086,0.7429277114593215,0.8627717391304348,0.907608695652174,,unclassified_planar_candidate,dark_ridge,488,BH03,acoustic,False,provisional_report_ticks,unknown,65.84955869470745,0.06612005019271314,,,
19270.738231981413,2.697166947271176,-5.398905554691607,6.035138004215977,296.54564122911063,0.6739130434782609,1.0,6,0.09239130434782608,1.2034622656320595,0.4095279083550049,0.5190217391304348,0.3695652173913043,,unclassified_planar_candidate,dark_ridge,489,BH03,acoustic,False,provisional_report_ticks,unknown,65.90263654279075,0.02155406430077134,,,
19309.67247511952,-1.7883565671619834,0.09725285766623736,1.7909989753307072,176.88725658177586,0.7336956521739131,1.0,8,0.059782608695652176,1.1603532775468683,0.46856072583275044,0.6073369565217392,0.29347826086956524,near_horizontal_check_acquisition_artifact,unclassified_planar_candidate,dark_ridge,490,BH03,acoustic,False,provisional_report_ticks,unknown,66.04168741114114,0.006396424911895381,,,
19354.075334905767,5.552026765476552,-4.220953992632347,6.974342536217086,322.75591982281685,0.657608695652174,1.0,8,0.09782608695652174,1.0766986905506801,0.4143713424359328,0.5081521739130435,0.21195652173913043,,unclassified_planar_candidate,dark_ridge,491,BH03,acoustic,False,provisional_report_ticks,unknown,66.20026905323488,0.0249083662007753,,,
19364.454734276223,-6.302173384562043,-11.534828419526466,13.144187157713391,241.34955526224385,0.8097826086956522,1.0,8,0.03260869565217391,1.0605754708084736,0.5500936096267134,0.6480978260869565,0.2391304347826087,,unclassified_planar_candidate,dark_ridge,492,BH03,acoustic,False,provisional_report_ticks,unknown,66.23733833670079,0.046943525563262097,,,
19375.87709326639,4.972367438823161,-4.559988662529264,6.746698047864913,317.47712527544104,0.592391304347826,1.0,8,0.07608695652173914,1.0502173037636695,0.3364050141863351,0.43614130434782605,0.1793478260869565,,unclassified_planar_candidate,dark_ridge,493,BH03,acoustic,False,provisional_report_ticks,unknown,66.27813247595138,0.024095350170946113,,,
19396.728119753887,-0.07179825385274098,-1.7240964101474239,1.725590745437497,267.6153529900599,0.6521739130434783,1.0,7,0.13043478260869565,0.7993757763183085,0.31285430955309057,0.360054347826087,0.28804347826086957,near_horizontal_check_acquisition_artifact,unclassified_planar_candidate,dark_ridge,494,BH03,acoustic,False,provisional_report_ticks,unknown,66.35260042769244,0.006162824090848202,,,
19420.15949680661,-8.643441140436765,-8.018538824452905,11.790082257026597,222.85214649762855,0.9619565217391305,1.0,8,0.010869565217391304,0.8115422821538921,0.7259826303228836,0.7839673913043479,0.9891304347826086,,unclassified_planar_candidate,dark_ridge,495,BH03,acoustic,False,provisional_report_ticks,unknown,66.43628391716645,0.04210743663223784,,,
19434.63365025964,-0.14573224162473936,3.96066576399884,3.9633459576930052,92.10724099354202,0.6086956521739131,1.0,8,0.06521739130434782,1.3188051852755391,0.3287458959918689,0.44836956521739135,0.20652173913043478,,unclassified_planar_candidate,dark_ridge,496,BH03,acoustic,False,provisional_report_ticks,unknown,66.48797732235585,0.01415480699176073,,,
19443.71193940204,3.490970352357196,-4.1426715098961795,5.417434931768209,310.12036256353855,0.5434782608695652,1.0,6,0.125,1.23924369575387,0.21544878661043443,0.34239130434782605,0.1793478260869565,,unclassified_planar_candidate,dark_ridge,497,BH03,acoustic,False,provisional_report_ticks,unknown,66.52039978357871,0.01934798189917217,,,
19491.156774451607,-3.447855241329332,-10.379863288174054,10.937516520963323,251.625179829675,0.5706521739130435,1.0,8,0.08152173913043478,1.2874418512196022,0.28282388333298075,0.41440217391304346,0.16304347826086957,,unclassified_planar_candidate,dark_ridge,498,BH03,acoustic,False,provisional_report_ticks,unknown,66.68984562304144,0.039062559003440425,,,
19501.63471863077,-9.703584321371668,-0.4160717920886265,9.712500420496356,182.45523337040774,0.6467391304347826,1.0,7,0.10869565217391304,1.194741690428123,0.31660463306022263,0.4089673913043478,0.2391304347826087,,unclassified_planar_candidate,dark_ridge,499,BH03,acoustic,False,provisional_report_ticks,unknown,66.72726685225274,0.03468750150177269,,,
19512.962127057355,-11.368166018496577,-12.801267727461589,17.120387088329807,228.393321304929,0.6141304347826086,1.0,8,0.09239130434782608,1.0256949507931306,0.340027451269932,0.42934782608695643,0.2391304347826087,,unclassified_planar_candidate,dark_ridge,500,BH03,acoustic,False,provisional_report_ticks,unknown,66.76772188234769,0.06114423960117786,,,
19514.585671254372,2.998469988322433,-1.0501418289613693,3.1770458183357473,340.69842433987964,0.6032608695652174,1.0,7,0.1793478260869565,0.5497312510564946,0.26657024358137926,0.32336956521739135,0.358695652173913,,unclassified_planar_candidate,dark_ridge,501,BH03,acoustic,False,provisional_report_ticks,unknown,66.77352025447989,0.011346592208341952,,,
19541.867857408954,-0.6083462885173181,-0.3912958506091409,0.72332402798243,212.7496248636551,0.5434782608695652,1.0,6,0.13043478260869565,1.0575395860541255,0.2229661504186061,0.3355978260869565,0.3858695652173913,near_horizontal_check_acquisition_artifact,unclassified_planar_candidate,dark_ridge,502,BH03,acoustic,False,provisional_report_ticks,unknown,66.8709566336034,0.002583300099937249,,,
19558.548930780966,-0.9707071438561156,1.1394493374252508,1.4968691164200498,130.4279760917169,0.8043478260869565,1.0,8,0.043478260869565216,1.0203472999407095,0.5475557406525773,0.6698369565217391,0.3641304347826087,near_horizontal_check_acquisition_artifact,unclassified_planar_candidate,dark_ridge,503,BH03,acoustic,False,provisional_report_ticks,unknown,66.9305318956463,0.005345961130071605,,,
19586.312268544352,-6.172525327848025,-5.1879251043576815,8.063165371698018,220.04660309594414,0.7336956521739131,1.0,8,0.059782608695652176,1.2362216591527837,0.45685965830922937,0.5163043478260869,0.28804347826086957,,unclassified_planar_candidate,dark_ridge,504,BH03,acoustic,False,provisional_report_ticks,unknown,67.02968667337268,0.02879701918463577,,,
19596.723192049267,-9.22611440184674,-5.5041806471826895,10.743239341687604,210.81975623859876,0.6032608695652174,1.0,7,0.07065217391304347,1.1496619623329782,0.315702915547638,0.41304347826086957,0.2717391304347826,,unclassified_planar_candidate,dark_ridge,505,BH03,acoustic,False,provisional_report_ticks,unknown,67.06686854303308,0.03836871193459857,,,
19617.87550865242,-7.608327937200104,-4.881409742649115,9.039624719843701,212.68373218078779,0.7717391304347826,1.0,8,0.03804347826086957,1.1096833590758715,0.5128411258027146,0.6290760869565217,0.266304347826087,,unclassified_planar_candidate,dark_ridge,506,BH03,acoustic,False,provisional_report_ticks,unknown,67.1424125309015,0.03228437399944178,,,
19632.442132977198,-6.100597712134436,1.147029328426347,6.207492950102329,169.3516113369302,0.6413043478260869,1.0,8,0.125,1.0374352067677794,0.35392735770036465,0.44565217391304346,0.2608695652173913,,unclassified_planar_candidate,dark_ridge,507,BH03,acoustic,False,provisional_report_ticks,unknown,67.19443618920427,0.02216961767893688,,,
19649.204462757174,9.128780882263607,11.162507509999099,14.419993561273452,50.723446917883976,0.9293478260869565,1.0,8,0.021739130434782608,0.830812134094987,0.6892243212437534,0.7663043478260869,0.8206521739130435,,unclassified_planar_candidate,dark_ridge,508,BH03,acoustic,False,provisional_report_ticks,unknown,67.25430165270419,0.05149997700454803,,,
19677.714683766928,-12.438627314174528,-6.084682334582009,13.847122754337923,206.06678699406038,0.5978260869565217,1.0,7,0.14130434782608695,0.9388046585034913,0.35194881576908144,0.46875,0.21195652173913043,,unclassified_planar_candidate,dark_ridge,509,BH03,acoustic,False,provisional_report_ticks,unknown,67.35612387059616,0.04945400983692114,,,
19716.550098542903,0.42643002992311013,1.5885680857820998,1.6448073241524763,74.9739402903258,0.7771739130434783,1.0,7,0.11413043478260869,1.1618899363785227,0.46739837684721336,0.6711956521739131,0.30978260869565216,near_horizontal_check_acquisition_artifact,unclassified_planar_candidate,dark_ridge,510,BH03,acoustic,False,provisional_report_ticks,unknown,67.49482178051035,0.005874311871973128,,,
19741.82706551815,0.47302076071781934,-8.090056607686662,8.103873429147614,273.3462401243292,0.5978260869565217,1.0,8,0.08695652173913043,1.3867049447367767,0.2793467279081138,0.40625,0.1956521739130435,,unclassified_planar_candidate,dark_ridge,511,BH03,acoustic,False,provisional_report_ticks,unknown,67.58509666256481,0.028942405104098613,,,
19750.27441869157,-2.360911719438736,0.30817873384317584,2.3809406290322217,172.56301478572038,0.6467391304347826,1.0,8,0.09239130434782608,1.0191872864328166,0.3861147686020152,0.46195652173913043,0.21195652173913043,,unclassified_planar_candidate,dark_ridge,512,BH03,acoustic,False,provisional_report_ticks,unknown,67.6152657810413,0.00850335938940079,,,
19794.792243049647,3.7756778167619642,1.5282339596670813,4.073234833822881,22.03601068868649,0.6847826086956522,1.0,8,0.10326086956521739,1.2941789343056205,0.3989029549037771,0.6277173913043479,0.3695652173913043,,unclassified_planar_candidate,dark_ridge,513,BH03,acoustic,False,provisional_report_ticks,unknown,67.77425801089159,0.014547267263653144,,,
19856.83020859856,-0.5165799866942994,-0.9062124080845027,1.043108724543801,240.31500283611302,0.5054347826086957,1.0,6,0.24456521739130435,0.9548233684981654,0.17736066413449497,0.3192934782608696,0.15760869565217392,near_horizontal_check_acquisition_artifact,unclassified_planar_candidate,dark_ridge,514,BH03,acoustic,False,provisional_report_ticks,unknown,67.99582217356627,0.003725388301942146,,,
19877.179305092024,-9.021984394036071,-1.2736745380181227,9.111446056199098,188.03560251467874,0.6358695652173914,1.0,6,0.16304347826086957,0.8595008591496905,0.2931982599831606,0.36684782608695654,0.24456521739130435,,unclassified_planar_candidate,dark_ridge,515,BH03,acoustic,False,provisional_report_ticks,unknown,68.0684975181858,0.032540878772139625,,,
19892.106610675102,-9.688394022682461,-0.0728596257205693,9.688667981916264,180.4308733053705,0.7989130434782609,1.0,8,0.07608695652173914,0.7362873222078122,0.5680713084274718,0.49184782608695654,0.3532608695652174,,unclassified_planar_candidate,dark_ridge,516,BH03,acoustic,False,provisional_report_ticks,unknown,68.12180932383964,0.03460238564970094,,,
19905.37492693368,6.530361069325307,-2.7962159154726005,7.103832707890991,336.8200188773622,0.5543478260869565,1.0,7,0.14673913043478262,1.0689110051919344,0.17011297767720165,0.2567934782608696,0.2554347826086957,,unclassified_planar_candidate,dark_ridge,517,BH03,acoustic,False,provisional_report_ticks,unknown,68.16919616762027,0.025370831099610674,,,
19927.248377325286,-3.4639406439894977,-3.4386016071984224,4.880867320273104,224.78966976359072,0.7336956521739131,1.0,7,0.10869565217391304,1.1689070739839227,0.4429200495489812,0.5611413043478262,0.592391304347826,,unclassified_planar_candidate,dark_ridge,518,BH03,acoustic,False,provisional_report_ticks,unknown,68.24731563330458,0.01743166900097537,,,
19949.005832640927,4.747600528097659,-3.666323367170945,5.998469622083358,322.32296973426196,0.625,1.0,6,0.11413043478260869,1.0507561236490304,0.3211678613677671,0.4116847826086957,0.20108695652173914,,unclassified_planar_candidate,dark_ridge,519,BH03,acoustic,False,provisional_report_ticks,unknown,68.32502083086044,0.021423105793154845,,,
19963.944401913832,-3.128059264517708,-5.033681363484586,5.926440991980525,238.1421173353413,0.5,1.0,7,0.125,1.0179634738806405,0.21931316189152514,0.35190217391304346,0.20108695652173914,,unclassified_planar_candidate,dark_ridge,520,BH03,acoustic,False,provisional_report_ticks,unknown,68.37837286397796,0.021165860685644727,,,
19990.702525009776,-1.2293596495949872,0.7905651470656091,1.4616149971203696,147.2561174294431,0.6793478260869565,1.0,7,0.08695652173913043,0.6849718674446167,0.4936553119974842,0.5597826086956522,0.2554347826086957,near_horizontal_check_acquisition_artifact,unclassified_planar_candidate,dark_ridge,521,BH03,acoustic,False,provisional_report_ticks,unknown,68.47393758932061,0.005220053561144176,,,
20009.347290766727,-0.27704005369304496,5.178572716037761,5.185977879497844,93.06225474805811,0.532608695652174,1.0,6,0.10326086956521739,1.2665134012079422,0.2118748014224528,0.33831521739130443,0.2826086956521739,,unclassified_planar_candidate,dark_ridge,522,BH03,acoustic,False,provisional_report_ticks,unknown,68.54052603845258,0.01852134956963515,,,
20043.909973934267,-6.335740342637915,1.161801007311811,6.441380851177823,169.608967052155,0.5815217391304348,1.0,7,0.09239130434782608,1.0791003566004098,0.2742531157280203,0.3722826086956522,0.20652173913043478,,unclassified_planar_candidate,dark_ridge,523,BH03,acoustic,False,provisional_report_ticks,unknown,68.66396419262237,0.023004931611349363,,,
20053.487349764935,-7.282620517712252,-4.115619679529428,8.365099339011664,209.47204840284977,0.6956521739130435,1.0,8,0.05434782608695652,0.954093313500425,0.43051133768472394,0.4497282608695652,0.23369565217391305,,unclassified_planar_candidate,dark_ridge,524,BH03,acoustic,False,provisional_report_ticks,unknown,68.69816910630333,0.029875354782184504,,,
20058.04273946793,-17.048832264082932,2.109364779990259,17.178827123639685,172.94692973556207,0.6195652173913043,1.0,7,0.10869565217391304,1.2947483417041283,0.2962816797663013,0.4130434782608695,0.23369565217391305,,unclassified_planar_candidate,dark_ridge,525,BH03,acoustic,False,provisional_report_ticks,unknown,68.71443835524259,0.06135295401299886,,,
20133.801442663804,-8.161079584813828,-12.339199372598129,14.79388593799449,236.51956585955526,0.5760869565217391,1.0,7,0.14130434782608695,0.9989912606333576,0.33530492631702613,0.47282608695652173,0.16304347826086957,,unclassified_planar_candidate,dark_ridge,526,BH03,acoustic,False,provisional_report_ticks,unknown,68.98500515237072,0.05283530692140888,,,
20154.634379901105,5.231257416781622,4.650797714347591,6.999712389835278,41.63837932381086,0.9184782608695652,1.0,8,0.02717391304347826,0.7673701778295612,0.691856265516118,0.7105978260869565,0.6086956521739131,,unclassified_planar_candidate,dark_ridge,527,BH03,acoustic,False,provisional_report_ticks,unknown,69.05940849964679,0.024998972820840272,,,
20231.99224853242,5.099530711532593,2.8578106814685404,5.8457074310112205,29.266558203943553,0.5054347826086957,1.0,6,0.16304347826086957,1.0493776785615527,0.22443314502168485,0.37635869565217395,0.17391304347826086,,unclassified_planar_candidate,dark_ridge,528,BH03,acoustic,False,provisional_report_ticks,unknown,69.33568660190149,0.020877526539325782,,,
20292.649026749154,0.5508641640679954,-0.9494761900089601,1.097705043555992,300.1213173627355,0.5815217391304348,1.0,7,0.09239130434782608,1.1651390959621826,0.28206137717153984,0.3940217391304348,0.1956521739130435,near_horizontal_check_acquisition_artifact,unclassified_planar_candidate,dark_ridge,529,BH03,acoustic,False,provisional_report_ticks,unknown,69.55231795267554,0.0039203751555571134,,,
20302.274795521833,3.12819510894877,-2.2769555245691446,3.869125366347924,323.94981763278656,0.6413043478260869,1.0,7,0.19021739130434784,0.8181821167198485,0.3824642231403678,0.48369565217391297,0.31521739130434784,,unclassified_planar_candidate,dark_ridge,530,BH03,acoustic,False,provisional_report_ticks,unknown,69.58669569829225,0.01381830487981401,,,
20328.903442730007,4.559075766302814,1.842619793252104,4.917359001066936,22.00684516861221,0.532608695652174,1.0,6,0.125,1.3172121453825643,0.20980489743026115,0.3491847826086957,0.16847826086956522,,unclassified_planar_candidate,dark_ridge,531,BH03,acoustic,False,provisional_report_ticks,unknown,69.68179800975001,0.01756199643238191,,,
20347.119854259716,-0.941120305711193,5.739703751564199,5.8163482173561505,99.31174114171787,0.5217391304347826,1.0,7,0.16847826086956522,1.4225646826529061,0.16949381244862774,0.3138586956521739,0.18478260869565216,,unclassified_planar_candidate,dark_ridge,532,BH03,acoustic,False,provisional_report_ticks,unknown,69.74685662235612,0.020772672204843388,,,
20366.24179105307,7.780847790603231,5.452626841303917,9.5011963357802,35.02182680078311,0.6304347826086957,1.0,7,0.125,1.337640784731363,0.328233700818951,0.46467391304347827,0.4076086956521739,,unclassified_planar_candidate,dark_ridge,533,BH03,acoustic,False,provisional_report_ticks,unknown,69.81514925376095,0.033932844056357846,,,
20374.265394245278,0.5562881199053726,-7.451066428281066,7.471803489854709,274.26971624201605,0.8641304347826086,1.0,8,0.06521739130434782,0.9418829346473683,0.5901173790071343,0.6019021739130435,0.40217391304347827,,unclassified_planar_candidate,dark_ridge,534,BH03,acoustic,False,provisional_report_ticks,unknown,69.84380497944741,0.02668501246376681,,,
20389.897743939797,15.90087792910901,-1.9782657206094054,16.023465735531882,352.90813744956944,0.5489130434782609,1.0,8,0.07608695652173914,1.1993594986973932,0.2503981123854237,0.36820652173913043,0.15217391304347827,,unclassified_planar_candidate,dark_ridge,535,BH03,acoustic,False,provisional_report_ticks,unknown,69.89963479978498,0.05722666334118528,,,
20393.92863667356,6.413873965686399,11.624374691993443,13.276440269423405,61.11180906180258,0.5108695652173914,1.0,8,0.10326086956521739,1.1738868890449625,0.18013768354967463,0.29076086956521746,0.15760869565217392,,unclassified_planar_candidate,dark_ridge,536,BH03,acoustic,False,provisional_report_ticks,unknown,69.9140308452627,0.04741585810508358,,,
20484.53468489462,-4.060770304622495,3.760062586964329,5.53425027666736,137.201913841207,0.5760869565217391,1.0,6,0.22826086956521738,1.0398744890781015,0.210994166092652,0.33559782608695654,0.32608695652173914,,unclassified_planar_candidate,dark_ridge,537,BH03,acoustic,False,provisional_report_ticks,unknown,70.23762387462364,0.01976517955952628,,,
20493.23663560083,3.8248743856905265,0.06719793830583923,3.8254646291952614,1.0065068325549287,0.8260869565217391,1.0,8,0.03260869565217391,1.252757748231913,0.5263476462353774,0.6779891304347826,0.5054347826086957,,unclassified_planar_candidate,dark_ridge,538,BH03,acoustic,False,provisional_report_ticks,unknown,70.26870227000296,0.013662373675697358,,,
20532.48740974241,-8.226217983560128,8.734866954115157,11.998690054299306,133.28226157933452,0.6413043478260869,1.0,6,0.09239130434782608,1.170162178580582,0.39406195420824464,0.5108695652173912,0.34782608695652173,,unclassified_planar_candidate,dark_ridge,539,BH03,acoustic,False,provisional_report_ticks,unknown,70.40888360622289,0.04285246447964037,,,
20537.747778752313,1.5301673759647847,-2.4582650227228457,2.895596505110736,301.90054028216366,0.9239130434782609,1.0,8,0.010869565217391304,0.6340396170128683,0.7397722354486636,0.7418478260869565,0.9021739130434783,,unclassified_planar_candidate,dark_ridge,540,BH03,acoustic,False,provisional_report_ticks,unknown,70.42767063840111,0.010341416089681197,,,
20565.278004412106,-0.26976627946270676,0.85088519613811,0.892625040284072,107.59079777483744,0.5978260869565217,1.0,7,0.09782608695652174,1.1673319864124638,0.34264767567800924,0.46875,0.28804347826086957,near_horizontal_check_acquisition_artifact,unclassified_planar_candidate,dark_ridge,541,BH03,acoustic,False,provisional_report_ticks,unknown,70.52599287290036,0.0031879465724431134,,,
20590.61429611957,-1.6882796172736951,-0.6310317907842695,1.8023565649122308,200.49433975518207,0.5543478260869565,1.0,7,0.07065217391304347,1.037752097359514,0.3110372921696586,0.42663043478260876,0.1793478260869565,near_horizontal_check_acquisition_artifact,unclassified_planar_candidate,dark_ridge,542,BH03,acoustic,False,provisional_report_ticks,unknown,70.61647962899845,0.006436987731829394,,,
20634.097611425022,-1.2591995920927939,-0.03378492678805686,1.2596527434196827,181.53690442218166,0.5815217391304348,1.0,6,0.1793478260869565,1.1159468149863936,0.2735576339713047,0.4157608695652174,0.29347826086956524,near_horizontal_check_acquisition_artifact,unclassified_planar_candidate,dark_ridge,543,BH03,acoustic,False,provisional_report_ticks,unknown,70.77177718366079,0.0044987597979274365,,,
20671.35919122662,-1.630111726720655,-1.1934995589074218,2.020323102551769,216.21002663105537,0.9130434782608695,1.0,8,0.07608695652173914,0.8449611536729913,0.636505120236148,0.8532608695652173,0.9239130434782609,,unclassified_planar_candidate,dark_ridge,544,BH03,acoustic,False,provisional_report_ticks,unknown,70.90485425438078,0.007215439651970602,,,
20792.292410481015,-2.1904590972911278,-3.503474420887346,4.131881420698976,237.98535560213816,0.9456521739130435,1.0,8,0.05434782608695652,0.5115117327792833,0.7540739584041466,0.8559782608695652,0.9456521739130435,,unclassified_planar_candidate,dark_ridge,545,BH03,acoustic,False,provisional_report_ticks,unknown,71.33675860886076,0.014756719359639197,,,
20845.296522790693,-2.8379084336460156,9.426698829017893,9.844611474850925,106.75442563955438,0.6032608695652174,1.0,7,0.14673913043478262,1.1397699619504846,0.3242950076581464,0.46059782608695654,0.29891304347826086,,unclassified_planar_candidate,dark_ridge,546,BH03,acoustic,False,provisional_report_ticks,unknown,71.52605900996674,0.03515932669589615,,,
20855.55930244187,-1.2865263303650365,-1.8396211340109232,2.244850978444262,235.03324807169025,0.6739130434782609,1.0,7,0.09239130434782608,0.6646147440378121,0.4901056076866144,0.5842391304347826,0.21739130434782608,,unclassified_planar_candidate,dark_ridge,547,BH03,acoustic,False,provisional_report_ticks,unknown,71.56271179443524,0.008017324923015219,,,
20896.63411087966,2.920126500150848,-1.8591012593136909,3.4617042434709804,327.51709297769645,0.782608695652174,1.0,8,0.04891304347826087,0.7473338222919337,0.5801993568365104,0.7459239130434783,0.29891304347826086,,unclassified_planar_candidate,dark_ridge,548,BH03,acoustic,False,provisional_report_ticks,unknown,71.70940753885591,0.012363229440967783,,,
20922.92467693036,0.7906824315767389,-2.24026369775782,2.375702031630997,289.4400604472606,0.7771739130434783,1.0,8,0.10869565217391304,0.5564491318545356,0.5754266570462789,0.6290760869565217,0.6032608695652174,,unclassified_planar_candidate,dark_ridge,549,BH03,acoustic,False,provisional_report_ticks,unknown,71.80330241760842,0.008484650112967843,,,
20940.88775101518,2.9001859713383547,-2.4594060537997997,3.802598691134117,319.70149978973825,0.532608695652174,1.0,7,0.14130434782608695,0.7396630560429409,0.3399308245696548,0.4755434782608696,0.23369565217391305,,unclassified_planar_candidate,dark_ridge,550,BH03,acoustic,False,provisional_report_ticks,unknown,71.86745625362563,0.013580709611193271,,,
20972.630452082565,2.604307547724093,-2.9877916174819172,3.9634980197582905,311.0770235828774,0.8206521739130435,1.0,8,0.07608695652173914,0.5941533145134321,0.6219818627770105,0.7214673913043478,0.6304347826086957,,unclassified_planar_candidate,dark_ridge,551,BH03,acoustic,False,provisional_report_ticks,unknown,71.980823043152,0.01415535007056532,,,
21032.812226785634,-4.7673932970377795,2.0573624279299567,5.1923770094725015,156.65744949878402,0.7880434782608695,1.0,8,0.08695652173913043,1.0403334084592464,0.5086721397418865,0.6317934782608695,0.6304347826086957,,unclassified_planar_candidate,dark_ridge,552,BH03,acoustic,False,provisional_report_ticks,unknown,72.19575795280582,0.01854420360525893,,,
21041.181161515422,11.098526544135822,-3.817948333278289,11.736865890282205,341.016528117024,0.6141304347826086,1.0,6,0.1793478260869565,1.1256325972261538,0.21268083498684884,0.3070652173913043,0.2554347826086957,,unclassified_planar_candidate,dark_ridge,553,BH03,acoustic,False,provisional_report_ticks,unknown,72.22564700541221,0.041917378179579294,,,
21055.710392157765,1.8268591684979554,-2.636930229712695,3.207930089309567,304.71412769500927,0.9293478260869565,1.0,8,0.016304347826086956,0.5539838340691894,0.7600491281620115,0.7377717391304348,0.75,,unclassified_planar_candidate,dark_ridge,554,BH03,acoustic,False,provisional_report_ticks,unknown,72.27753711484915,0.011456893176105593,,,
21108.398015706247,3.560753713299986,-1.4847280953757491,3.8578989779383464,337.3653193991365,0.592391304347826,1.0,6,0.16304347826086957,0.9883014666470754,0.32272803705339814,0.452445652173913,0.20652173913043478,,unclassified_planar_candidate,dark_ridge,555,BH03,acoustic,False,provisional_report_ticks,unknown,72.46570719895087,0.01377821063549409,,,
21141.131404214306,10.434722438182531,3.7167159231768983,11.076886277989257,19.605254866393036,0.5380434782608695,1.0,6,0.15760869565217392,1.3517322136222445,0.22054969804324323,0.3817934782608695,0.29347826086956524,,unclassified_planar_candidate,dark_ridge,556,BH03,acoustic,False,provisional_report_ticks,unknown,72.58261215790822,0.0395603081356759,,,
21146.165043563316,-2.7187398708667403,-4.728169986346618,5.45409368320984,240.10071449792702,0.7391304347826086,1.0,8,0.05434782608695652,1.067469846032233,0.48968908372718256,0.6005434782608695,0.1956521739130435,,unclassified_planar_candidate,dark_ridge,557,BH03,acoustic,False,provisional_report_ticks,unknown,72.60058944129754,0.01947890601146371,,,
21176.414886097587,-3.6159387716401654,-2.590463375797218,4.448091017683575,215.61786237556103,0.6358695652173914,1.0,7,0.07608695652173914,0.657001478592099,0.4719417857709729,0.5760869565217391,0.2717391304347826,,unclassified_planar_candidate,dark_ridge,558,BH03,acoustic,False,provisional_report_ticks,unknown,72.70862459320566,0.015886039348869906,,,
21218.08100427152,3.593251832393288,-2.110395510502035,4.1671606570595365,329.5733506507548,0.6684782608695652,1.0,7,0.14673913043478262,0.994073889627408,0.3872519453879146,0.47282608695652173,0.40217391304347827,,unclassified_planar_candidate,dark_ridge,559,BH03,acoustic,False,provisional_report_ticks,unknown,72.85743215811256,0.014882716632355483,,,
21241.392752563366,12.935432799972613,0.01862618837700091,12.935446210220226,0.08250216759945353,0.5543478260869565,1.0,7,0.09782608695652174,1.2508070021272977,0.25705960282664825,0.3899456521739131,0.18478260869565216,,unclassified_planar_candidate,dark_ridge,560,BH03,acoustic,False,provisional_report_ticks,unknown,72.94068840201201,0.04619802217935794,,,
21260.78063768086,-6.691930569293975,-4.216514070719175,7.909546488441924,212.21459170343434,0.9021739130434783,1.0,8,0.02717391304347826,0.9291590903877083,0.6438962825322657,0.7377717391304348,0.45652173913043476,,unclassified_planar_candidate,dark_ridge,561,BH03,acoustic,False,provisional_report_ticks,unknown,73.0099308488602,0.028248380315864005,,,
21268.04656492525,5.7669323810171855,5.090634185247499,7.692338103284008,41.43575424262867,0.5271739130434783,1.0,7,0.20652173913043478,1.1319718685644091,0.21434043468207606,0.37364130434782605,0.2608695652173913,,unclassified_planar_candidate,dark_ridge,562,BH03,acoustic,False,provisional_report_ticks,unknown,73.03588058901875,0.027472636083157167,,,
21290.306228770238,3.2214680112717704,-0.8118504858875042,3.3221916499628783,345.8552784192405,0.5489130434782609,1.0,6,0.23369565217391305,0.9486991966730384,0.25910699368742435,0.422554347826087,0.4076086956521739,,unclassified_planar_candidate,dark_ridge,563,BH03,acoustic,False,provisional_report_ticks,unknown,73.11537938846512,0.011864970178438848,,,
21315.68949668893,3.1530534822513214,-1.2958288413295977,3.408946853202436,337.65852130298066,0.8858695652173914,1.0,8,0.016304347826086956,0.9923949548609305,0.6259889239354866,0.6684782608695652,0.7880434782608695,,unclassified_planar_candidate,dark_ridge,564,BH03,acoustic,False,provisional_report_ticks,unknown,73.20603391674616,0.012174810190008697,,,
21335.96619121451,4.2906798575203355,-2.2590366068660592,4.849039083250582,332.2332612840584,0.6304347826086957,1.0,7,0.07065217391304347,1.1595139583599732,0.28665509870306505,0.360054347826087,0.24456521739130435,,unclassified_planar_candidate,dark_ridge,565,BH03,acoustic,False,provisional_report_ticks,unknown,73.27845068290895,0.01731799672589493,,,
21347.61437486777,2.344641548212514,-2.413173341642851,3.364632159155009,314.17476591823663,0.7391304347826086,1.0,8,0.04891304347826087,1.0082808146170004,0.5023168111549436,0.5081521739130435,0.2554347826086957,,unclassified_planar_candidate,dark_ridge,566,BH03,acoustic,False,provisional_report_ticks,unknown,73.32005133881346,0.0120165434255536,,,
21366.50590254473,5.684005869441011,-2.1134554544922186,6.06420783630993,339.6036076000832,0.7554347826086957,1.0,8,0.07608695652173914,1.2515893872222035,0.45987728011776713,0.6385869565217391,0.32065217391304346,,unclassified_planar_candidate,dark_ridge,567,BH03,acoustic,False,provisional_report_ticks,unknown,73.38752108051688,0.021657885129678315,,,
21387.872917437067,1.556820547765002,-1.447713770313647,2.125926945757797,317.0797273276489,0.6956521739130435,1.0,8,0.07065217391304347,0.8631113805245072,0.48486659472503757,0.5625,0.44565217391304346,,unclassified_planar_candidate,dark_ridge,568,BH03,acoustic,False,provisional_report_ticks,unknown,73.46383184798951,0.007592596234849274,,,
21397.05744298058,-17.93675003897213,-3.2792073199637315,18.2340396678265,190.360432816654,0.8858695652173914,1.0,8,0.03260869565217391,1.3704312922775788,0.5427273544161691,0.7744565217391305,0.47282608695652173,,unclassified_planar_candidate,dark_ridge,569,BH03,acoustic,False,provisional_report_ticks,unknown,73.49663372493062,0.06512157024223748,,,
21403.34836622582,2.8004300358857517,-3.0213124769033493,4.11955549410163,312.82718589998876,0.6141304347826086,1.0,7,0.15217391304347827,0.8217517094016938,0.29156012229649153,0.3682065217391304,0.5,,unclassified_planar_candidate,dark_ridge,570,BH03,acoustic,False,provisional_report_ticks,unknown,73.51910130794934,0.014712698193220103,,,
21445.215164232974,3.418092428247415,-5.846720746422083,6.7725548602196435,300.3112828313844,0.5706521739130435,1.0,7,0.16847826086956522,1.142571861898022,0.23699835245580353,0.3654891304347826,0.16847826086956522,,unclassified_planar_candidate,dark_ridge,571,BH03,acoustic,False,provisional_report_ticks,unknown,73.66862558654633,0.024187695929355862,,,
21458.10474749376,2.952733509508541,0.601537610321506,3.013383924229691,11.514853258965552,0.6956521739130435,1.0,7,0.09782608695652174,1.049047044906415,0.4424022197608687,0.5475543478260869,0.27717391304347827,,unclassified_planar_candidate,dark_ridge,572,BH03,acoustic,False,provisional_report_ticks,unknown,73.71465981247769,0.010762085443677466,,,
21484.13354205871,3.5628362584732383,4.976195974621262,6.120157561903813,54.3982503478481,0.9836956521739131,1.0,8,0.010869565217391304,0.5568586236405815,0.8081663700824547,0.9157608695652174,0.9891304347826086,,unclassified_planar_candidate,dark_ridge,573,BH03,acoustic,False,provisional_report_ticks,unknown,73.8076197930668,0.021857705578227898,,,
21498.17516154758,5.111517893305984,-3.901545137096155,6.430370878136493,322.64604758976725,0.5978260869565217,1.0,8,0.09239130434782608,0.8516369030840898,0.2886103957859168,0.3532608695652174,0.22826086956521738,,unclassified_planar_candidate,dark_ridge,574,BH03,acoustic,False,provisional_report_ticks,unknown,73.85776843409849,0.0229656102790589,,,
21556.839040443952,2.6726378875895658,-2.378485007335017,3.5777345077991285,318.33286388149,0.6630434782608695,1.0,7,0.07065217391304347,0.6699913230681926,0.4031324832817571,0.4089673913043477,0.44021739130434784,,unclassified_planar_candidate,dark_ridge,575,BH03,acoustic,False,provisional_report_ticks,unknown,74.06728228729982,0.01277762324213974,,,
21563.312820533676,1.5082232026224711,-2.2313026064431902,2.6932227071760995,304.0562724434935,0.7391304347826086,1.0,8,0.059782608695652176,0.5714738594939541,0.5744074326496772,0.529891304347826,0.3695652173913043,,unclassified_planar_candidate,dark_ridge,576,BH03,acoustic,False,provisional_report_ticks,unknown,74.0904029304774,0.009618652525628924,,,
21587.856279724547,2.0029663172495327,-4.0642207415227585,4.5309782943488,296.2354202168139,0.782608695652174,1.0,8,0.04891304347826087,0.8700989806154972,0.556935839411028,0.5570652173913044,0.6413043478260869,,unclassified_planar_candidate,dark_ridge,577,BH03,acoustic,False,provisional_report_ticks,unknown,74.17805814187336,0.016182065336959994,,,
21590.323717932144,4.489066233748766,-11.40799391833304,12.25944700595043,291.4797274186264,0.5489130434782609,1.0,8,0.06521739130434782,1.3350051565943288,0.16619482987713885,0.25271739130434784,0.1793478260869565,,unclassified_planar_candidate,dark_ridge,578,BH03,acoustic,False,provisional_report_ticks,unknown,74.18687042118621,0.04378373930696581,,,
21612.125511225084,-1.3731058808916292,-0.8686578578057959,1.6248034447486046,212.31837142271561,0.6141304347826086,1.0,7,0.09239130434782608,0.9332602114109818,0.3872876280033169,0.47418478260869557,0.42934782608695654,near_horizontal_check_acquisition_artifact,unclassified_planar_candidate,dark_ridge,579,BH03,acoustic,False,provisional_report_ticks,unknown,74.264733968661,0.005802869445530729,,,
21634.198399052046,3.268056915335832,-1.395158526288883,3.5534016540986357,336.88199284797554,0.9239130434782609,1.0,8,0.016304347826086956,0.888995865874705,0.675766280116517,0.7948369565217391,0.31521739130434784,,unclassified_planar_candidate,dark_ridge,580,BH03,acoustic,False,provisional_report_ticks,unknown,74.34356571090015,0.01269072019320941,,,
21650.907176976085,-4.401149020430405,-16.17542382917404,16.763485578883852,254.7789447218247,0.5,1.0,6,0.20652173913043478,1.3964670239870949,0.16244604887153824,0.32608695652173914,0.15760869565217392,,unclassified_planar_candidate,dark_ridge,581,BH03,acoustic,False,provisional_report_ticks,unknown,74.40323991777171,0.0598695913531566,,,
21661.25537487324,4.277210425032068,-1.3256312120836335,4.477926655323123,342.78027935159844,0.6086956521739131,1.0,7,0.059782608695652176,0.9991181907458223,0.41019589268939277,0.5353260869565217,0.2608695652173913,,unclassified_planar_candidate,dark_ridge,582,BH03,acoustic,False,provisional_report_ticks,unknown,74.44019776740441,0.015992595197582577,,,
21684.682859950797,2.7380774093113285,2.1811764789544377,3.5006569000296377,38.541134588599206,0.5706521739130435,1.0,6,0.14673913043478262,1.144112995229631,0.24397309228447958,0.36684782608695654,0.30978260869565216,,unclassified_planar_candidate,dark_ridge,583,BH03,acoustic,False,provisional_report_ticks,unknown,74.52386735696712,0.012502346071534417,,,
21724.372301129602,0.868396878438181,-2.52294903121456,2.6682175609548153,288.9934188165566,0.9021739130434783,1.0,8,0.059782608695652176,0.9996574755276295,0.6078596327406042,0.688858695652174,0.7336956521739131,,unclassified_planar_candidate,dark_ridge,584,BH03,acoustic,False,provisional_report_ticks,unknown,74.66561536117713,0.00952934843198148,,,
21739.07380273719,-1.903784370001367,-5.531877892676559,5.850304944782379,251.00920396901614,0.9347826086956522,1.0,8,0.010869565217391304,0.6875854732829209,0.7352347014148904,0.5733695652173914,0.8206521739130435,,unclassified_planar_candidate,dark_ridge,585,BH03,acoustic,False,provisional_report_ticks,unknown,74.71812072406138,0.020893946231365635,,,
21749.946276466435,4.89776692454312,-3.179870704534701,5.839494716557811,327.0063882644104,0.9402173913043478,1.0,8,0.010869565217391304,1.0148758329533851,0.6630763228763705,0.6440217391304347,0.8206521739130435,,unclassified_planar_candidate,dark_ridge,586,BH03,acoustic,False,provisional_report_ticks,unknown,74.75695098738011,0.020855338273420745,,,
21778.578905737657,-2.0160381555011138,-3.0276790315791753,3.6374785446378297,236.3415774519771,0.7010869565217391,1.0,7,0.07065217391304347,0.9223448634180724,0.4791010027254399,0.5407608695652174,0.2608695652173913,,unclassified_planar_candidate,dark_ridge,587,BH03,acoustic,False,provisional_report_ticks,unknown,74.85921037763447,0.01299099480227796,,,
21817.215190679715,1.0855382485927596,-4.081314538363176,4.2232122430932195,284.89455140363225,0.9782608695652174,1.0,8,0.016304347826086956,0.6055970958588268,0.7864050160429464,0.84375,0.9836956521739131,,unclassified_planar_candidate,dark_ridge,588,BH03,acoustic,False,provisional_report_ticks,unknown,74.9971971095704,0.015082900868190065,,,
21855.42879484348,0.7023028427948522,-2.715050569923892,2.8044123948238746,284.5028289692083,0.7880434782608695,1.0,8,0.06521739130434782,0.6205425741712127,0.5990017132376949,0.5720108695652173,0.33695652173913043,,unclassified_planar_candidate,dark_ridge,589,BH03,acoustic,False,provisional_report_ticks,unknown,75.13367426729813,0.010015758552942407,,,
21864.80463721206,-1.4790013067544452,-2.8175835960966276,3.1821725576049706,242.30419510069095,0.7119565217391305,1.0,8,0.10326086956521739,1.2359034050886457,0.38264907311769547,0.4524456521739131,0.3641304347826087,,unclassified_planar_candidate,dark_ridge,590,BH03,acoustic,False,provisional_report_ticks,unknown,75.16715941861449,0.011364901991446321,,,
21901.218578185275,-2.464018770330442,3.822129705591306,4.547533835707463,122.80872938576378,0.5597826086956522,1.0,8,0.09782608695652174,0.9608867045333602,0.30185743594615805,0.4116847826086957,0.22282608695652173,,unclassified_planar_candidate,dark_ridge,591,BH03,acoustic,False,provisional_report_ticks,unknown,75.29720920780454,0.01624119227038379,,,
21930.775071905762,0.355438284918918,-5.831866000201215,5.842687516775907,273.4877264835434,0.6902173913043478,1.0,8,0.07608695652173914,1.1786092792954046,0.4305224742536761,0.5679347826086956,0.21195652173913043,,unclassified_planar_candidate,dark_ridge,592,BH03,acoustic,False,provisional_report_ticks,unknown,75.40276811394914,0.02086674113134252,,,
21969.22851819476,1.5125577624294133,-4.9914872455791395,5.2156280453522275,286.8582502130269,0.75,1.0,8,0.11956521739130435,0.8263524217467643,0.5013392295810027,0.6521739130434783,0.3641304347826087,,unclassified_planar_candidate,dark_ridge,593,BH03,acoustic,False,provisional_report_ticks,unknown,75.54010185069555,0.018627243019115093,,,
21994.208323023206,-0.05379420090271057,-3.5593847168215533,3.5597911987072517,269.13413517189645,0.7717391304347826,1.0,7,0.04891304347826087,0.43286988975181984,0.6353695715515462,0.7350543478260869,0.24456521739130435,,unclassified_planar_candidate,dark_ridge,594,BH03,acoustic,False,provisional_report_ticks,unknown,75.62931543936858,0.012713539995383038,,,
22017.206605092113,2.0200136936275475,-2.346525593969536,3.096229591874106,310.7236151099309,0.6793478260869565,1.0,7,0.15760869565217392,0.8175730112064163,0.43576289687303615,0.5815217391304348,0.28804347826086957,,unclassified_planar_candidate,dark_ridge,595,BH03,acoustic,False,provisional_report_ticks,unknown,75.71145216104324,0.011057962828121803,,,
22039.181080257993,-1.7235711956667652,4.332110201242156,4.662389565688234,111.69560594789964,0.8967391304347826,1.0,8,0.021739130434782608,1.1745193862090404,0.5930505420538734,0.7595108695652174,0.41304347826086957,,unclassified_planar_candidate,dark_ridge,596,BH03,acoustic,False,provisional_report_ticks,unknown,75.78993242949282,0.016651391306029405,,,
22071.79357813991,-2.447677690522745,-5.791400521233826,6.287403762605849,247.08913465501354,0.8260869565217391,1.0,8,0.059782608695652176,1.2520485113663529,0.5116835539747366,0.6739130434782609,0.5760869565217391,,unclassified_planar_candidate,dark_ridge,597,BH03,acoustic,False,provisional_report_ticks,unknown,75.90640563621395,0.022455013437878025,,,
22072.467812846717,2.1146463374077644,0.6736680998295045,2.219359781792931,17.670446755466056,0.8586956521739131,1.0,8,0.05434782608695652,1.033161854069345,0.5754468165626547,0.7065217391304348,0.657608695652174,,unclassified_planar_candidate,dark_ridge,598,BH03,acoustic,False,provisional_report_ticks,unknown,75.90881361730969,0.007926284934974753,,,
22123.73302906984,-0.7974806473842846,9.463947976245981,9.497488440637495,94.81665645377541,0.6739130434782609,1.0,7,0.18478260869565216,1.0903408902200602,0.36848076470471447,0.48233695652173914,0.3804347826086957,,unclassified_planar_candidate,dark_ridge,599,BH03,acoustic,False,provisional_report_ticks,unknown,76.09190367524941,0.03391960157370533,,,
22154.14489698493,2.811291533986409,-4.526974317819071,5.3288701019312805,301.8406507828226,0.6739130434782609,1.0,8,0.05434782608695652,0.9355123084553884,0.34991879734511655,0.375,0.1956521739130435,,unclassified_planar_candidate,dark_ridge,600,BH03,acoustic,False,provisional_report_ticks,unknown,76.20051748923188,0.019031678935468855,,,
22167.57445647675,4.132714803552717,-6.461320738595594,7.669941155870055,302.6033215812379,0.8478260869565217,1.0,8,0.02717391304347826,0.6020184318486719,0.67482457367165,0.5149456521739131,0.2554347826086957,,unclassified_planar_candidate,dark_ridge,601,BH03,acoustic,False,provisional_report_ticks,unknown,76.24848020170266,0.02739264698525019,,,
22183.337273246143,5.802634202054313,-7.907622775057037,9.808213988053648,306.27131838054544,0.75,1.0,8,0.04891304347826087,0.9927476829690137,0.39818487248725776,0.38858695652173914,0.27717391304347827,,unclassified_planar_candidate,dark_ridge,602,BH03,acoustic,False,provisional_report_ticks,unknown,76.30477597587907,0.035029335671620164,,,
22198.9791437658,-6.392136841185888,3.4532335523566258,7.265276000508684,151.6206861318155,0.7228260869565217,1.0,8,0.059782608695652176,1.2527867775690533,0.44761294367040333,0.5067934782608696,0.20652173913043478,,unclassified_planar_candidate,dark_ridge,603,BH03,acoustic,False,provisional_report_ticks,unknown,76.36063979916355,0.025947414287531008,,,
22206.480707092403,10.370521805275382,-14.630090958444523,17.93285487495096,305.33087367068225,0.5652173913043478,1.0,6,0.16304347826086957,1.0270705945203544,0.2136007413175546,0.3179347826086956,0.15217391304347827,,unclassified_planar_candidate,dark_ridge,604,BH03,acoustic,False,provisional_report_ticks,unknown,76.38743109675858,0.06404591026768197,,,
22207.518644920587,-4.9632138944180655,-6.574980322560522,8.23795231861672,232.9521702956216,0.717391304347826,1.0,8,0.07065217391304347,1.0775366884574882,0.3896259559140996,0.4184782608695652,0.21739130434782608,,unclassified_planar_candidate,dark_ridge,605,BH03,acoustic,False,provisional_report_ticks,unknown,76.39113801757351,0.029421258280773993,,,
22242.79259929953,-3.2296961379241877,-4.385064645016897,5.44607464916701,233.62754063556645,0.625,1.0,8,0.08695652173913043,1.191193799220117,0.3669639114221235,0.4782608695652174,0.2554347826086957,,unclassified_planar_candidate,dark_ridge,606,BH03,acoustic,False,provisional_report_ticks,unknown,76.51711642606973,0.019450266604167887,,,
22249.33853165388,3.6482355472992714,-4.56707184987253,5.845320170057078,308.61830840124514,0.5652173913043478,1.0,8,0.07608695652173914,1.0082196967696393,0.3011622235782262,0.4035326086956521,0.21195652173913043,,unclassified_planar_candidate,dark_ridge,607,BH03,acoustic,False,provisional_report_ticks,unknown,76.5404947559067,0.020876143464489558,,,
22279.686847553385,-3.518245146225378,-5.630620278304772,6.639422687809184,238.0011482329406,0.8858695652173914,1.0,8,0.03260869565217391,0.810157662023021,0.6541684982488185,0.8220108695652174,0.29891304347826086,,unclassified_planar_candidate,dark_ridge,608,BH03,acoustic,False,provisional_report_ticks,unknown,76.64888159840493,0.023712223885032795,,,
22304.135963209297,-2.174986980778336,-3.466021530751159,4.0919278608237795,237.89103537509527,0.7717391304347826,1.0,7,0.15217391304347827,0.9974627284253793,0.469223524257252,0.5801630434782609,0.33152173913043476,,unclassified_planar_candidate,dark_ridge,609,BH03,acoustic,False,provisional_report_ticks,unknown,76.73619986860461,0.014614028074370638,,,
22318.503160980323,-0.4380196651021897,-5.3646884185312675,5.382540576246476,265.33223009972266,0.5271739130434783,1.0,6,0.125,1.0151864603923633,0.142978532629633,0.21739130434782616,0.18478260869565216,,unclassified_planar_candidate,dark_ridge,610,BH03,acoustic,False,provisional_report_ticks,unknown,76.78751128921543,0.019223359200880266,,,
22339.708538846917,-0.2644787767074571,3.963283782443527,3.9720986094895157,93.81781486818551,0.8586956521739131,1.0,8,0.04891304347826087,1.043636255283281,0.5767368052065827,0.6222826086956522,0.3967391304347826,,unclassified_planar_candidate,dark_ridge,611,BH03,acoustic,False,provisional_report_ticks,unknown,76.86324478159612,0.014186066462462552,,,
22340.57274498672,-7.785185034330119,7.313144696314403,10.681347825438003,136.7907353094617,0.5869565217391305,1.0,7,0.14130434782608695,1.268716387674066,0.22163014074502246,0.33559782608695654,0.29347826086956524,,unclassified_planar_candidate,dark_ridge,612,BH03,acoustic,False,provisional_report_ticks,unknown,76.8663312320954,0.03814767080513572,,,
22384.337067751647,0.14073528422015882,-4.1318959998375835,4.134292076486415,271.95078039928234,0.6684782608695652,1.0,8,0.06521739130434782,0.9833297235342341,0.4502423626462724,0.5638586956521738,0.2608695652173913,,unclassified_planar_candidate,dark_ridge,613,BH03,acoustic,False,provisional_report_ticks,unknown,77.02263238482729,0.014765328844594335,,,
22414.277471402635,0.17311497155617542,1.1786754542342315,1.1913205361241648,81.64456558287857,0.8369565217391305,1.0,8,0.04891304347826087,1.275066785897772,0.5204012133124714,0.6847826086956522,0.44565217391304346,near_horizontal_check_acquisition_artifact,unclassified_planar_candidate,dark_ridge,614,BH03,acoustic,False,provisional_report_ticks,unknown,77.12956239786654,0.004254716200443444,,,
22476.458754428753,0.7585500356558077,-3.3109854103388527,3.396766483594386,282.90383339065056,0.5543478260869565,1.0,8,0.11956521739130435,1.0126481012004642,0.27443145742031994,0.3940217391304348,0.16847826086956522,,unclassified_planar_candidate,dark_ridge,615,BH03,acoustic,False,provisional_report_ticks,unknown,77.3516384086741,0.012131308869979946,,,
22529.41470451228,2.279467818010247,-1.4194414143781395,2.6852909455394607,328.0891737590852,0.7608695652173914,1.0,8,0.03804347826086957,1.1630204797545936,0.4967080483846157,0.5461956521739131,0.33695652173913043,,unclassified_planar_candidate,dark_ridge,616,BH03,acoustic,False,provisional_report_ticks,unknown,77.54076680182956,0.009590324805498072,,,
22537.64334830299,-5.666906279020083,-5.909966622370002,8.187889364953872,226.20276746915346,0.7065217391304348,1.0,8,0.07065217391304347,0.9800466274074062,0.39639706821084103,0.41847826086956524,0.3804347826086957,,unclassified_planar_candidate,dark_ridge,617,BH03,acoustic,False,provisional_report_ticks,unknown,77.57015481536781,0.02924246201769239,,,
22551.949732600737,4.529311624255748,-5.075748352462516,6.802785100761613,311.7439238453172,0.5597826086956522,1.0,7,0.15760869565217392,1.1325683728388456,0.19677839393055227,0.30434782608695654,0.20108695652173914,,unclassified_planar_candidate,dark_ridge,618,BH03,acoustic,False,provisional_report_ticks,unknown,77.62124904500261,0.024295661074148614,,,
22568.117691228777,6.94927366613717,-4.842759707028618,8.470225856899416,325.12840897639427,0.6902173913043478,1.0,8,0.08695652173913043,1.1754940507598535,0.41432617568817226,0.48641304347826086,0.28804347826086957,,unclassified_planar_candidate,dark_ridge,619,BH03,acoustic,False,provisional_report_ticks,unknown,77.67899175438848,0.03025080663178362,,,
22594.05184519165,2.757759805276509,-4.1893091809464185,5.015530934722732,303.3563143033912,0.782608695652174,1.0,7,0.10326086956521739,0.8909007077522783,0.5214824571476244,0.5203804347826088,0.3641304347826087,,unclassified_planar_candidate,dark_ridge,620,BH03,acoustic,False,provisional_report_ticks,unknown,77.7716137328273,0.01791261048115261,,,
22604.684377552723,6.33782449615047,-3.7219829135280458,7.349909941801986,329.5757721364684,0.6413043478260869,1.0,7,0.10326086956521739,1.2105560690104844,0.2766192633843212,0.3600543478260869,0.22282608695652173,,unclassified_planar_candidate,dark_ridge,621,BH03,acoustic,False,provisional_report_ticks,unknown,77.80958706268828,0.026249678363578513,,,
22642.65717916234,-2.0781114610439264,-1.7544817363283256,2.7196973007362013,220.17331160480222,0.5869565217391305,1.0,8,0.08152173913043478,1.0550189490744974,0.2999095867668887,0.39538043478260876,0.31521739130434784,,unclassified_planar_candidate,dark_ridge,622,BH03,acoustic,False,provisional_report_ticks,unknown,77.94520421129405,0.009713204645486431,,,
22660.646060782252,-4.605572953874605,-4.476327293139378,6.42252351251171,224.18467161879883,0.75,1.0,7,0.059782608695652176,1.0099144323565319,0.5036043295333359,0.5434782608695652,0.4782608695652174,,unclassified_planar_candidate,dark_ridge,623,BH03,acoustic,False,provisional_report_ticks,unknown,78.00945021707946,0.0229375839732561,,,
22728.414249158086,-1.015623202193774,-6.235904312361723,6.3180687778597235,260.7496268076623,0.8369565217391305,1.0,8,0.03804347826086957,1.0046338354951398,0.5760002839051053,0.6182065217391305,0.8586956521739131,,unclassified_planar_candidate,dark_ridge,624,BH03,acoustic,False,provisional_report_ticks,unknown,78.25147946127886,0.022564531349499005,,,
22740.17826733691,-2.855723979465328,-2.0050913614342694,3.4893481933724555,215.07386962558425,0.5652173913043478,1.0,6,0.21195652173913043,1.1142298577645773,0.16029420156997054,0.26086956521739124,0.375,,unclassified_planar_candidate,dark_ridge,625,BH03,acoustic,False,provisional_report_ticks,unknown,78.29349381191751,0.012461957833473052,,,
22746.257218971063,-1.626529016493338,-8.27731016402177,8.435606687898204,258.88276861585155,0.7228260869565217,1.0,8,0.05434782608695652,1.0175517779219732,0.47369057513522134,0.48641304347826086,0.30434782608695654,,unclassified_planar_candidate,dark_ridge,626,BH03,acoustic,False,provisional_report_ticks,unknown,78.31520435346806,0.030127166742493577,,,
22771.133718098325,0.2063026074949977,-6.89781649721583,6.900900897355511,271.7131140194655,0.8586956521739131,1.0,8,0.02717391304347826,0.8946428240961511,0.619957128416605,0.6793478260869565,0.7119565217391305,,unclassified_planar_candidate,dark_ridge,627,BH03,acoustic,False,provisional_report_ticks,unknown,78.40404899320829,0.02464607463341253,,,
22834.060889081542,5.461450545458488,13.708660130871015,14.75651736163453,68.27795005284854,0.7445652173913043,1.0,7,0.10869565217391304,0.8717855336521665,0.4962778441434011,0.6630434782608695,0.375,,unclassified_planar_candidate,dark_ridge,628,BH03,acoustic,False,provisional_report_ticks,unknown,78.62878888957692,0.05270184772012331,,,
22872.927443107546,-4.5798710483552,-3.0078659676007664,5.479277005099583,213.295219235625,0.6684782608695652,1.0,7,0.10326086956521739,1.0632071316003773,0.42057011851179943,0.5353260869565217,0.33695652173913043,,unclassified_planar_candidate,dark_ridge,629,BH03,acoustic,False,provisional_report_ticks,unknown,78.76759801109837,0.019568846446784218,,,
22947.703897746276,-2.3154179751199466,-5.35474378750772,5.833904475508755,246.61610321659253,0.6902173913043478,1.0,7,0.14130434782608695,1.0345066707158244,0.419821796144345,0.5258152173913043,0.22282608695652173,,unclassified_planar_candidate,dark_ridge,630,BH03,acoustic,False,provisional_report_ticks,unknown,79.03465677766526,0.020835373126816974,,,
22978.130762279125,-5.534411343629365,-2.1951613164055437,5.953859431120012,201.63518928021128,0.6630434782608695,1.0,8,0.06521739130434782,1.3211638650959512,0.3990199159392541,0.5122282608695652,0.15760869565217392,,unclassified_planar_candidate,dark_ridge,631,BH03,acoustic,False,provisional_report_ticks,unknown,79.14332415099686,0.021263783682571466,,,
22992.831508144325,-1.1157221775697292,-18.540269787567265,18.57381058838763,266.556189752523,0.7010869565217391,1.0,8,0.059782608695652176,1.2754874102576796,0.4308781314819159,0.5964673913043479,0.24456521739130435,,unclassified_planar_candidate,dark_ridge,632,BH03,acoustic,False,provisional_report_ticks,unknown,79.19582681480115,0.06633503781567009,,,
23060.75465577935,-2.345628682433027,-1.7008102402381744,2.8973659398066265,215.945785327698,0.717391304347826,1.0,8,0.08152173913043478,1.0811211407153674,0.4470456595018708,0.48641304347826086,0.17391304347826086,,unclassified_planar_candidate,dark_ridge,633,BH03,acoustic,False,provisional_report_ticks,unknown,79.43840948492624,0.010347735499309377,,,
23126.864321955825,-7.545339088529971,-7.65533614901923,10.748781954964892,225.4146037740573,0.8206521739130435,1.0,8,0.04891304347826087,0.8241110613899334,0.5930305333923669,0.6290760869565217,0.40217391304347827,,unclassified_planar_candidate,dark_ridge,634,BH03,acoustic,False,provisional_report_ticks,unknown,79.6745154355565,0.03838850698201746,,,
23132.94134556668,2.299978363421415,3.299909916282523,4.022350796211884,55.1241907860372,0.5,1.0,6,0.09239130434782608,1.3744182245058858,0.21525958514560176,0.375,0.22282608695652173,,unclassified_planar_candidate,dark_ridge,635,BH03,acoustic,False,provisional_report_ticks,unknown,79.69621909130956,0.014365538557899583,,,
23185.574219556238,-2.2341159417622274,-3.8587163332778185,4.458807663707994,239.93005738733157,0.5978260869565217,1.0,8,0.08152173913043478,1.0344237243528598,0.37626840395958877,0.483695652173913,0.16304347826086957,,unclassified_planar_candidate,dark_ridge,636,BH03,acoustic,False,provisional_report_ticks,unknown,79.88419364127226,0.0159243130846714,,,
23215.178231413436,3.8991821043061554,-5.9710180381844316,7.131386786233463,303.1452586315833,0.6847826086956522,1.0,8,0.08152173913043478,1.1147519491795126,0.42078972619498906,0.48505434782608703,0.29891304347826086,,unclassified_planar_candidate,dark_ridge,637,BH03,acoustic,False,provisional_report_ticks,unknown,79.98992225504797,0.02546923852226236,,,
23222.106382204085,-2.8321380690303006,-4.728717769158999,5.51196677987184,239.08163611980376,0.8858695652173914,1.0,8,0.02717391304347826,1.189307205233588,0.579742497618688,0.705163043478261,0.3967391304347826,,unclassified_planar_candidate,dark_ridge,638,BH03,acoustic,False,provisional_report_ticks,unknown,80.01466565072886,0.019685595642399422,,,
23272.960161460374,-4.696153902647567,-7.6256573992140035,8.955697194944637,238.37374538157252,0.6847826086956522,1.0,7,0.11413043478260869,1.128781741145689,0.4164037286287272,0.6073369565217391,0.29891304347826086,,unclassified_planar_candidate,dark_ridge,639,BH03,acoustic,False,provisional_report_ticks,unknown,80.19628629092989,0.03198463283908798,,,
23290.02922114486,-4.725282374885858,-19.258864215944556,19.830081805443886,256.21444602964027,0.5,1.0,7,0.11413043478260869,1.1891216477948787,0.2064853087931016,0.34646739130434784,0.1793478260869565,,unclassified_planar_candidate,dark_ridge,640,BH03,acoustic,False,provisional_report_ticks,unknown,80.25724721837449,0.07082172073372814,,,
23307.018851750076,1.5824730206288733,-1.387741372647333,2.1047676780051936,318.7510278233063,0.625,1.0,7,0.125,1.025801398700131,0.329378223902077,0.42391304347826086,0.31521739130434784,,unclassified_planar_candidate,dark_ridge,641,BH03,acoustic,False,provisional_report_ticks,unknown,80.31792447053597,0.0075170274214471176,,,
23358.82042506843,-0.2843429317936171,-2.218154430654515,2.2363049839172753,262.69515129397223,0.7228260869565217,1.0,8,0.059782608695652176,0.9588871709083624,0.426607281308582,0.4320652173913043,0.1956521739130435,,unclassified_planar_candidate,dark_ridge,642,BH03,acoustic,False,provisional_report_ticks,unknown,80.50293008953008,0.007986803513990266,,,
23366.13917497588,0.21341623445363755,-10.108568949127262,10.110821563472882,271.20947220842913,0.7554347826086957,1.0,8,0.03804347826086957,1.223139062126923,0.4505377718224882,0.4660326086956522,0.1793478260869565,,unclassified_planar_candidate,dark_ridge,643,BH03,acoustic,False,provisional_report_ticks,unknown,80.5290684820567,0.03611007701240314,,,
23372.16699210869,-4.368912586705152,-2.340335723503262,4.95626557893907,208.1770293640816,0.7391304347826086,1.0,8,0.043478260869565216,1.288746613119098,0.4163390664990435,0.45244565217391297,0.24456521739130435,,unclassified_planar_candidate,dark_ridge,644,BH03,acoustic,False,provisional_report_ticks,unknown,80.55059640038816,0.01770094849621096,,,
23404.447479068844,-4.410477133520279,-9.0728194970446,10.088030638893693,244.07469614860096,0.6358695652173914,1.0,7,0.10326086956521739,1.2605465649740064,0.30231520092889613,0.4035326086956522,0.20108695652173914,,unclassified_planar_candidate,dark_ridge,645,BH03,acoustic,False,provisional_report_ticks,unknown,80.66588385381728,0.036028680853191754,,,
23416.964810754293,-3.171502964708923,-4.162379405749179,5.232956465762196,232.69460360263716,0.6521739130434783,1.0,6,0.2391304347826087,0.9940067998884459,0.2865631255371176,0.40217391304347827,0.34782608695652173,,unclassified_planar_candidate,dark_ridge,646,BH03,acoustic,False,provisional_report_ticks,unknown,80.71058860983675,0.01868913023486498,,,
23478.50821784813,-2.9309636762613898,-7.454291427148421,8.009807035904306,248.53567200440125,0.5271739130434783,1.0,7,0.07608695652173914,1.156203654184315,0.2826761819159404,0.4266304347826087,0.33695652173913043,,unclassified_planar_candidate,dark_ridge,647,BH03,acoustic,False,provisional_report_ticks,unknown,80.93038649231474,0.028606453699658228,,,
23525.416614733847,-0.9917335592455012,-1.7452519522797432,2.0073464647314885,240.39274166887174,0.6847826086956522,1.0,7,0.10326086956521739,0.6961801822566248,0.48689626095119,0.6277173913043479,0.22282608695652173,,unclassified_planar_candidate,dark_ridge,648,BH03,acoustic,False,provisional_report_ticks,unknown,81.0979164811923,0.007169094516898171,,,
23653.499787412944,-1.146962152018659,-2.3385930766965983,2.6047149088789996,243.874374784436,0.7989130434782609,1.0,8,0.043478260869565216,1.1832475344076152,0.5151120762525718,0.7758152173913043,0.43478260869565216,,unclassified_planar_candidate,dark_ridge,649,BH03,acoustic,False,provisional_report_ticks,unknown,81.55535638361764,0.009302553245996424,,,
23792.885745850315,-3.2528036933836053,-6.197173583538707,6.9989779462575825,242.30569104121543,0.9565217391304348,1.0,8,0.03804347826086957,0.5315600979024504,0.7707243539586502,0.8559782608695652,0.9619565217391305,,unclassified_planar_candidate,dark_ridge,650,BH03,acoustic,False,provisional_report_ticks,unknown,82.05316337803683,0.024996349808062788,,,
23841.871441612264,0.32627892515748164,-1.9728290358180733,1.9996280508056468,279.39093136707777,0.6032608695652174,1.0,6,0.08152173913043478,1.1027497240314235,0.35445879961262583,0.46195652173913043,0.45108695652173914,near_horizontal_check_acquisition_artifact,unclassified_planar_candidate,dark_ridge,651,BH03,acoustic,False,provisional_report_ticks,unknown,82.22811229147236,0.007141528752877308,,,
23861.723693199434,3.7725009841687767,5.4065899408878915,6.592645786364115,55.0942150592271,0.5,1.0,6,0.20652173913043478,1.0754795203060306,0.21242944758151436,0.38315217391304346,0.3423913043478261,,unclassified_planar_candidate,dark_ridge,652,BH03,acoustic,False,provisional_report_ticks,unknown,82.29901318999796,0.023545163522728976,,,
23894.775827596557,-3.3391710837175865,-4.94553612171128,5.967276686855297,235.97321532993305,0.5434782608695652,1.0,6,0.11413043478260869,0.6146456861132255,0.37840199391469487,0.48233695652173914,0.1793478260869565,,unclassified_planar_candidate,dark_ridge,653,BH03,acoustic,False,provisional_report_ticks,unknown,82.41705652713054,0.021311702453054627,,,
24000.79449835731,-14.399842967728006,3.4675849480843093,14.811469301436862,166.46054789824865,0.5869565217391305,1.0,6,0.15760869565217392,1.173869131464768,0.3170753305189554,0.4741847826086957,0.2391304347826087,,unclassified_planar_candidate,dark_ridge,654,BH03,acoustic,False,provisional_report_ticks,unknown,82.79569463699038,0.052898104647988775,,,
24006.091088208133,10.20347862011632,-0.8385188364890922,10.237875257606817,355.30200688202115,0.5,1.0,6,0.11413043478260869,1.295958668555444,0.19457277878698892,0.3383152173913043,0.20108695652173914,,unclassified_planar_candidate,dark_ridge,655,BH03,acoustic,False,provisional_report_ticks,unknown,82.81461102931475,0.03656384020573862,,,
24011.691247730825,-5.010082903909199,-3.517163712132985,6.1213863856146435,215.06951014369355,0.8804347826086957,1.0,8,0.043478260869565216,0.5778911280667752,0.6945983174741732,0.7948369565217391,0.8260869565217391,,unclassified_planar_candidate,dark_ridge,656,BH03,acoustic,False,provisional_report_ticks,unknown,82.83461159903865,0.021862094234338006,,,
24038.7791085355,-0.18392506629107266,-4.847973046438984,4.851460717042761,267.8273232246329,0.6793478260869565,1.0,8,0.04891304347826087,0.8243460132411334,0.49088086976032974,0.5557065217391305,0.15217391304347827,,unclassified_planar_candidate,dark_ridge,657,BH03,acoustic,False,provisional_report_ticks,unknown,82.93135395905533,0.017326645418009854,,,
24096.379613544163,-2.7836417843832826,-2.5386196045445653,3.7673931411975774,222.3641220647633,0.592391304347826,1.0,7,0.15217391304347827,1.1031342993029856,0.306138250139892,0.4402173913043478,0.3423913043478261,,unclassified_planar_candidate,dark_ridge,658,BH03,acoustic,False,provisional_report_ticks,unknown,83.137070048372,0.013454975504277059,,,
24098.65529174966,4.639944911411429,5.766126894684219,7.401169376965608,51.176712669045045,0.9021739130434783,1.0,8,0.03804347826086957,0.44325308814000464,0.7486490048432812,0.7445652173913043,0.6141304347826086,,unclassified_planar_candidate,dark_ridge,659,BH03,acoustic,False,provisional_report_ticks,unknown,83.14519747053448,0.026432747774877165,,,
24120.78111365982,0.5193762050184828,-0.019637375793733657,0.5197473125158661,357.8347043037377,0.6684782608695652,1.0,8,0.04891304347826087,0.6014133810096963,0.5202882401877436,0.5339673913043478,0.2717391304347826,near_horizontal_check_acquisition_artifact,unclassified_planar_candidate,dark_ridge,660,BH03,acoustic,False,provisional_report_ticks,unknown,83.22421826307077,0.0018562404018423785,,,
24138.719762532142,-1.6351192706695776,-4.623155271246964,4.903792378493772,250.52231257401678,0.6847826086956522,1.0,7,0.09782608695652174,0.7314946363995843,0.4512264963333279,0.4660326086956522,0.3532608695652174,,unclassified_planar_candidate,dark_ridge,661,BH03,acoustic,False,provisional_report_ticks,unknown,83.2882848661862,0.017513544208906322,,,
24140.008424680338,-2.5178760304129693,5.176399588419023,5.756284600635448,115.93896211397035,0.5271739130434783,1.0,7,0.25,1.2508310555674405,0.16569403407755337,0.3179347826086957,0.15217391304347827,,unclassified_planar_candidate,dark_ridge,662,BH03,acoustic,False,provisional_report_ticks,unknown,83.29288723100119,0.020558159287983737,,,
24172.32851741067,-2.623524124098172,-4.143033245608412,4.9038355706468835,237.6564745143413,0.6086956521739131,1.0,7,0.07608695652173914,0.551763116327434,0.39161408511925244,0.41847826086956524,0.16847826086956522,,unclassified_planar_candidate,dark_ridge,663,BH03,acoustic,False,provisional_report_ticks,unknown,83.40831613360953,0.017513698466596006,,,
24205.87545880196,13.745546528092056,-9.405887414922788,16.65565271666489,325.61670323463505,0.5,1.0,6,0.19021739130434784,1.171979244474035,0.15484336229785425,0.28260869565217395,0.21195652173913043,,unclassified_planar_candidate,dark_ridge,664,BH03,acoustic,False,provisional_report_ticks,unknown,83.52812663857841,0.05948447398808887,,,
24211.031732560055,-0.032260697487298894,1.3096045973777393,1.3100018908670619,91.41113436934926,0.6847826086956522,1.0,8,0.10326086956521739,0.9743810070282369,0.44377491052429385,0.5271739130434783,0.4076086956521739,near_horizontal_check_acquisition_artifact,unclassified_planar_candidate,dark_ridge,665,BH03,acoustic,False,provisional_report_ticks,unknown,83.54654190200019,0.0046785781816680765,,,
24229.386647931402,-0.7899741284263638,-6.236307628495689,6.286142852402936,262.7806009437004,0.9184782608695652,1.0,8,0.021739130434782608,0.7258027453457826,0.7054282612369137,0.6915760869565217,0.8695652173913043,,unclassified_planar_candidate,dark_ridge,666,BH03,acoustic,False,provisional_report_ticks,unknown,83.61209517118357,0.022450510187153334,,,
24265.06458324244,-1.059744664360375,2.3118158627123884,2.5431380884114234,114.62689074898273,0.532608695652174,1.0,6,0.2391304347826087,0.9002990753714917,0.253687690941706,0.422554347826087,0.20652173913043478,,unclassified_planar_candidate,dark_ridge,667,BH03,acoustic,False,provisional_report_ticks,unknown,83.73951636872299,0.009082636030040796,,,
24296.65049837005,3.225337696998589,1.873157420396855,3.7298152744161426,30.14644287229959,0.6902173913043478,1.0,7,0.17391304347826086,0.7556231638227003,0.4239541109813811,0.47826086956521735,0.33152173913043476,,unclassified_planar_candidate,dark_ridge,668,BH03,acoustic,False,provisional_report_ticks,unknown,83.85232320846445,0.013320768837200505,,,
24312.462029964747,4.407397385527951,0.45008395161757503,4.430319094316155,5.830838957809908,0.5489130434782609,1.0,7,0.14673913043478262,1.2082252215602602,0.2118499632772579,0.3383152173913043,0.23369565217391305,,unclassified_planar_candidate,dark_ridge,669,BH03,acoustic,False,provisional_report_ticks,unknown,83.90879296415979,0.015822568193986263,,,
24336.548437664398,2.327122480338161,-6.660794357592771,7.0556134044202645,289.25819524838204,0.8695652173913043,1.0,8,0.03804347826086957,1.2869805811573947,0.5446883436153859,0.7024456521739131,0.625,,unclassified_planar_candidate,dark_ridge,670,BH03,acoustic,False,provisional_report_ticks,unknown,83.99481584880141,0.025198619301500937,,,
24393.113234040517,-2.577488137490246,-2.4254014421460934,3.539211388779609,223.25875770417784,0.7554347826086957,1.0,8,0.059782608695652176,0.9811827739639463,0.5121350535584663,0.6317934782608696,0.5163043478260869,,unclassified_planar_candidate,dark_ridge,671,BH03,acoustic,False,provisional_report_ticks,unknown,84.19683297871612,0.012640040674212885,,,
24435.655485701016,-5.358495560488296,-2.2124847942761905,5.797289335256274,202.43538306069934,0.7010869565217391,1.0,7,0.09782608695652174,1.0430895723482707,0.4467447633731682,0.5353260869565217,0.28804347826086957,,unclassified_planar_candidate,dark_ridge,672,BH03,acoustic,False,provisional_report_ticks,unknown,84.34876959178932,0.0207046047687724,,,
24440.25328670984,2.4342180059134617,-3.5728603632413614,4.3232798285022564,304.26691371733835,0.782608695652174,1.0,8,0.043478260869565216,1.236713294306922,0.4956863132094587,0.6467391304347827,0.29891304347826086,,unclassified_planar_candidate,dark_ridge,673,BH03,acoustic,False,provisional_report_ticks,unknown,84.36519030967798,0.01544028510179377,,,
24569.54957166645,-4.379487182520825,-1.6404455565951006,4.676640846378606,200.53468386567147,0.6739130434782609,1.0,7,0.11413043478260869,0.8783182069460949,0.44547574212356306,0.5855978260869565,0.33152173913043476,,unclassified_planar_candidate,dark_ridge,674,BH03,acoustic,False,provisional_report_ticks,unknown,84.8269627559516,0.016702288737066445,,,
24596.647073143366,-0.1656806658846677,0.17908185095912307,0.2439680150981527,,0.5869565217391305,1.0,6,0.15217391304347827,0.9784990345496262,0.3279079324008272,0.4565217391304348,0.2608695652173913,near_horizontal_check_acquisition_artifact,unclassified_planar_candidate,dark_ridge,675,BH03,acoustic,False,provisional_report_ticks,unknown,84.92373954694058,0.0008713143396362594,,,
24617.55870295869,1.9156284106190626,-4.456481157358905,4.850758344162887,293.26055952795684,0.8586956521739131,1.0,8,0.03260869565217391,1.226035186962794,0.5520198199996434,0.7282608695652174,0.29891304347826086,,unclassified_planar_candidate,dark_ridge,676,BH03,acoustic,False,provisional_report_ticks,unknown,84.99842393913816,0.01732413694343888,,,
24637.80927998466,1.678388807599472,-2.983316786607594,3.423034916376086,299.3617379351628,0.5815217391304348,1.0,6,0.16304347826086957,1.146779914730207,0.33208973849445345,0.5298913043478262,0.1956521739130435,,unclassified_planar_candidate,dark_ridge,677,BH03,acoustic,False,provisional_report_ticks,unknown,85.07074742851663,0.012225124701343161,,,
24679.59410533769,5.7490744304303005,-9.780288690047666,11.344862434921886,300.44797339918927,0.5380434782608695,1.0,7,0.1358695652173913,0.9868141790434506,0.2882385950370221,0.4307065217391304,0.15760869565217392,,unclassified_planar_candidate,dark_ridge,678,BH03,acoustic,False,provisional_report_ticks,unknown,85.21997894763459,0.040517365839006725,,,
24731.32635967015,2.42190587159637,-8.507535064004463,8.845551476088893,285.8904735295721,0.8586956521739131,1.0,8,0.03260869565217391,0.4632167461337206,0.7118425611913403,0.7948369565217391,0.7010869565217391,,unclassified_planar_candidate,dark_ridge,679,BH03,acoustic,False,provisional_report_ticks,unknown,85.40473699882195,0.03159125527174604,,,
24807.914456611503,-0.37773306802610007,-3.5648816423792895,3.5848379872531577,263.9515368108566,0.5869565217391305,1.0,6,0.09239130434782608,0.9870100596834719,0.3687870676498137,0.4809782608695653,0.2608695652173913,,unclassified_planar_candidate,dark_ridge,680,BH03,acoustic,False,provisional_report_ticks,unknown,85.67826591646964,0.012802992811618417,,,
24879.410785579457,8.305473110759408,-7.2842955505604445,11.0472551007688,318.747695015294,0.7608695652173914,1.0,8,0.10326086956521739,1.1674275513787122,0.40581546160317483,0.43885869565217395,0.28804347826086957,,unclassified_planar_candidate,dark_ridge,681,BH03,acoustic,False,provisional_report_ticks,unknown,85.93360994849805,0.0394544825027457,,,
24892.855663525574,9.997086907075367,-6.742461413474909,12.058297248775045,326.0025953547369,0.5380434782608695,1.0,6,0.11413043478260869,1.2221423116124486,0.1559892566523526,0.24592391304347822,0.31521739130434784,,unclassified_planar_candidate,dark_ridge,682,BH03,acoustic,False,provisional_report_ticks,unknown,85.98162736973417,0.04306534731705372,,,
24908.240288788013,-6.875425949850669,-7.204086559947132,9.958430858076532,226.33722290574693,0.6032608695652174,1.0,7,0.1358695652173913,1.3322437201443142,0.32346299565459247,0.4836956521739131,0.23369565217391305,,unclassified_planar_candidate,dark_ridge,683,BH03,acoustic,False,provisional_report_ticks,unknown,86.03657245995717,0.03556582449313046,,,
24925.483592038665,11.867859788992991,-2.9989237233553423,12.240900272026574,345.8186338129881,0.8695652173913043,1.0,8,0.03260869565217391,1.0555396616722603,0.591696938384478,0.7228260869565217,0.43478260869565216,,unclassified_planar_candidate,dark_ridge,684,BH03,acoustic,False,provisional_report_ticks,unknown,86.09815568585236,0.043717500971523465,,,
25047.265177401707,-10.10906178241797,-7.0936572823261566,12.349619579559626,215.0578275324025,0.6413043478260869,1.0,8,0.09782608695652174,1.0699058919803033,0.28505039887434197,0.35190217391304346,0.16847826086956522,,unclassified_planar_candidate,dark_ridge,685,BH03,acoustic,False,provisional_report_ticks,unknown,86.5330899192918,0.04410578421271294,,,
25047.556014471873,9.629414517025063,2.191318181797519,9.875601212815827,12.82019120130241,0.5434782608695652,1.0,7,0.10869565217391304,1.2306330556570053,0.18079164111540996,0.28125,0.18478260869565216,,unclassified_planar_candidate,dark_ridge,686,BH03,acoustic,False,provisional_report_ticks,unknown,86.53412862311382,0.03527000433148508,,,
25048.380190434455,2.2718405375574418,-8.94738000838277,9.23129830752408,284.2469650410162,0.9239130434782609,1.0,8,0.03260869565217391,0.5577254303775567,0.742154375167652,0.5842391304347826,0.483695652173913,,unclassified_planar_candidate,dark_ridge,687,BH03,acoustic,False,provisional_report_ticks,unknown,86.53707210869446,0.032968922526871704,,,
25077.179869522828,-4.112218705876199,-6.500496121065075,7.691995352633815,237.68252412504407,0.7445652173913043,1.0,8,0.07608695652173914,0.8596267863185051,0.5165235405283981,0.5720108695652173,0.7010869565217391,,unclassified_planar_candidate,dark_ridge,688,BH03,acoustic,False,provisional_report_ticks,unknown,86.63992810543866,0.027471411973692187,,,
25268.817403777553,3.2863980858234942,-9.065576796875643,9.642877943775622,289.92628727952774,0.5652173913043478,1.0,6,0.21739130434782608,1.0011936173107228,0.2935817970958139,0.4633152173913043,0.22282608695652173,,unclassified_planar_candidate,dark_ridge,689,BH03,acoustic,False,provisional_report_ticks,unknown,87.3243478706341,0.03443884979919864,,,
25424.964297316477,4.927413670859372,1.4497838186108156,5.136270885036885,16.395367529784828,0.7010869565217391,1.0,8,0.125,0.6922951247172434,0.4870347576780156,0.6399456521739131,0.2608695652173913,,unclassified_planar_candidate,dark_ridge,690,BH03,acoustic,False,provisional_report_ticks,unknown,87.88201534755883,0.018343824589417444,,,
25478.434744196646,-0.02011445004465892,0.5937411915974303,0.5940818072455473,91.94029405937314,1.0,1.0,8,0.0,0.26896393267805235,0.9142468711919244,0.8614130434782609,1.0,near_horizontal_check_acquisition_artifact,unclassified_planar_candidate,dark_ridge,691,BH03,acoustic,False,provisional_report_ticks,unknown,88.07298122927372,0.0021217207401626683,,,
25614.1024854285,-3.0596188331057275,-3.2749487866715548,4.481802869294537,226.94689669869015,0.5054347826086957,1.0,6,0.15760869565217392,1.107235972147896,0.24477315415803638,0.4157608695652174,0.44021739130434784,,unclassified_planar_candidate,dark_ridge,692,BH03,acoustic,False,provisional_report_ticks,unknown,88.55750887653033,0.016006438818909056,,,
