center_row_px,sin_coefficient_px,cos_coefficient_px,amplitude_px,phase_deg,support_fraction,valid_fraction,sectors,max_gap_fraction,rmse_px,quality_score,support_excess,longest_chain_fraction,review_flag,feature_type,evidence_kind,candidate_id,borehole,channel,annotated_input,calibration_status,geographic_orientation_status,depth_m,amplitude_m,borehole_relative_dip_deg,true_dip_deg,true_dip_azimuth_deg
1314.5505938429803,-0.5252081044151966,-0.2897099649193495,0.5998128180665822,208.88156152658829,0.7284768211920529,1.0,8,0.046357615894039736,0.34901896125461285,0.618408731681623,0.5860927152317881,0.31125827814569534,near_horizontal_check_acquisition_artifact,unclassified_planar_candidate,dark_ridge,1,BH01,optical,False,provisional_report_ticks,unknown,4.294823549439216,0.0021421886359520794,,,
1320.975328463581,-2.264791624525877,0.5626857589365901,2.3336444386051203,166.047412386653,0.5231788079470199,1.0,7,0.09271523178807947,0.9533466939539256,0.24936313255096318,0.3609271523178808,0.16556291390728478,,unclassified_planar_candidate,bright_ridge,2,BH01,optical,False,provisional_report_ticks,unknown,4.317769030227075,0.008334444423589715,,,
1399.2143000417996,0.022233378470326623,-0.31419944569776936,0.31498510249691225,,0.7417218543046358,1.0,7,0.12582781456953643,0.6136972892922852,0.5284407219162075,0.652317880794702,0.2913907284768212,near_horizontal_check_acquisition_artifact,unclassified_planar_candidate,dark_ridge,3,BH01,optical,False,provisional_report_ticks,unknown,4.597193928720713,0.0011249467946318297,,,
1763.218863561588,6.439041881306068,-3.954018612390923,7.556157987783701,328.4471872303314,0.5562913907284768,1.0,6,0.2913907284768212,0.6835170688883343,0.3086806777179191,0.4917218543046357,0.31788079470198677,,unclassified_planar_candidate,dark_ridge,4,BH01,optical,False,provisional_report_ticks,unknown,5.897210227005671,0.026986278527798935,,,
1916.4725940007306,3.662689541756618,0.8169486658457539,3.7526923404297965,12.573783890029807,0.5960264900662252,1.0,7,0.09933774834437085,1.1156734079315094,0.37009844042014134,0.5413907284768212,0.2582781456953642,,unclassified_planar_candidate,dark_ridge,5,BH01,optical,False,provisional_report_ticks,unknown,6.444544978574038,0.013402472644392132,,,
1941.738233517634,6.985024778099358,-18.173413965442645,19.46955434287102,291.02446474738247,0.5298013245033113,1.0,6,0.11920529801324503,1.1576351755336256,0.26787742438504863,0.4221854304635762,0.17880794701986755,,unclassified_planar_candidate,bright_ridge,6,BH01,optical,False,provisional_report_ticks,unknown,6.534779405420122,0.06953412265311079,,,
2261.266582446849,10.26104014053951,-19.787468975579817,22.289748164241264,297.40956313174235,0.5827814569536424,1.0,8,0.08609271523178808,1.1088716550720565,0.3607173389062471,0.49006622516556286,0.2185430463576159,,unclassified_planar_candidate,dark_ridge,7,BH01,optical,False,provisional_report_ticks,unknown,7.675952080167319,0.0796062434437188,,,
2576.4692134274137,7.293746837283469,-11.349584049976055,13.491174931556314,302.72660127361553,0.6622516556291391,1.0,7,0.06622516556291391,1.3325632446836237,0.3966038539415394,0.6109271523178809,0.19205298013245034,,unclassified_planar_candidate,dark_ridge,8,BH01,optical,False,provisional_report_ticks,unknown,8.801675762240764,0.04818276761270113,,,
1309.4428799468644,-0.5289896805446701,0.17961813507818727,0.5586526260313452,161.24511156490155,0.7417218543046358,1.0,7,0.11920529801324503,0.5388308014753723,0.5458986510407147,0.6026490066225165,0.33112582781456956,near_horizontal_check_acquisition_artifact,unclassified_planar_candidate,dark_ridge,1,BH01,acoustic,True,provisional_report_ticks,unknown,4.276581714095944,0.0019951879501119473,,,
1377.411859079492,0.24129579913469426,-2.0745405484302872,2.088526310526513,276.6344263100614,0.9470198675496688,1.0,8,0.013245033112582781,0.8143181543345113,0.7123341811020012,0.9105960264900662,0.40397350993377484,,unclassified_planar_candidate,dark_ridge,2,BH01,acoustic,True,provisional_report_ticks,unknown,4.519328068141043,0.007459022537594689,,,
1398.537246334663,-0.35208401101963566,-0.4429876230938616,0.565863221132125,231.5225249430926,0.5033112582781457,1.0,7,0.11920529801324503,0.5198102242994892,0.27156690277304346,0.3642384105960265,0.2119205298013245,near_horizontal_check_acquisition_artifact,unclassified_planar_candidate,dark_ridge,3,BH01,acoustic,True,provisional_report_ticks,unknown,4.594775879766654,0.002020940075471875,,,
1467.1060038821638,-0.1536365834604251,-0.7142457506037236,0.7305827756201679,257.8604654428753,0.5364238410596026,1.0,7,0.152317880794702,0.7850120855811775,0.3048230192862579,0.4354304635761589,0.16556291390728478,near_horizontal_check_acquisition_artifact,unclassified_planar_candidate,dark_ridge,4,BH01,acoustic,True,provisional_report_ticks,unknown,4.839664299579157,0.002609224198643457,,,
1520.0027427254847,-1.4118908128456842,16.558800422318296,16.618884050788928,94.87355317765916,0.5562913907284768,1.0,7,0.12582781456953643,1.2017105934479169,0.271848846138012,0.4172185430463576,0.23178807947019867,,unclassified_planar_candidate,dark_ridge,5,BH01,acoustic,True,provisional_report_ticks,unknown,5.028581224019589,0.059353157324246175,,,
1523.138453667283,5.915649423376151,12.797455665856095,14.09857367324237,65.19116544462233,0.5298013245033113,1.0,6,0.12582781456953643,1.2004011508368269,0.23434843756511808,0.3774834437086093,0.15894039735099338,,unclassified_planar_candidate,dark_ridge,6,BH01,acoustic,True,provisional_report_ticks,unknown,5.039780191668869,0.05035204883300847,,,
1553.5988877877928,4.27036324120631,6.395977171445567,7.690547847162704,56.270393006182836,0.5231788079470199,1.0,6,0.15894039735099338,1.2066318003635144,0.23680910918745465,0.402317880794702,0.23178807947019867,,unclassified_planar_candidate,dark_ridge,7,BH01,acoustic,True,provisional_report_ticks,unknown,5.148567456384974,0.027466242311295373,,,
1877.31419061284,7.9234312087699825,-10.26314274852897,12.965834381049024,307.6691375071388,0.6556291390728477,1.0,8,0.059602649006622516,1.2758979816907434,0.40296237119305967,0.5778145695364238,0.23841059602649006,,unclassified_planar_candidate,dark_ridge,8,BH01,acoustic,True,provisional_report_ticks,unknown,6.304693537903001,0.046306551360889375,,,
3579.264489107123,-6.16502029538553,3.1160422385036837,6.907763348194155,153.18618216404448,0.5822784810126582,1.0,8,0.13924050632911392,0.99888365819139,0.33879619409692685,0.4715189873417721,0.2848101265822785,,unclassified_planar_candidate,dark_ridge,1,BH02,optical,False,provisional_report_ticks,unknown,10.93308746109687,0.0246705833864077,,,
3590.633417675869,-4.303496335771746,-2.947466176811237,5.216094091889745,214.40725739823125,0.569620253164557,1.0,6,0.15822784810126583,0.954457759963983,0.3388904703381185,0.4857594936708861,0.24050632911392406,,unclassified_planar_candidate,bright_ridge,2,BH02,optical,False,provisional_report_ticks,unknown,10.97369077741382,0.018628907471034805,,,
3677.674714797263,4.705292133735471,2.820206671523004,5.485739670627449,30.937169432728755,0.5759493670886076,1.0,7,0.1962025316455696,1.1946612254515547,0.3010373326469211,0.4841772151898734,0.18354430379746836,,unclassified_planar_candidate,dark_ridge,3,BH02,optical,False,provisional_report_ticks,unknown,11.28455255284737,0.019591927395098036,,,
3709.519796360517,-4.79223672886878,-7.245669327974639,8.687074126302331,236.51961917724395,0.5063291139240507,1.0,6,0.24050632911392406,1.0374056951008017,0.19806966006944957,0.36392405063291144,0.21518987341772153,,unclassified_planar_candidate,bright_ridge,4,BH02,optical,False,provisional_report_ticks,unknown,11.398284987001848,0.031025264736794043,,,
3726.0826058199373,-6.117230731597692,-4.402950595533999,7.537007746467853,215.7449077555888,0.5063291139240507,1.0,7,0.14556962025316456,1.2912523475849367,0.22700465149004845,0.4034810126582279,0.16455696202531644,,unclassified_planar_candidate,dark_ridge,5,BH02,optical,False,provisional_report_ticks,unknown,11.45743787792835,0.026917884808813762,,,
3814.3634769389596,7.834413458712313,5.465203813534256,9.552302704872893,34.899219216396816,0.5063291139240507,1.0,7,0.12025316455696203,1.120579559905365,0.2532348843059064,0.41297468354430383,0.20253164556962025,,unclassified_planar_candidate,bright_ridge,6,BH02,optical,False,provisional_report_ticks,unknown,11.77272670335343,0.034115366803117476,,,
4125.374873120531,-7.594848336614365,-1.4365243664103013,7.729509914054351,190.71065517013938,0.6139240506329114,1.0,8,0.0759493670886076,1.2892496068704116,0.26749817239659135,0.3623417721518988,0.1962025316455696,,unclassified_planar_candidate,dark_ridge,7,BH02,optical,False,provisional_report_ticks,unknown,12.883481689716186,0.027605392550194112,,,
4135.419692014224,-6.564137767956302,-1.5981840421203577,6.755893491552284,193.6836835076918,0.6392405063291139,1.0,8,0.06962025316455696,0.8477618116654407,0.4142802323919822,0.4620253164556962,0.189873417721519,,unclassified_planar_candidate,dark_ridge,8,BH02,optical,False,provisional_report_ticks,unknown,12.919356042907944,0.024128191041258157,,,
4151.023532746503,-2.0402894619980927,1.2737249546308786,2.4052351961481646,148.02402775630998,0.5759493670886076,1.0,7,0.08227848101265822,0.8518292633756791,0.3160581133289664,0.39715189873417717,0.15822784810126583,,unclassified_planar_candidate,bright_ridge,9,BH02,optical,False,provisional_report_ticks,unknown,12.975084045523229,0.00859012570052916,,,
4175.389972389991,-1.6442103416638436,-4.8231494841740785,5.095703935112695,251.1757706429595,0.8544303797468354,1.0,8,0.02531645569620253,0.9867164578800351,0.5993747975206987,0.685126582278481,0.5569620253164557,,unclassified_planar_candidate,dark_ridge,10,BH02,optical,False,provisional_report_ticks,unknown,13.06210704424997,0.018198942625402486,,,
4185.537179062075,-4.96431558822914,-4.631370975635237,6.7892581607633185,223.01278718745803,0.5379746835443038,1.0,6,0.2088607594936709,1.1308424594280422,0.2716244120465891,0.4651898734177215,0.18354430379746836,,unclassified_planar_candidate,bright_ridge,11,BH02,optical,False,provisional_report_ticks,unknown,13.09834706807884,0.02424735057415471,,,
4198.440394575504,1.0068967292966742,1.1231821960144377,1.508436034080383,48.12479471335949,0.5822784810126582,1.0,6,0.15822784810126583,1.125219346341912,0.3304514951995889,0.49050632911392406,0.1962025316455696,near_horizontal_check_acquisition_artifact,unclassified_planar_candidate,dark_ridge,12,BH02,optical,False,provisional_report_ticks,unknown,13.144429980626802,0.005387271550287083,,,
4238.357120265206,-4.798117576193896,0.18650159609159905,4.801740842686692,177.7740483671943,0.6835443037974683,1.0,7,0.10126582278481013,0.6768100400437548,0.49025229726588493,0.6487341772151899,0.4430379746835443,,unclassified_planar_candidate,dark_ridge,13,BH02,optical,False,provisional_report_ticks,unknown,13.28698971523288,0.017149074438166757,,,
5442.5592916467085,-2.043043707004846,-0.5415686552975103,2.113604550792995,194.8464739562509,0.5759493670886076,1.0,8,0.06329113924050633,0.8868663584873274,0.4014226545920302,0.5727848101265822,0.17721518987341772,,unclassified_planar_candidate,dark_ridge,14,BH02,optical,False,provisional_report_ticks,unknown,17.587711755881102,0.007548587681403553,,,
5690.002421757788,0.9915648652869614,-4.324684997457705,4.436902208670741,282.913591742005,0.5632911392405063,1.0,7,0.1962025316455696,1.0765368017170287,0.28923153978586513,0.4572784810126582,0.27848101265822783,,unclassified_planar_candidate,dark_ridge,15,BH02,optical,False,provisional_report_ticks,unknown,18.47143722056353,0.01584607931668122,,,
6049.84504241456,-1.6953846799454295,-1.530047739460437,2.283719618959749,222.06556410292546,0.7025316455696202,1.0,8,0.0379746835443038,0.4148076292800806,0.5885763914493145,0.5933544303797468,0.1962025316455696,,unclassified_planar_candidate,dark_ridge,16,BH02,optical,False,provisional_report_ticks,unknown,19.756589437194858,0.008156141496284817,,,
6056.06348399756,-6.972476574768324,-9.050396954757671,11.42475884316076,232.3891421809471,0.5379746835443038,1.0,6,0.13291139240506328,1.1436421372432186,0.27425085101350977,0.430379746835443,0.3037974683544304,,unclassified_planar_candidate,dark_ridge,17,BH02,optical,False,provisional_report_ticks,unknown,19.778798157134144,0.04080271015414558,,,
6408.042289334184,-1.5801646010727106,-2.0389752933372516,2.5796008244150896,232.22503990082205,0.8607594936708861,1.0,8,0.06962025316455696,0.668070619624543,0.6409570685274462,0.8338607594936709,0.8164556962025317,,unclassified_planar_candidate,dark_ridge,18,BH02,optical,False,provisional_report_ticks,unknown,21.035865319050657,0.00921286008719675,,,
6912.4623100330155,-6.389878268563214,0.36010416621422625,6.4000171326006035,176.77448502833363,0.5253164556962026,1.0,8,0.11392405063291139,0.9212154472371981,0.33047994960853355,0.4825949367088608,0.16455696202531644,,unclassified_planar_candidate,dark_ridge,19,BH02,optical,False,provisional_report_ticks,unknown,22.837365392975055,0.022857204045002157,,,
7391.547424259902,-3.752259662980258,-4.774389692844504,6.072417106685653,231.83569934686747,0.8417721518987342,1.0,8,0.02531645569620253,0.846920522477582,0.6186626317727523,0.8322784810126582,0.20253164556962025,,unclassified_planar_candidate,dark_ridge,20,BH02,optical,False,provisional_report_ticks,unknown,24.54838365807108,0.02168720395244876,,,
1787.8885700609692,-0.03342187912122869,-0.3064114082780867,0.3082287675200911,,0.5081081081081081,1.0,6,0.15675675675675677,0.634741100930646,0.2680310565777397,0.38648648648648654,0.2756756756756757,near_horizontal_check_acquisition_artifact,unclassified_planar_candidate,bright_ridge,1,BH03,optical,False,provisional_report_ticks,unknown,3.4638877502177468,0.0011008170268574679,,,
2235.7540008408505,0.9798774019189422,-0.339577442771905,1.0370499324675369,340.886192744974,0.8540540540540541,1.0,8,0.032432432432432434,0.8555760464766559,0.6213114290002217,0.6594594594594595,0.43243243243243246,near_horizontal_check_acquisition_artifact,unclassified_planar_candidate,bright_ridge,2,BH03,optical,False,provisional_report_ticks,unknown,5.063407145860179,0.0037037497588126305,,,
2242.940227976628,6.90556668606614,-4.384366881399139,8.179824216107344,327.58840240757775,0.6378378378378379,1.0,7,0.22162162162162163,1.3105112304841693,0.284352617462942,0.44324324324324327,0.2972972972972973,,unclassified_planar_candidate,bright_ridge,3,BH03,optical,False,provisional_report_ticks,unknown,5.089072242773671,0.029213657914669077,,,
2313.216623713999,13.347350634936495,15.106148230513227,20.158062489589064,48.537126613080744,0.6270270270270271,1.0,8,0.07027027027027027,0.9527560057415081,0.42434336961803737,0.5337837837837838,0.31351351351351353,,unclassified_planar_candidate,dark_ridge,4,BH03,optical,False,provisional_report_ticks,unknown,5.340059370407138,0.07199308031996092,,,
2328.937263391528,5.925793918618558,0.3333172166169152,5.935160817773174,3.2194111267269094,0.5513513513513514,1.0,6,0.2,1.0335861638537287,0.3040831003304003,0.4864864864864865,0.42162162162162165,,unclassified_planar_candidate,dark_ridge,5,BH03,optical,False,provisional_report_ticks,unknown,5.3962045121125986,0.021197002920618473,,,
2363.580499760628,3.8531409037305293,0.41739262816157024,3.8756820599792423,6.1824749908867895,0.5459459459459459,1.0,6,0.11351351351351352,1.1108899075381762,0.2763908629379263,0.4135135135135135,0.2594594594594595,,unclassified_planar_candidate,bright_ridge,6,BH03,optical,False,provisional_report_ticks,unknown,5.519930356287954,0.013841721642783005,,,
2367.0958306859434,5.2869181857999585,-7.410695948655316,9.103291621537709,305.5047147955159,0.6810810810810811,1.0,7,0.12972972972972974,0.9491829323416755,0.4319611224997602,0.5662162162162162,0.20540540540540542,,unclassified_planar_candidate,dark_ridge,7,BH03,optical,False,provisional_report_ticks,unknown,5.532485109592653,0.0325117557912061,,,
2411.623822703436,10.810802136780051,0.3884945397971404,10.817780310584068,2.058082553000817,0.5297297297297298,1.0,6,0.17297297297297298,1.2780322864146139,0.18946294635503474,0.3310810810810811,0.2810810810810811,,unclassified_planar_candidate,bright_ridge,8,BH03,optical,False,provisional_report_ticks,unknown,5.691513652512269,0.038634929680657376,,,
2431.1046341277015,-4.322056654399089,10.742632105936258,11.579478325353344,111.91628068686106,0.5891891891891892,1.0,7,0.10810810810810811,1.113541869418598,0.31453472371276797,0.43378378378378374,0.31351351351351353,,unclassified_planar_candidate,dark_ridge,9,BH03,optical,False,provisional_report_ticks,unknown,5.761087979027504,0.04135527973340479,,,
2433.812992095094,10.881307173353958,9.72667232884604,14.594896381736445,41.79315440371088,0.5135135135135135,1.0,6,0.15675675675675677,1.197316465255251,0.19237108559420282,0.33108108108108103,0.20540540540540542,,unclassified_planar_candidate,dark_ridge,10,BH03,optical,False,provisional_report_ticks,unknown,5.770760686053906,0.05212462993477301,,,
2438.1539245970457,-4.16219755140049,5.66290053878668,7.027967769496008,126.31566081342471,0.518918918918919,1.0,6,0.07027027027027027,1.3027413883589827,0.21537909481860473,0.3445945945945946,0.15135135135135136,,unclassified_planar_candidate,bright_ridge,11,BH03,optical,False,provisional_report_ticks,unknown,5.786264016418018,0.025099884891057165,,,
2451.0821524803846,5.537311918180114,-9.350657869232062,10.867227147099255,300.633347402785,0.5459459459459459,1.0,6,0.12432432432432433,1.3222906741839637,0.2436338604098598,0.3959459459459459,0.2594594594594595,,unclassified_planar_candidate,dark_ridge,12,BH03,optical,False,provisional_report_ticks,unknown,5.832436258858515,0.038811525525354475,,,
2669.2790767189226,10.25600477376053,10.669408927869181,14.799389203257457,46.13179279090951,0.5351351351351351,1.0,6,0.14054054054054055,1.1678953824497222,0.2956133759416915,0.4743243243243243,0.1945945945945946,,unclassified_planar_candidate,dark_ridge,13,BH03,optical,False,provisional_report_ticks,unknown,6.611710988281864,0.05285496144020519,,,
2715.9504032837863,4.573098972154778,9.639868138713615,10.669596615660264,64.62060162859176,0.5081081081081081,1.0,6,0.2756756756756757,1.0300333014487526,0.19404728553960424,0.37162162162162166,0.1837837837837838,,unclassified_planar_candidate,dark_ridge,14,BH03,optical,False,provisional_report_ticks,unknown,6.778394297442091,0.038105702198786645,,,
2898.3183191688054,-9.264941457999912,-0.27768126612660005,9.269101742117366,181.71670845545,0.5027027027027027,1.0,6,0.16216216216216217,1.231510787278871,0.2084006654927089,0.37297297297297294,0.23783783783783785,,unclassified_planar_candidate,dark_ridge,15,BH03,optical,False,provisional_report_ticks,unknown,7.429708282745731,0.0331039347932763,,,
2908.248937369861,4.395524220028928,-11.490524730955121,12.302552245837129,290.93358601271285,0.5783783783783784,1.0,7,0.0972972972972973,0.9806180708922011,0.37652844119398454,0.5108108108108108,0.1945945945945946,,unclassified_planar_candidate,dark_ridge,16,BH03,optical,False,provisional_report_ticks,unknown,7.465174776320929,0.04393768659227545,,,
2915.248888165689,-4.910937440687035,2.4727221393319305,5.498332594949491,153.2741390797752,0.572972972972973,1.0,7,0.10270270270270271,1.0775590689042975,0.28718901954997156,0.4,0.1837837837837838,,unclassified_planar_candidate,bright_ridge,17,BH03,optical,False,provisional_report_ticks,unknown,7.490174600591745,0.019636902124819604,,,
2925.5306415576383,-2.981332045470051,-8.300978780642376,8.820124119422676,250.24403204032703,0.5297297297297298,1.0,7,0.1783783783783784,1.0633732559128957,0.1997104558603766,0.327027027027027,0.23783783783783785,,unclassified_planar_candidate,bright_ridge,18,BH03,optical,False,provisional_report_ticks,unknown,7.5268951484201345,0.0315004432836524,,,
2926.44888983861,4.12887996836107,8.713031111334027,9.641813156258939,64.64493763481053,0.6054054054054054,1.0,7,0.14594594594594595,1.219321925390089,0.3322639447915271,0.48243243243243245,0.31351351351351353,,unclassified_planar_candidate,dark_ridge,19,BH03,optical,False,provisional_report_ticks,unknown,7.530174606566462,0.03443504698663906,,,
2953.135053743147,-3.6958690107082774,7.9491876183275805,8.766357940198786,114.93544526460053,0.6216216216216216,1.0,7,0.13513513513513514,1.0194503641002985,0.38169674145635507,0.4986486486486486,0.21081081081081082,,unclassified_planar_candidate,bright_ridge,20,BH03,optical,False,provisional_report_ticks,unknown,7.625482334796953,0.031308421214995656,,,
2963.376614056793,10.96690387484995,4.071729723170739,11.69837439727208,20.368668071806454,0.5783783783783784,1.0,8,0.10270270270270271,1.217335792540652,0.30754960744438714,0.44459459459459455,0.2,,unclassified_planar_candidate,dark_ridge,21,BH03,optical,False,provisional_report_ticks,unknown,7.662059335917116,0.04177990856168599,,,
3120.6647651843787,-1.0459637648344438,6.025899800405717,6.116004300348087,99.84717407509359,0.5837837837837838,1.0,8,0.11351351351351352,1.2259748584034664,0.2751288260465231,0.4,0.16756756756756758,,unclassified_planar_candidate,bright_ridge,22,BH03,optical,False,provisional_report_ticks,unknown,8.22380273280135,0.02184287250124316,,,
3133.4547030083772,-1.8093112338994117,-2.6458836754295856,3.2053560746069047,235.6348535922029,0.5081081081081081,1.0,6,0.15135135135135136,0.7887692243086687,0.21055431538694874,0.3175675675675676,0.17297297297297298,,unclassified_planar_candidate,dark_ridge,23,BH03,optical,False,provisional_report_ticks,unknown,8.269481082172774,0.011447700266453227,,,
3192.471643157436,9.378842617959076,-11.257457775027019,14.65240746119769,309.79844501896235,0.5297297297297298,1.0,7,0.12972972972972974,1.3852963411360404,0.21749253453969739,0.37432432432432433,0.20540540540540542,,unclassified_planar_candidate,bright_ridge,24,BH03,optical,False,provisional_report_ticks,unknown,8.480255868419412,0.05233002664713459,,,
3199.0277368501293,-1.4710835857271143,-11.092026770471128,11.189152997123772,262.44521799042855,0.5297297297297298,1.0,6,0.31351351351351353,1.2725661510723472,0.23215016602427116,0.48783783783783785,0.42702702702702705,,unclassified_planar_candidate,dark_ridge,25,BH03,optical,False,provisional_report_ticks,unknown,8.503670488750458,0.03996126070401346,,,
3268.7651591657477,-7.018861766535672,4.077125303305021,8.117103623620084,149.8484986168714,0.5945945945945946,1.0,6,0.0972972972972973,0.6976053919888121,0.4253799103661999,0.5202702702702703,0.23243243243243245,,unclassified_planar_candidate,bright_ridge,26,BH03,optical,False,provisional_report_ticks,unknown,8.752732711306239,0.028989655798643148,,,
3307.8295639649014,-5.037924506820995,3.0240709814040865,5.875856417323167,149.02523747063583,0.6270270270270271,1.0,7,0.15135135135135136,1.149283641075888,0.3627758238185958,0.518918918918919,0.16216216216216217,,unclassified_planar_candidate,bright_ridge,27,BH03,optical,False,provisional_report_ticks,unknown,8.892248442731788,0.020985201490439875,,,
3331.7130401964205,0.9843993718328093,5.52410582776389,5.611130663208602,79.89591598807935,0.5459459459459459,1.0,6,0.10810810810810811,1.0722494791456927,0.2779988948311905,0.4081081081081081,0.21081081081081082,,unclassified_planar_candidate,bright_ridge,28,BH03,optical,False,provisional_report_ticks,unknown,8.97754657213007,0.020039752368602143,,,
3347.655555124072,-4.674496832396037,-10.079240250928361,11.110445745874241,245.11932170090836,0.5459459459459459,1.0,7,0.22162162162162163,1.050125201374624,0.25412485254977474,0.4243243243243243,0.15135135135135136,,unclassified_planar_candidate,bright_ridge,29,BH03,optical,False,provisional_report_ticks,unknown,9.034484125443113,0.03968016337812228,,,
3413.157283504264,1.287518652516962,-2.3971500540979913,2.7210352188902474,298.2404190414053,0.5675675675675675,1.0,6,0.0918918918918919,0.9731060408656614,0.34846404268994985,0.46756756756756757,0.1891891891891892,,unclassified_planar_candidate,bright_ridge,30,BH03,optical,False,provisional_report_ticks,unknown,9.268418869658083,0.009717982924608024,,,
3420.925751885439,-6.4665881446533,6.0863727789233515,8.88035448822792,136.7348956681222,0.6054054054054054,1.0,8,0.07027027027027027,0.45703866520205094,0.4833257008127935,0.5270270270270271,0.15675675675675677,,unclassified_planar_candidate,bright_ridge,31,BH03,optical,False,provisional_report_ticks,unknown,9.29616339959085,0.03171555174367114,,,
3481.621541031488,4.725753014021957,-6.755052791827557,8.243996589635083,304.9761693830378,0.6,1.0,6,0.12432432432432433,1.2062780277048328,0.34670415512796027,0.4932432432432432,0.2864864864864865,,unclassified_planar_candidate,bright_ridge,32,BH03,optical,False,provisional_report_ticks,unknown,9.512934075112454,0.029442844962982433,,,
3626.4932603024495,4.101565619774254,2.5413827957199118,4.8250872580395185,31.78288750521408,0.5675675675675675,1.0,6,0.0972972972972973,0.8431855406965376,0.3794928564699782,0.4905405405405405,0.2594594594594595,,unclassified_planar_candidate,bright_ridge,33,BH03,optical,False,provisional_report_ticks,unknown,10.030333072508745,0.017232454492998275,,,
3692.754564091925,8.007413076194318,11.45692742998721,13.977834249582484,55.049741169949804,0.5459459459459459,1.0,8,0.08648648648648649,1.4829561265547382,0.2779071434653267,0.45675675675675675,0.15675675675675677,,unclassified_planar_candidate,dark_ridge,34,BH03,optical,False,provisional_report_ticks,unknown,10.266980586042587,0.04992083660565171,,,
3739.265730725395,-11.848205108303882,3.461435608018637,12.343480090999359,163.7143548125997,0.5243243243243243,1.0,6,0.14594594594594595,1.185081366658854,0.2592702347773141,0.42972972972972967,0.21621621621621623,,unclassified_planar_candidate,dark_ridge,35,BH03,optical,False,provisional_report_ticks,unknown,10.433091895447836,0.04408385746785484,,,
3769.796133735337,12.635952877193187,1.744008737055679,12.755738770826774,7.858291044509481,0.5945945945945946,1.0,8,0.05945945945945946,1.3101615109357048,0.36135425400281335,0.522972972972973,0.20540540540540542,,unclassified_planar_candidate,dark_ridge,36,BH03,optical,False,provisional_report_ticks,unknown,10.542129049054772,0.04555620989580989,,,
4161.137408837528,-2.4878620607252433,-0.7237159025197886,2.590988680167493,196.21964613497337,0.6486486486486487,1.0,8,0.07027027027027027,1.1821075585686713,0.4066667262456029,0.5932432432432433,0.2918918918918919,,unclassified_planar_candidate,bright_ridge,37,BH03,optical,False,provisional_report_ticks,unknown,11.939776460134025,0.009253531000598187,,,
4362.781764426259,-7.269377315768915,-1.7579079181683857,7.4789094664780364,193.59449325732146,0.5081081081081081,1.0,7,0.1783783783783784,1.0124877776385914,0.2415321221160964,0.40540540540540543,0.15135135135135136,,unclassified_planar_candidate,bright_ridge,38,BH03,optical,False,provisional_report_ticks,unknown,12.65993487295092,0.026710390951707266,,,
4500.052599456672,1.502244182204537,-0.9046726997768944,1.7536163425016866,328.94305420035084,0.5135135135135135,1.0,8,0.08648648648648649,1.0642047827498915,0.2863265227915401,0.43513513513513513,0.23243243243243245,near_horizontal_check_acquisition_artifact,unclassified_planar_candidate,bright_ridge,39,BH03,optical,False,provisional_report_ticks,unknown,13.150187855202397,0.006262915508934593,,,
4625.009833600042,1.272794348929859,-1.1209911597420505,1.6960620964126316,318.62858357525766,0.5783783783783784,1.0,7,0.16216216216216217,0.7184732346079656,0.3813839086301451,0.5054054054054054,0.1837837837837838,near_horizontal_check_acquisition_artifact,unclassified_planar_candidate,bright_ridge,40,BH03,optical,False,provisional_report_ticks,unknown,13.596463691428717,0.0060573646300451115,,,
4795.739592322876,-3.7835033832026213,2.7395487028321432,4.671190955837168,144.09255798850947,0.8864864864864865,1.0,8,0.032432432432432434,1.0672884244884726,0.6009628111458768,0.8472972972972973,0.5243243243243243,,unclassified_planar_candidate,bright_ridge,41,BH03,optical,False,provisional_report_ticks,unknown,14.206212829724553,0.016682824842275595,,,
4903.695632854121,-0.17759959926215374,-0.33983533602952376,0.3834444852548761,,0.8,1.0,8,0.02702702702702703,0.6655023779864594,0.6235186194621098,0.6864864864864866,0.25405405405405407,near_horizontal_check_acquisition_artifact,unclassified_planar_candidate,bright_ridge,42,BH03,optical,False,provisional_report_ticks,unknown,14.591770117336143,0.0013694445901959859,,,
4930.004251513006,0.6423965613978232,0.33698151991110226,0.7254170434014794,27.680124499034587,0.5027027027027027,1.0,6,0.24324324324324326,0.8355499908180815,0.26537617630485294,0.46081081081081077,0.2756756756756757,near_horizontal_check_acquisition_artifact,unclassified_planar_candidate,dark_ridge,43,BH03,optical,False,provisional_report_ticks,unknown,14.685729469689303,0.002590775155005283,,,
5092.512940326988,-3.3789473152636873,-5.589009795553906,6.531027136226368,238.84410344088184,0.5135135135135135,1.0,6,0.22702702702702704,0.9698289518038532,0.21352564134765845,0.3716216216216216,0.2594594594594595,,unclassified_planar_candidate,bright_ridge,44,BH03,optical,False,provisional_report_ticks,unknown,15.266117644024956,0.023325096915094164,,,
5331.003930872334,-2.8631654512314952,5.691960374332511,6.371509185750041,116.70327469545244,0.5405405405405406,1.0,7,0.11351351351351352,1.0010985026963206,0.2810719093090633,0.4094594594594595,0.15675675675675677,,unclassified_planar_candidate,bright_ridge,45,BH03,optical,False,provisional_report_ticks,unknown,16.117871181686905,0.022755389949107283,,,
5344.170367660202,0.8017498593984519,0.11848097571388554,0.8104570183862632,8.40621440471657,0.5405405405405406,1.0,6,0.11351351351351352,1.1761055619923586,0.29227146429838446,0.4513513513513514,0.21081081081081082,near_horizontal_check_acquisition_artifact,unclassified_planar_candidate,dark_ridge,46,BH03,optical,False,provisional_report_ticks,unknown,16.164894170215003,0.0028944893513795106,,,
5365.512445952237,-2.689063762512522,3.5351512103502953,4.441661625889478,127.2589570556161,0.5513513513513514,1.0,6,0.0972972972972973,0.7096867243006462,0.38011657951023775,0.48378378378378384,0.1837837837837838,,unclassified_planar_candidate,dark_ridge,47,BH03,optical,False,provisional_report_ticks,unknown,16.24111587840084,0.01586307723531956,,,
5428.453863784182,-1.5998914680429746,9.544691091353345,9.677850006012523,99.51552010117919,0.5081081081081081,1.0,7,0.14054054054054055,1.1045078861842021,0.2817766481591874,0.46621621621621623,0.21081081081081082,,unclassified_planar_candidate,bright_ridge,48,BH03,optical,False,provisional_report_ticks,unknown,16.465906656372077,0.034563750021473286,,,
5495.761173562856,-6.543424054829692,0.5303199881985621,6.564879104081565,175.366519162817,0.5135135135135135,1.0,7,0.15135135135135136,1.1825042506746268,0.21600408139953223,0.36756756756756753,0.16756756756756758,,unclassified_planar_candidate,dark_ridge,49,BH03,optical,False,provisional_report_ticks,unknown,16.706289905581624,0.0234459968002913,,,
5507.0705829265,3.449505379328225,-5.998578712154202,6.919684525173378,299.90121763071954,0.5567567567567567,1.0,7,0.11891891891891893,1.2035459319555586,0.2600855054125964,0.3959459459459459,0.2594594594594595,,unclassified_planar_candidate,dark_ridge,50,BH03,optical,False,provisional_report_ticks,unknown,16.746680653308925,0.024713159018476344,,,
5510.217196287277,-1.553768884382273,12.088703578580397,12.188148011771807,97.32410799676093,0.5621621621621622,1.0,7,0.12972972972972974,1.2997276000869324,0.278639417705071,0.4391891891891892,0.16216216216216217,,unclassified_planar_candidate,bright_ridge,51,BH03,optical,False,provisional_report_ticks,unknown,16.757918558168843,0.043529100042042156,,,
5517.474365389821,2.8440087208095712,1.6028184375991232,3.2645692744906776,29.40461591463108,0.5621621621621622,1.0,6,0.08648648648648649,1.1114503400112077,0.3143039146817587,0.44324324324324327,0.17297297297297298,,unclassified_planar_candidate,bright_ridge,52,BH03,optical,False,provisional_report_ticks,unknown,16.783837019249358,0.011659175980323845,,,
5564.605633718196,-2.010933442947678,2.644858947667877,3.3225189487833227,127.24637563891592,0.5891891891891892,1.0,8,0.08648648648648649,1.2591710854785456,0.3537415390594229,0.5013513513513513,0.1837837837837838,,unclassified_planar_candidate,bright_ridge,53,BH03,optical,False,provisional_report_ticks,unknown,16.95216297756498,0.011866139102797577,,,
5656.977032492102,6.250890210946618,6.319623120685529,8.888828090182155,45.31327808921033,0.5945945945945946,1.0,7,0.0918918918918919,1.4548314822034574,0.3324681767922429,0.5027027027027027,0.15135135135135136,,unclassified_planar_candidate,dark_ridge,54,BH03,optical,False,provisional_report_ticks,unknown,17.28206083032893,0.0317458146077934,,,
5697.008865609195,5.979362592622765,3.7979514085550035,7.083587503221892,32.42275900823549,0.518918918918919,1.0,6,0.2702702702702703,0.9045221304872709,0.26117759937597457,0.46621621621621623,0.21621621621621623,,unclassified_planar_candidate,dark_ridge,55,BH03,optical,False,provisional_report_ticks,unknown,17.425031662889978,0.025298526797221037,,,
5907.092897151609,7.358927182678679,3.3410299548906575,8.081849444245037,24.41854577638377,0.5027027027027027,1.0,7,0.14054054054054055,1.28838813820591,0.22572416491713532,0.4013513513513513,0.22162162162162163,,unclassified_planar_candidate,dark_ridge,56,BH03,optical,False,provisional_report_ticks,unknown,18.175331775541455,0.02886374801516084,,,
5952.871255124438,-7.503330645501552,15.880942889838328,17.56429098614656,115.28951077582116,0.6648648648648648,1.0,7,0.24324324324324326,0.7570263170926848,0.39092991606136596,0.5648648648648649,0.4972972972972973,,unclassified_planar_candidate,bright_ridge,57,BH03,optical,False,provisional_report_ticks,unknown,18.3388259111587,0.06272961066480913,,,
6095.0701874038095,4.7352180375559,4.008106775795287,6.203806072837129,40.24611468849203,0.5459459459459459,1.0,7,0.24324324324324326,0.9765976176914279,0.26206595421775297,0.43918918918918914,0.15135135135135136,,unclassified_planar_candidate,bright_ridge,58,BH03,optical,False,provisional_report_ticks,unknown,18.846679240727887,0.022156450260132597,,,
6112.669318744115,-0.31142703051741666,8.847948743444178,8.853427797297062,92.01584478647028,0.5243243243243243,1.0,6,0.17297297297297298,1.0256484195706463,0.28058863010608254,0.45540540540540536,0.2594594594594595,,unclassified_planar_candidate,dark_ridge,59,BH03,optical,False,provisional_report_ticks,unknown,18.909533281228978,0.03161938499034664,,,
6119.930762775059,-14.72899383297387,10.280900711772732,17.962187471939806,145.08479434320364,0.5135135135135135,1.0,6,0.21621621621621623,1.2078513688258206,0.20727021211322688,0.3851351351351351,0.1945945945945946,,unclassified_planar_candidate,dark_ridge,60,BH03,optical,False,provisional_report_ticks,unknown,18.93546700991092,0.06415066954264215,,,
6123.3323705285475,3.970176413184012,7.319071720581942,8.326530586194046,61.52270915426992,0.5135135135135135,1.0,6,0.16216216216216217,1.2385379758748676,0.20853678668757036,0.3662162162162162,0.15675675675675677,,unclassified_planar_candidate,bright_ridge,61,BH03,optical,False,provisional_report_ticks,unknown,18.94761560903052,0.029737609236407298,,,
6457.259297434669,8.82226246623719,4.834928696547677,10.060260957046676,28.724383797398986,0.572972972972973,1.0,8,0.08108108108108109,1.3568644272974117,0.3349539358869526,0.5,0.22162162162162163,,unclassified_planar_candidate,dark_ridge,62,BH03,optical,False,provisional_report_ticks,unknown,20.140211776552384,0.03592950341802383,,,
6543.436479811114,1.0619537763573215,-5.083675952314062,5.193409959867973,281.7991202648663,0.5027027027027027,1.0,6,0.13513513513513514,0.8729585275781855,0.26000145055014007,0.39999999999999997,0.16756756756756758,,unclassified_planar_candidate,dark_ridge,63,BH03,optical,False,provisional_report_ticks,unknown,20.44798742789683,0.01854789271381418,,,
6615.792582106286,-4.276221685674525,-4.53563136204545,6.233620437386555,226.6862274182197,0.5405405405405406,1.0,8,0.12432432432432433,1.3678688719691354,0.2059606478671288,0.3432432432432433,0.1945945945945946,,unclassified_planar_candidate,dark_ridge,64,BH03,optical,False,provisional_report_ticks,unknown,20.706402078951015,0.022262930133523404,,,
7376.377596888766,-6.086217518779184,-2.9005403570391706,6.742045538907874,205.48131112562785,0.6216216216216216,1.0,8,0.07567567567567568,1.3054053310360147,0.371855078091435,0.5175675675675675,0.1945945945945946,,unclassified_planar_candidate,dark_ridge,65,BH03,optical,False,provisional_report_ticks,unknown,23.422777131745587,0.024078734067528116,,,
7505.498501200059,4.83354606040434,-10.30532927099487,11.382573474468503,295.1281570414598,0.6270270270270271,1.0,6,0.23783783783783785,1.2670384638227636,0.31326439790427446,0.5310810810810811,0.23783783783783785,,unclassified_planar_candidate,dark_ridge,66,BH03,optical,False,provisional_report_ticks,unknown,23.88392321857163,0.04065204812310178,,,
7523.838960353263,-5.065322225681391,7.835145143877186,9.329897570477616,122.88215709447161,0.5135135135135135,1.0,6,0.15675675675675677,1.1080362462903814,0.24752540137472934,0.4135135135135135,0.2972972972972973,,unclassified_planar_candidate,dark_ridge,67,BH03,optical,False,provisional_report_ticks,unknown,23.949424858404505,0.033321062751705766,,,
7589.907133959077,0.2113377316405205,-10.876655624649738,10.878708618859122,271.1131396441556,0.6378378378378379,1.0,7,0.15135135135135136,0.9114156490225729,0.3994820537014662,0.5108108108108108,0.3081081081081081,,unclassified_planar_candidate,dark_ridge,68,BH03,optical,False,provisional_report_ticks,unknown,24.18538262128241,0.03885253078163971,,,
7630.636291675968,-3.5744845920791652,-9.776574893276932,10.409532013633667,249.91671508799806,0.5297297297297298,1.0,6,0.21081081081081082,1.1002415212380603,0.23568067448287167,0.40675675675675677,0.35135135135135137,,unclassified_planar_candidate,dark_ridge,69,BH03,optical,False,provisional_report_ticks,unknown,24.330843898842737,0.03717690004869166,,,
7712.3810205685,-6.8860592984348825,-5.1533178722513595,8.600842851373741,216.81006750905146,0.5459459459459459,1.0,6,0.11891891891891893,1.151115853137283,0.24801659509339355,0.37837837837837834,0.1837837837837838,,unclassified_planar_candidate,dark_ridge,70,BH03,optical,False,provisional_report_ticks,unknown,24.622789359173208,0.030717295897763355,,,
7729.619769587201,1.5700103438781032,6.19313274084414,6.3890394916293864,75.77472845595734,0.5351351351351351,1.0,7,0.12432432432432433,1.3272400099591357,0.19284825054641164,0.3202702702702702,0.16756756756756758,,unclassified_planar_candidate,bright_ridge,71,BH03,optical,False,provisional_report_ticks,unknown,24.68435631995428,0.022817998184390658,,,
7739.546191729124,2.391520150090984,8.548925820510787,8.877133620312765,74.37129710931217,0.6108108108108108,1.0,7,0.12972972972972974,0.9146679652307353,0.32726975250556384,0.4175675675675675,0.1891891891891892,,unclassified_planar_candidate,dark_ridge,72,BH03,optical,False,provisional_report_ticks,unknown,24.719807827604008,0.03170404864397415,,,
7756.226361344823,8.729181923335315,3.384748690097296,9.362432416087145,21.193850288454513,0.6378378378378379,1.0,6,0.25405405405405407,1.0510021792595636,0.3270204906230257,0.48783783783783785,0.20540540540540542,,unclassified_planar_candidate,bright_ridge,73,BH03,optical,False,provisional_report_ticks,unknown,24.779379861945788,0.03343725862888265,,,
7789.234538791933,-4.211043187574769,4.494514238041043,6.159021266692747,133.13498925291685,0.5891891891891892,1.0,8,0.11351351351351352,1.3060373948567494,0.3196869671748869,0.4729729729729729,0.20540540540540542,,unclassified_planar_candidate,dark_ridge,74,BH03,optical,False,provisional_report_ticks,unknown,24.897266209971182,0.02199650452390266,,,
7802.906150858826,-1.0054206403993455,1.787389478279117,2.050763714132841,119.35809588651728,0.8216216216216217,1.0,8,0.04864864864864865,0.9249215045074154,0.5742707508823378,0.7040540540540541,0.572972972972973,,unclassified_planar_candidate,bright_ridge,75,BH03,optical,False,provisional_report_ticks,unknown,24.946093395924372,0.0073241561219030025,,,
7817.433489524284,5.144277753994457,14.425880579812844,15.31566597028231,70.37373482608677,0.5081081081081081,1.0,6,0.1837837837837838,1.1522814480302117,0.19542933782558486,0.34594594594594597,0.25405405405405407,,unclassified_planar_candidate,bright_ridge,76,BH03,optical,False,provisional_report_ticks,unknown,24.997976748301006,0.05469880703672252,,,
7828.749020500369,8.334422103570377,8.922452530169986,12.209535247240956,46.95160662022919,0.5783783783783784,1.0,7,0.16756756756756758,1.1342759321030838,0.2995679418234403,0.454054054054054,0.2,,unclassified_planar_candidate,dark_ridge,77,BH03,optical,False,provisional_report_ticks,unknown,25.03838935892988,0.04360548302586054,,,
7839.823065810057,3.136741020382778,-1.050674588189319,3.308029824414947,341.4813455384635,0.5405405405405406,1.0,7,0.24864864864864866,0.985649763660795,0.22997212093662098,0.3932432432432433,0.1891891891891892,,unclassified_planar_candidate,dark_ridge,78,BH03,optical,False,provisional_report_ticks,unknown,25.0779395207502,0.011814392230053379,,,
7910.42546534537,9.287287099681054,0.677660639181902,9.311977535078064,4.173275457191992,0.6864864864864865,1.0,7,0.05405405405405406,0.9032199648494484,0.4805558081170483,0.5797297297297297,0.31891891891891894,,unclassified_planar_candidate,bright_ridge,79,BH03,optical,False,provisional_report_ticks,unknown,25.33009094766203,0.03325706262527879,,,
7992.315207673263,-3.7857845720990824,-0.440113643456605,3.8112812603506554,186.63111296817004,0.5135135135135135,1.0,7,0.13513513513513514,1.1621107609125838,0.251781677601551,0.4175675675675675,0.15675675675675677,,unclassified_planar_candidate,bright_ridge,80,BH03,optical,False,provisional_report_ticks,unknown,25.62255431311879,0.013611718786966622,,,
8008.522165749367,-11.001440927392474,-3.2878035396633014,11.482219062286205,196.63888501552287,0.5405405405405406,1.0,8,0.10270270270270271,1.035886599613621,0.2979257181432558,0.4337837837837838,0.1783783783783784,,unclassified_planar_candidate,bright_ridge,81,BH03,optical,False,provisional_report_ticks,unknown,25.68043630624773,0.041007925222450725,,,
8417.735730019158,-9.068087074904572,5.938052834586992,10.83931154014857,146.78202937030957,0.5081081081081081,1.0,6,0.3081081081081081,1.3888190327281267,0.20453451297833045,0.4621621621621622,0.1837837837837838,,unclassified_planar_candidate,dark_ridge,82,BH03,optical,False,provisional_report_ticks,unknown,27.141913321496986,0.03871182692910202,,,
8439.120718234328,9.374911506843192,-7.069334842710978,11.74156977918661,322.98116786128577,0.518918918918919,1.0,6,0.1837837837837838,1.033581894912303,0.25063122359797085,0.4175675675675676,0.1945945945945946,,unclassified_planar_candidate,dark_ridge,83,BH03,optical,False,provisional_report_ticks,unknown,27.218288279408306,0.04193417778280931,,,
8540.019297737055,3.9419510304320378,4.993128846166726,6.361628219311976,51.70978587893322,0.5027027027027027,1.0,7,0.10810810810810811,1.395532605632111,0.22297968397245196,0.3959459459459459,0.15135135135135136,,unclassified_planar_candidate,dark_ridge,84,BH03,optical,False,provisional_report_ticks,unknown,27.578640349060905,0.022720100783257053,,,
8554.99752257067,8.757138390375117,1.26038112063895,8.84737437647152,8.190117360294193,0.5513513513513514,1.0,6,0.17297297297297298,1.2868720587979174,0.2222963743495724,0.37432432432432433,0.2702702702702703,,unclassified_planar_candidate,bright_ridge,85,BH03,optical,False,provisional_report_ticks,unknown,27.632134009180955,0.03159776563025542,,,
8593.948322132688,6.987839259364444,-1.6852923462761575,7.188192248899025,346.4406261067259,0.6108108108108108,1.0,7,0.13513513513513514,1.1744233439532794,0.3571410546424949,0.5486486486486486,0.2864864864864865,,unclassified_planar_candidate,bright_ridge,86,BH03,optical,False,provisional_report_ticks,unknown,27.771244007616737,0.025672115174639368,,,
8613.327735000108,-9.945723374439295,9.147851330717383,13.512978850341472,137.39285311230256,0.5675675675675675,1.0,6,0.10810810810810811,1.13196661313746,0.28987955808489557,0.4175675675675675,0.22702702702702704,,unclassified_planar_candidate,bright_ridge,87,BH03,optical,False,provisional_report_ticks,unknown,27.84045619642895,0.04826063875121953,,,
8768.347651211736,1.754090897202422,-0.8584962592960352,1.9529082679106264,333.9217100077088,0.6054054054054054,1.0,8,0.0918918918918919,1.0433306181277038,0.38828111746002514,0.5405405405405406,0.3945945945945946,near_horizontal_check_acquisition_artifact,unclassified_planar_candidate,bright_ridge,88,BH03,optical,False,provisional_report_ticks,unknown,28.39409875432762,0.006974672385395093,,,
8878.223522064765,-0.3518965778327243,-4.136703075705739,4.151643474341662,265.13773053440707,0.5027027027027027,1.0,6,0.1783783783783784,1.0611795801850048,0.2155224775164112,0.3716216216216216,0.16756756756756758,,unclassified_planar_candidate,bright_ridge,89,BH03,optical,False,provisional_report_ticks,unknown,28.786512578802725,0.014827298122648788,,,
8912.527606509342,-0.5912949238790309,-6.87393169162854,6.899316385568958,265.08352524042925,0.6486486486486487,1.0,7,0.08648648648648649,0.9620459633831785,0.42417514453826344,0.49324324324324326,0.1891891891891892,,unclassified_planar_candidate,dark_ridge,90,BH03,optical,False,provisional_report_ticks,unknown,28.909027166104785,0.02464041566274627,,,
8926.383452875314,-8.926089699315112,3.7164538034395123,9.66887305704855,157.3951787615818,0.5945945945945946,1.0,7,0.10270270270270271,1.0893788097621755,0.3058804330795376,0.41216216216216217,0.21621621621621623,,unclassified_planar_candidate,dark_ridge,91,BH03,optical,False,provisional_report_ticks,unknown,28.95851233169754,0.034531689489459096,,,
8954.633452921447,1.573247090663976,-6.3315061680078895,6.524038378474226,283.954200125122,0.572972972972973,1.0,7,0.0918918918918919,1.1640206703527856,0.2728517527319726,0.38648648648648654,0.1837837837837838,,unclassified_planar_candidate,dark_ridge,92,BH03,optical,False,provisional_report_ticks,unknown,29.05940518900516,0.023300137065979373,,,
8978.387975691916,2.515158543690446,4.971648323657496,5.571652318121209,63.16513626179299,0.6270270270270271,1.0,8,0.07567567567567568,1.2494844369170917,0.32843893862490803,0.4297297297297298,0.1837837837837838,,unclassified_planar_candidate,bright_ridge,93,BH03,optical,False,provisional_report_ticks,unknown,29.144242770328262,0.019898758279004312,,,
8981.467763859084,-0.3316345972533009,-1.944558536132013,1.9726351427821711,260.32161226836183,0.7567567567567568,1.0,8,0.03783783783783784,1.0288864069826806,0.516723267924211,0.5445945945945947,0.1891891891891892,near_horizontal_check_acquisition_artifact,unclassified_planar_candidate,bright_ridge,94,BH03,optical,False,provisional_report_ticks,unknown,29.155242013782434,0.007045125509936323,,,
8988.703926549573,3.5443608865575293,-1.6315253422018254,3.901841749277597,335.28263724900205,0.6324324324324324,1.0,8,0.12972972972972974,0.6877896597636778,0.4021404157972578,0.45945945945945943,0.1945945945945946,,unclassified_planar_candidate,dark_ridge,95,BH03,optical,False,provisional_report_ticks,unknown,29.18108545196275,0.013935149104562842,,,
9039.870252479675,1.6130343156291866,-5.816570996474536,6.036089616666248,285.4996013386299,0.6,1.0,8,0.08108108108108109,1.3900198279473353,0.32627213356324875,0.47027027027027024,0.34594594594594597,,unclassified_planar_candidate,dark_ridge,96,BH03,optical,False,provisional_report_ticks,unknown,29.36382233028455,0.021557462916665167,,,
9051.974560570652,4.529078119756783,-5.577899054777004,7.185089176909486,309.0755095433873,0.8108108108108109,1.0,8,0.08108108108108109,1.0561930784452855,0.5239587712946988,0.6324324324324324,0.22162162162162163,,unclassified_planar_candidate,bright_ridge,97,BH03,optical,False,provisional_report_ticks,unknown,29.407052002038036,0.02566103277467673,,,
9060.706401871272,-1.194735361954135,-4.205179711966552,4.371604853487877,254.13959948425702,0.5135135135135135,1.0,6,0.21081081081081082,1.2573319725454342,0.19736239066535244,0.37027027027027026,0.20540540540540542,,unclassified_planar_candidate,dark_ridge,98,BH03,optical,False,provisional_report_ticks,unknown,29.43823714954025,0.015612874476742415,,,
9078.263217297108,1.2502973880907664,-2.63702551506269,2.9184151736444623,295.367112936475,0.518918918918919,1.0,6,0.16216216216216217,0.7380280998787591,0.2636933251382598,0.3878378378378379,0.25405405405405407,,unclassified_planar_candidate,dark_ridge,99,BH03,optical,False,provisional_report_ticks,unknown,29.500940061775374,0.010422911334444505,,,
9113.81807506826,13.140268208800288,0.5029332138478938,13.149889368994664,2.191880063853432,0.518918918918919,1.0,7,0.24864864864864866,0.8709220808860483,0.25539181703445984,0.43783783783783786,0.3027027027027027,,unclassified_planar_candidate,dark_ridge,100,BH03,optical,False,provisional_report_ticks,unknown,29.627921696672352,0.04696389060355236,,,
9118.460445333358,1.8285414429251003,-1.2433460836630155,2.2112153428046684,325.7856284224743,0.518918918918919,1.0,7,0.2,1.082018535994447,0.227636830482047,0.3932432432432433,0.24324324324324326,,unclassified_planar_candidate,bright_ridge,101,BH03,optical,False,provisional_report_ticks,unknown,29.644501590476267,0.007897197652873814,,,
9125.982138978618,-0.13597684233215843,-2.454135955156407,2.457900117588604,266.8286429967564,0.5621621621621622,1.0,8,0.13513513513513514,1.040225433964167,0.3400174227373281,0.49459459459459465,0.3621621621621622,,unclassified_planar_candidate,dark_ridge,102,BH03,optical,False,provisional_report_ticks,unknown,29.671364782066483,0.008778214705673583,,,
9133.948259448469,-2.567421045594743,2.485116847926223,3.5731577873373532,135.93324705736288,0.8054054054054054,1.0,8,0.11351351351351352,0.4708601713377591,0.6102709092783781,0.6621621621621622,0.572972972972973,,unclassified_planar_candidate,bright_ridge,103,BH03,optical,False,provisional_report_ticks,unknown,29.699815212315954,0.012761277811919115,,,
9155.472643072831,11.17761645164683,-3.074648078109655,11.592780958180366,344.6199194495516,0.572972972972973,1.0,6,0.14594594594594595,1.389656542312565,0.30126796404586964,0.4891891891891892,0.1837837837837838,,unclassified_planar_candidate,dark_ridge,104,BH03,optical,False,provisional_report_ticks,unknown,29.77668801097439,0.04140278913635844,,,
9184.996917523773,2.9514765448672615,0.9730953094280209,3.107752930355373,18.247273911448435,0.6270270270270271,1.0,7,0.1783783783783784,0.9514407195325559,0.36502595479405114,0.4864864864864865,0.5027027027027027,,unclassified_planar_candidate,bright_ridge,105,BH03,optical,False,provisional_report_ticks,unknown,29.88213184829918,0.011099117608412043,,,
9201.895228577547,11.1887314332666,-0.1408298576508418,11.18961769385237,359.2788699550693,0.518918918918919,1.0,6,0.1837837837837838,1.1483880926862002,0.2576147559579561,0.44594594594594594,0.22702702702702704,,unclassified_planar_candidate,dark_ridge,106,BH03,optical,False,provisional_report_ticks,unknown,29.942482959205513,0.03996292033518702,,,
9338.926025352765,8.415897723575501,2.6106382628330564,8.811513299828317,17.234056451432437,0.5513513513513514,1.0,6,0.13513513513513514,0.9994435753344634,0.2447578169102116,0.3581081081081081,0.2702702702702703,,unclassified_planar_candidate,dark_ridge,107,BH03,optical,False,provisional_report_ticks,unknown,30.431878661974153,0.031469690356529696,,,
9353.0623326358,-8.020026084740595,-10.246517442174675,13.011992087789993,231.94944672523422,0.5837837837837838,1.0,6,0.0972972972972973,0.8822316097851801,0.34601628514153876,0.4405405405405406,0.21081081081081082,,unclassified_planar_candidate,bright_ridge,108,BH03,optical,False,provisional_report_ticks,unknown,30.482365473699275,0.04647140031353568,,,
9364.977119705422,-3.2468243894595066,-6.4721340739901665,7.240883101369172,243.35881430256688,0.518918918918919,1.0,7,0.10270270270270271,1.2363286513407616,0.1975175011236998,0.3202702702702703,0.16216216216216217,,unclassified_planar_candidate,dark_ridge,109,BH03,optical,False,provisional_report_ticks,unknown,30.524918284662213,0.025860296790604177,,,
9380.021214776865,-2.114132020747601,-0.9361468924026235,2.3121256897723845,203.88397186908423,0.8540540540540541,1.0,8,0.04864864864864865,0.7110029738274554,0.6410591084980461,0.727027027027027,0.5405405405405406,,unclassified_planar_candidate,bright_ridge,110,BH03,optical,False,provisional_report_ticks,unknown,30.578647195631653,0.008257591749187086,,,
9387.55882101165,-7.012321106603302,13.445412611910088,15.1641606298082,117.54384478885413,0.5891891891891892,1.0,7,0.13513513513513514,1.1986733678820376,0.29185197679234065,0.427027027027027,0.20540540540540542,,unclassified_planar_candidate,dark_ridge,111,BH03,optical,False,provisional_report_ticks,unknown,30.605567217898738,0.054157716535029266,,,
9427.695109302718,-1.8291794678271225,-3.9714229271521613,4.372424681092878,245.26989213943446,0.5891891891891892,1.0,7,0.10270270270270271,1.182135298539403,0.3333756623552139,0.46756756756756757,0.1837837837837838,,unclassified_planar_candidate,bright_ridge,112,BH03,optical,False,provisional_report_ticks,unknown,30.748911104652557,0.01561580243247456,,,
9588.468966203574,-2.0070064040964386,5.3602075888493985,5.7236264816672655,110.52725650973557,0.7081081081081081,1.0,8,0.07567567567567568,1.034990280500463,0.46354698429697205,0.5891891891891892,0.21621621621621623,,unclassified_planar_candidate,bright_ridge,113,BH03,optical,False,provisional_report_ticks,unknown,31.32310345072704,0.020441523148811657,,,
9642.946633655858,-4.078357273929878,9.932609952045324,10.737305924359543,112.32318958059744,0.6054054054054054,1.0,7,0.10270270270270271,1.2802157689119453,0.3545295498230882,0.5594594594594595,0.22162162162162163,,unclassified_planar_candidate,bright_ridge,114,BH03,optical,False,provisional_report_ticks,unknown,31.51766654877091,0.03834752115842693,,,
9705.465042157768,5.543183009259956,0.769904773033379,5.5963944851741685,7.907347708501985,0.5783783783783784,1.0,8,0.05945945945945946,1.3969625598371431,0.31932498479379334,0.46756756756756757,0.21081081081081082,,unclassified_planar_candidate,dark_ridge,115,BH03,optical,False,provisional_report_ticks,unknown,31.740946579134878,0.01998712316133631,,,
9796.535103502141,1.0387689743552926,-6.83992590740133,6.918354385316139,278.6354356194764,0.518918918918919,1.0,6,0.11351351351351352,1.0367290806772742,0.28952354773131,0.4445945945945946,0.1837837837837838,,unclassified_planar_candidate,dark_ridge,116,BH03,optical,False,provisional_report_ticks,unknown,32.066196798221924,0.024708408518986202,,,
9821.22683760187,1.123784952151282,5.1317017114233385,5.253308964234531,77.64785859621263,0.5891891891891892,1.0,8,0.0918918918918919,0.9697961490723681,0.37051132642967943,0.4783783783783784,0.23783783783783785,,unclassified_planar_candidate,bright_ridge,117,BH03,optical,False,provisional_report_ticks,unknown,32.15438156286381,0.018761817729409033,,,
9892.422225718403,-4.4931808710192875,15.670273486454862,16.301722163010382,105.99933190864077,0.5081081081081081,1.0,7,0.11351351351351352,1.0230996791108546,0.28651388015343726,0.44729729729729734,0.15135135135135136,,unclassified_planar_candidate,dark_ridge,118,BH03,optical,False,provisional_report_ticks,unknown,32.408650806137146,0.05822043629646564,,,
9937.099144611231,-0.19205332510356257,9.283071784936666,9.285058225125493,91.18519771110226,0.6054054054054054,1.0,7,0.15675675675675677,0.9717125371745822,0.369257535324872,0.5310810810810811,0.2864864864864865,,unclassified_planar_candidate,dark_ridge,119,BH03,optical,False,provisional_report_ticks,unknown,32.568211230754386,0.03316092223259104,,,
10044.038163356316,6.460340166067249,-5.857339168213862,8.720345015697147,317.8026263408912,0.5081081081081081,1.0,8,0.10810810810810811,1.0951320662501918,0.2797215399199326,0.4445945945945946,0.20540540540540542,,unclassified_planar_candidate,dark_ridge,120,BH03,optical,False,provisional_report_ticks,unknown,32.95013629770112,0.031144089341775514,,,
10053.822579212427,-0.34692088430569806,4.31627528513108,4.330194734304778,94.59527331071365,0.6378378378378379,1.0,7,0.15675675675675677,1.0671281033076052,0.3768604247505315,0.5743243243243243,0.16756756756756758,,unclassified_planar_candidate,dark_ridge,121,BH03,optical,False,provisional_report_ticks,unknown,32.98508064004437,0.015464981193945633,,,
10154.588319198094,-10.25538372825917,23.5882312778185,25.721149862121212,113.49781186476855,0.6432432432432432,1.0,7,0.0918918918918919,1.084955325072012,0.40686414201556237,0.6013513513513513,0.22162162162162163,,unclassified_planar_candidate,bright_ridge,122,BH03,optical,False,provisional_report_ticks,unknown,33.34495828285033,0.09186124950757574,,,
10206.906537858422,-4.579554207325325,9.84022544931057,10.853679267008514,114.95685355645865,0.5621621621621622,1.0,7,0.10810810810810811,0.9497849237004837,0.34458953113209023,0.47162162162162163,0.24864864864864866,,unclassified_planar_candidate,bright_ridge,123,BH03,optical,False,provisional_report_ticks,unknown,33.53180906378007,0.03876314023931611,,,
10215.148276405538,-14.552411193441484,5.362001468134922,15.508827527807576,159.77310629830836,0.5027027027027027,1.0,6,0.1783783783783784,1.0663051819932916,0.2527088156819222,0.43648648648648647,0.22702702702702704,,unclassified_planar_candidate,bright_ridge,124,BH03,optical,False,provisional_report_ticks,unknown,33.56124384430549,0.055388669742169896,,,
10419.788610462216,-7.542035313319548,-0.7055496216562704,7.574965144208811,185.34440690857238,0.8918918918918919,1.0,8,0.010810810810810811,0.7288055305695901,0.6919682539087681,0.7851351351351351,0.6,,unclassified_planar_candidate,dark_ridge,125,BH03,optical,False,provisional_report_ticks,unknown,34.29210218022219,0.02705344694360289,,,
10433.93024265867,-4.26192989765124,-2.274969922361803,4.831100764851048,208.09279481970592,0.5297297297297298,1.0,6,0.21081081081081082,0.9683279879849901,0.25609332225543785,0.422972972972973,0.2918918918918919,,unclassified_planar_candidate,bright_ridge,126,BH03,optical,False,provisional_report_ticks,unknown,34.34260800949524,0.01725393130303945,,,
10471.934157769301,-13.238837538458357,-6.365089966919248,14.689492491460358,205.67774451975149,0.5027027027027027,1.0,7,0.1783783783783784,1.0061210720908542,0.22270738352885064,0.377027027027027,0.21621621621621623,,unclassified_planar_candidate,bright_ridge,127,BH03,optical,False,provisional_report_ticks,unknown,34.478336277747495,0.05246247318378698,,,
10506.044627276458,-13.566983942351856,-0.6890913349376245,13.58447275973268,182.9076562509688,0.6324324324324324,1.0,7,0.0918918918918919,1.1064998305123734,0.3595940629733148,0.45270270270270263,0.22702702702702704,,unclassified_planar_candidate,bright_ridge,128,BH03,optical,False,provisional_report_ticks,unknown,34.6001593831302,0.04851597414190242,,,
10533.247509026492,-4.906727937987382,2.7322312360635856,5.616143390686126,150.88946785762988,0.5081081081081081,1.0,8,0.06486486486486487,1.2542367228336215,0.23417427392653622,0.37432432432432433,0.23243243243243245,,unclassified_planar_candidate,dark_ridge,129,BH03,optical,False,provisional_report_ticks,unknown,34.69731253223746,0.02005765496673616,,,
10659.654545716485,-0.8748892561468133,-2.8223938761324594,2.954883822174932,252.77754254307854,0.5567567567567567,1.0,7,0.10810810810810811,1.2796105131415751,0.3197615626015497,0.4932432432432432,0.15135135135135136,,unclassified_planar_candidate,bright_ridge,130,BH03,optical,False,provisional_report_ticks,unknown,35.148766234701725,0.01055315650776761,,,
10776.37762056891,5.647833694557583,-3.0369064096024445,6.412552220611102,331.7325593119085,0.6918918918918919,1.0,8,0.05405405405405406,0.854560899162208,0.4922596068916627,0.6527027027027027,0.25405405405405407,,unclassified_planar_candidate,dark_ridge,131,BH03,optical,False,provisional_report_ticks,unknown,35.565634359174666,0.022901972216468214,,,
10795.793681771413,4.676792490773843,3.3310519472289237,5.7418024240560745,35.460423037693786,0.7891891891891892,1.0,8,0.08108108108108109,0.7530162812711332,0.5642194437535758,0.7445945945945946,0.6972972972972973,,unclassified_planar_candidate,bright_ridge,132,BH03,optical,False,provisional_report_ticks,unknown,35.63497743489789,0.020506437228771688,,,
10835.178032298332,4.488937259367836,-2.8646403451436906,5.32510300609911,327.45578969423184,0.5135135135135135,1.0,7,0.16216216216216217,1.4103052247081895,0.21219267205969014,0.39459459459459456,0.32432432432432434,,unclassified_planar_candidate,bright_ridge,133,BH03,optical,False,provisional_report_ticks,unknown,35.77563582963689,0.01901822502178253,,,
10851.117774825329,4.8112294709380565,-6.642124468468149,8.201569756860339,305.9177305923358,0.5837837837837838,1.0,6,0.14054054054054055,1.1993346043976056,0.32730808474003725,0.4864864864864865,0.23783783783783785,,unclassified_planar_candidate,dark_ridge,134,BH03,optical,False,provisional_report_ticks,unknown,35.83256348151902,0.029291320560215488,,,
10909.945444318013,-0.8621697360230685,14.799606953861064,14.8246990742641,93.33406946671874,0.5027027027027027,1.0,6,0.11891891891891893,1.2619152857099079,0.2428862351175416,0.4175675675675675,0.1837837837837838,,unclassified_planar_candidate,bright_ridge,135,BH03,optical,False,provisional_report_ticks,unknown,36.04266230113575,0.05294535383665749,,,
10948.424264964344,0.674338990600172,-2.860361304429281,2.9387752323238394,283.2654345360335,0.6,1.0,7,0.10270270270270271,1.0257028306542508,0.37420429108469344,0.4891891891891892,0.22162162162162163,,unclassified_planar_candidate,dark_ridge,136,BH03,optical,False,provisional_report_ticks,unknown,36.18008666058693,0.010495625829727994,,,
10959.128086329763,-6.367804619793591,7.309057034199858,9.693876954297028,131.06306689865295,0.6054054054054054,1.0,7,0.08648648648648649,0.8714564574075648,0.36778939360936314,0.4445945945945946,0.16756756756756758,,unclassified_planar_candidate,dark_ridge,137,BH03,optical,False,provisional_report_ticks,unknown,36.21831459403486,0.03462098912248938,,,
11009.811533148966,-6.810284784134887,0.550861265663999,6.832527129476188,175.37560286547856,0.5459459459459459,1.0,7,0.15675675675675677,0.8771170174174662,0.27121140537707306,0.39459459459459456,0.22702702702702704,,unclassified_planar_candidate,dark_ridge,138,BH03,optical,False,provisional_report_ticks,unknown,36.39932690410344,0.024401882605272093,,,
11084.42066137432,4.8389951757272085,0.7626808585998758,4.898730080621491,8.956787427927322,0.5243243243243243,1.0,7,0.14054054054054055,1.3073517337820524,0.24970336329230305,0.42837837837837833,0.21621621621621623,,unclassified_planar_candidate,dark_ridge,139,BH03,optical,False,provisional_report_ticks,unknown,36.66578807633685,0.01749546457364818,,,
11122.351379087248,-8.229951921490969,5.596863763342771,9.95273794568471,145.78193451575427,0.6270270270270271,1.0,8,0.08108108108108109,0.9615808232025405,0.41817722081478104,0.5,0.2756756756756757,,unclassified_planar_candidate,bright_ridge,140,BH03,optical,False,provisional_report_ticks,unknown,36.80125492531159,0.03554549266315967,,,
11232.729904066748,-4.193855654401734,3.1688202772518044,5.2564101057166,142.92580184086773,0.6756756756756757,1.0,8,0.11891891891891893,1.0376663661380499,0.4212467549364176,0.5662162162162162,0.5459459459459459,,unclassified_planar_candidate,dark_ridge,141,BH03,optical,False,provisional_report_ticks,unknown,37.19546394309552,0.018772893234702135,,,
11245.665774088637,-5.3202430373898935,-2.2109780930685257,5.761372241482456,202.5667152069575,0.5027027027027027,1.0,7,0.20540540540540542,0.9509581355564048,0.1706277036658258,0.2932432432432432,0.15135135135135136,,unclassified_planar_candidate,dark_ridge,142,BH03,optical,False,provisional_report_ticks,unknown,37.24166347888798,0.02057632943386591,,,
11281.759270701554,-5.686357696206355,6.5516649339427495,8.675193211442629,130.9555493351222,0.6,1.0,6,0.20540540540540542,1.075678902935546,0.3177966884767781,0.477027027027027,0.2810810810810811,,unclassified_planar_candidate,dark_ridge,143,BH03,optical,False,provisional_report_ticks,unknown,37.37056882393411,0.03098283289800938,,,
11373.685062448672,-11.39152762965116,1.9374451573756435,11.555111227285702,170.34762624760472,0.518918918918919,1.0,6,0.12432432432432433,1.357876449238977,0.24133860410797403,0.4175675675675676,0.15135135135135136,,unclassified_planar_candidate,dark_ridge,144,BH03,optical,False,provisional_report_ticks,unknown,37.69887522303096,0.04126825438316321,,,
11500.754402793908,-6.389264668848609,6.045511634291039,8.796073779189522,136.58350923669875,0.5621621621621622,1.0,8,0.14594594594594595,1.175347141583567,0.2578360562794885,0.39729729729729735,0.22162162162162163,,unclassified_planar_candidate,dark_ridge,145,BH03,optical,False,provisional_report_ticks,unknown,38.15269429569252,0.03141454921139114,,,
11580.66517201818,0.6858569866902287,-1.9569537827465906,2.0736605107871418,289.3141214287033,0.5783783783783784,1.0,6,0.15675675675675677,0.9157130089550133,0.30307823789597155,0.4216216216216216,0.3027027027027027,,unclassified_planar_candidate,bright_ridge,146,BH03,optical,False,provisional_report_ticks,unknown,38.43808990006492,0.007405930395668362,,,
11596.001827182723,3.4495412697416583,-12.263382913283069,12.739305139977377,285.7106503275156,0.5891891891891892,1.0,6,0.12432432432432433,1.1973770146675216,0.25727106759128,0.3716216216216216,0.21621621621621623,,unclassified_planar_candidate,dark_ridge,147,BH03,optical,False,provisional_report_ticks,unknown,38.49286366850971,0.04549751835706205,,,
11597.764184050888,2.861221871697509,0.02170487802709562,2.861304195783868,0.43463041591480683,0.5513513513513514,1.0,7,0.10810810810810811,1.3704146126224666,0.23651430889561853,0.37972972972972974,0.21081081081081082,,unclassified_planar_candidate,bright_ridge,148,BH03,optical,False,provisional_report_ticks,unknown,38.499157800181735,0.010218943556370954,,,
11607.319508028944,0.6380563688160841,2.954555175801526,3.02266640842855,77.8137300391189,0.6162162162162163,1.0,8,0.12972972972972974,1.302258176831695,0.3126861174097161,0.45,0.20540540540540542,,unclassified_planar_candidate,dark_ridge,149,BH03,optical,False,provisional_report_ticks,unknown,38.53328395724622,0.010795237172959105,,,
11615.939787937217,0.5205656050095276,1.8451380946537501,1.9171653912642506,74.24474077939344,0.6810810810810811,1.0,7,0.12432432432432433,1.0841781890770437,0.4076581558677364,0.4905405405405405,0.3945945945945946,near_horizontal_check_acquisition_artifact,unclassified_planar_candidate,bright_ridge,150,BH03,optical,False,provisional_report_ticks,unknown,38.564070671204334,0.006847019254515179,,,
11624.090743092767,5.525325531919324,5.725090862323009,7.956499708762263,46.01725191898997,0.5513513513513514,1.0,6,0.14054054054054055,0.9171152898240713,0.1962227751688504,0.2810810810810811,0.22702702702702704,,unclassified_planar_candidate,dark_ridge,151,BH03,optical,False,provisional_report_ticks,unknown,38.5931812253313,0.028416070388436646,,,
11635.331285751789,-5.390249061528333,2.1474977458671596,5.802286748671735,158.27745616661227,0.6756756756756757,1.0,8,0.0918918918918919,1.1554941653600577,0.3914972135564655,0.4689189189189189,0.22702702702702704,,unclassified_planar_candidate,dark_ridge,152,BH03,optical,False,provisional_report_ticks,unknown,38.63332602054209,0.020722452673827618,,,
11636.17001076682,-2.194581363374878,-10.374832784630577,10.604402042053941,258.0563239420527,0.7891891891891892,1.0,8,0.043243243243243246,0.7394746816711939,0.5901096827278925,0.6000000000000001,0.4540540540540541,,unclassified_planar_candidate,bright_ridge,153,BH03,optical,False,provisional_report_ticks,unknown,38.636321467024345,0.03787286443590692,,,
11646.634915971874,-4.269073822225793,-10.716838470052906,11.535840588913295,248.28003726035382,0.6810810810810811,1.0,7,0.13513513513513514,1.0012860188490225,0.3557533049076055,0.42162162162162165,0.2,,unclassified_planar_candidate,dark_ridge,154,BH03,optical,False,provisional_report_ticks,unknown,38.673696128470965,0.04119943067469033,,,
11656.090222510476,-4.421056176263999,10.606579137410565,11.491094756890446,112.62745089232489,0.5459459459459459,1.0,7,0.11351351351351352,1.2560790007169695,0.21255970300927207,0.33378378378378376,0.17297297297297298,,unclassified_planar_candidate,bright_ridge,155,BH03,optical,False,provisional_report_ticks,unknown,38.70746508039455,0.04103962413175158,,,
11678.732706434586,1.2302016815306962,11.577918976511963,11.643092544677156,83.93484369443146,0.572972972972973,1.0,7,0.12972972972972974,0.9729375343558629,0.26406370786688776,0.36621621621621625,0.23783783783783785,,unclassified_planar_candidate,dark_ridge,156,BH03,optical,False,provisional_report_ticks,unknown,38.78833109440922,0.041582473373846976,,,
11699.506601387295,-3.7683118452871103,3.6416703450250107,5.24041382575515,135.9791274717383,0.6810810810810811,1.0,8,0.12432432432432433,0.9981989556995402,0.4264446256607706,0.49864864864864866,0.25405405405405407,,unclassified_planar_candidate,dark_ridge,157,BH03,optical,False,provisional_report_ticks,unknown,38.86252357638318,0.018715763663411242,,,
11711.180870218896,-2.9236089002331416,-3.2088419739192937,4.3409855810758815,227.6630268745072,0.6054054054054054,1.0,7,0.11351351351351352,1.2741352647642135,0.28172355992391324,0.40135135135135136,0.22162162162162163,,unclassified_planar_candidate,bright_ridge,158,BH03,optical,False,provisional_report_ticks,unknown,38.9042173936389,0.015503519932413858,,,
11744.660256235285,-3.5370815462318883,-9.800025939294798,10.418802919507838,250.15418230157707,0.654054054054054,1.0,6,0.20540540540540542,0.7876141570513099,0.3997057729620499,0.5391891891891891,0.25405405405405407,,unclassified_planar_candidate,dark_ridge,159,BH03,optical,False,provisional_report_ticks,unknown,39.023786629411724,0.0372100104268137,,,
11747.747782864277,1.6933364088049179,4.68180043185012,4.978618631413367,70.11570898058866,0.5459459459459459,1.0,6,0.20540540540540542,1.1373034361531298,0.2375438019533324,0.39999999999999997,0.1945945945945946,,unclassified_planar_candidate,bright_ridge,160,BH03,optical,False,provisional_report_ticks,unknown,39.03481351022955,0.017780780826476307,,,
11755.983488659454,-6.874044754239935,6.095359563632298,9.187268336848406,138.43592345485612,0.5297297297297298,1.0,8,0.0972972972972973,0.9031280261960379,0.2295447873282048,0.32432432432432434,0.16756756756756758,,unclassified_planar_candidate,bright_ridge,161,BH03,optical,False,provisional_report_ticks,unknown,39.06422674521232,0.032811672631601445,,,
11771.323563506226,-5.255274902451445,17.386552255643373,18.163427915417113,106.81801412823262,0.6216216216216216,1.0,7,0.10810810810810811,1.376842986733785,0.3427888894522446,0.4891891891891892,0.2,,unclassified_planar_candidate,dark_ridge,162,BH03,optical,False,provisional_report_ticks,unknown,39.11901272680794,0.06486938541220395,,,
11787.76365371287,-3.5762358315849814,-1.699491996274528,3.959512061922972,205.41791302255243,0.518918918918919,1.0,7,0.13513513513513514,1.035355590571984,0.21988870768104476,0.34594594594594597,0.2,,unclassified_planar_candidate,dark_ridge,163,BH03,optical,False,provisional_report_ticks,unknown,39.17772733468881,0.014141114506867752,,,
11790.866122069596,1.6971856978211588,4.409556724913772,4.724894686987316,68.94888076341773,0.5675675675675675,1.0,6,0.2756756756756757,1.0849461527275768,0.2259798549676586,0.39459459459459456,0.2702702702702703,,unclassified_planar_candidate,bright_ridge,164,BH03,optical,False,provisional_report_ticks,unknown,39.188807578819976,0.016874623882097553,,,
11807.977381949646,-4.323876335056834,-3.7571611149300295,5.728190482552652,220.98847098832596,0.7189189189189189,1.0,8,0.08648648648648649,1.0302753441845032,0.4658512407212526,0.5527027027027027,0.3081081081081081,,unclassified_planar_candidate,bright_ridge,165,BH03,optical,False,provisional_report_ticks,unknown,39.249919221248724,0.02045782315197375,,,
11814.874341310811,-7.853618248417237,8.696575899312265,11.717924388063407,132.084250784966,0.7135135135135136,1.0,8,0.11351351351351352,0.835265270327562,0.47880347072671225,0.5459459459459459,0.32972972972972975,,unclassified_planar_candidate,dark_ridge,166,BH03,optical,False,provisional_report_ticks,unknown,39.274551218967176,0.0418497299573693,,,
11852.763165863373,-7.535982028537019,10.064271525272488,12.573010238954057,126.82534207549047,0.5675675675675675,1.0,6,0.13513513513513514,1.1687409796816026,0.260597060528793,0.39189189189189183,0.3621621621621622,,unclassified_planar_candidate,dark_ridge,167,BH03,optical,False,provisional_report_ticks,unknown,39.40986844951203,0.04490360799626448,,,
11871.569021275653,3.9049118911525107,-2.6985747171804184,4.746645381937611,325.3527404146459,0.5621621621621622,1.0,6,0.21081081081081082,0.9927916604857098,0.2687041011267747,0.42162162162162165,0.2,,unclassified_planar_candidate,bright_ridge,168,BH03,optical,False,provisional_report_ticks,unknown,39.47703221884161,0.016952304935491463,,,
11882.00906490259,-4.284823032888781,9.908003104345715,10.794824405190598,113.38659074022473,0.5891891891891892,1.0,8,0.07027027027027027,1.1695460956332808,0.32381961175606144,0.43648648648648647,0.1837837837837838,,unclassified_planar_candidate,bright_ridge,169,BH03,optical,False,provisional_report_ticks,unknown,39.514318088937806,0.03855294430425212,,,
11910.451831474493,-10.589719706136624,9.397909003095442,14.158490635834058,138.41235912027528,0.5459459459459459,1.0,6,0.17297297297297298,1.1659114311340606,0.2647491869597739,0.4324324324324324,0.21081081081081082,,unclassified_planar_candidate,dark_ridge,170,BH03,optical,False,provisional_report_ticks,unknown,39.615899398123176,0.050566037985121624,,,
11924.792072434911,-0.5349184478336415,-0.6090672658870053,0.8106174684817891,228.7085077507515,0.5135135135135135,1.0,7,0.16756756756756758,1.473066419840725,0.19443911388912266,0.3716216216216216,0.2,near_horizontal_check_acquisition_artifact,unclassified_planar_candidate,dark_ridge,171,BH03,optical,False,provisional_report_ticks,unknown,39.66711454441039,0.0028950623874349603,,,
11949.019620372646,-4.452358363843529,-6.676042669941149,8.024527445959816,236.30005125736056,0.5459459459459459,1.0,6,0.08648648648648649,1.106430205114282,0.22651501404955007,0.32837837837837835,0.15675675675675677,,unclassified_planar_candidate,bright_ridge,172,BH03,optical,False,provisional_report_ticks,unknown,39.75364150133087,0.02865902659271362,,,
11949.653345712746,0.11134875121716198,3.4019591190102494,3.403780896564086,88.12533410891916,0.7297297297297297,1.0,8,0.08108108108108109,0.9397299534400639,0.4902294400444272,0.5567567567567567,0.24864864864864866,,unclassified_planar_candidate,bright_ridge,173,BH03,optical,False,provisional_report_ticks,unknown,39.75590480611694,0.012156360344871732,,,
11966.84752185693,0.5118673576832892,-1.0586299097681802,1.175884976397546,295.80463532791356,0.7297297297297297,1.0,8,0.0918918918918919,1.2617029841963947,0.43516041153774976,0.577027027027027,0.1783783783783784,near_horizontal_check_acquisition_artifact,unclassified_planar_candidate,dark_ridge,174,BH03,optical,False,provisional_report_ticks,unknown,39.81731257806045,0.004199589201419806,,,
11970.966328373357,-8.668869910876367,-1.3223159858908151,8.769140499401297,188.67282525424386,0.5243243243243243,1.0,6,0.11351351351351352,1.178348136662061,0.1942327769269979,0.3094594594594594,0.15675675675675677,,unclassified_planar_candidate,dark_ridge,175,BH03,optical,False,provisional_report_ticks,unknown,39.832022601333406,0.0313183589264332,,,
11984.948928826412,-4.344060209498024,-6.136971126830879,7.518861198033908,234.70719906846867,0.7513513513513513,1.0,7,0.11891891891891893,1.1072415593493095,0.45768777743127537,0.6324324324324324,0.4756756756756757,,unclassified_planar_candidate,bright_ridge,176,BH03,optical,False,provisional_report_ticks,unknown,39.88196046009432,0.02685307570726395,,,
12011.317948568661,-2.3847237770368657,-10.06846506216821,10.347023543071064,256.67499825455013,0.6432432432432432,1.0,7,0.11891891891891893,1.1321362807309647,0.38859534675922647,0.5067567567567568,0.32972972972972975,,unclassified_planar_candidate,dark_ridge,177,BH03,optical,False,provisional_report_ticks,unknown,39.97613553060235,0.036953655510968075,,,
12018.99874260692,1.4678355535773802,9.23211892311437,9.348077932006785,80.96602931900783,0.7783783783783784,1.0,8,0.11351351351351352,1.3014126040765355,0.44716119949253136,0.6391891891891892,0.24864864864864866,,unclassified_planar_candidate,bright_ridge,178,BH03,optical,False,provisional_report_ticks,unknown,40.00356693788185,0.03338599261430993,,,
12030.581571725012,-12.403931294373372,-8.673556071652648,15.135656129934956,214.96350217614392,0.5837837837837838,1.0,7,0.1891891891891892,1.1645775407266712,0.20738525168161373,0.322972972972973,0.3027027027027027,,unclassified_planar_candidate,bright_ridge,179,BH03,optical,False,provisional_report_ticks,unknown,40.04493418473217,0.05405591474976769,,,
12040.858135479824,-1.0647204029505473,-10.388670467311067,10.443088796655918,264.1482667874297,0.6756756756756757,1.0,7,0.07567567567567568,1.176546310809307,0.3831578224456783,0.454054054054054,0.2594594594594595,,unclassified_planar_candidate,bright_ridge,180,BH03,optical,False,provisional_report_ticks,unknown,40.08163619814222,0.03729674570234255,,,
12060.638184988062,1.1705706768846227,-1.9624713813238666,2.285066658129983,300.8151396773223,0.5027027027027027,1.0,7,0.05945945945945946,1.4891562177419317,0.21235975729612744,0.36891891891891887,0.17297297297297298,,unclassified_planar_candidate,dark_ridge,181,BH03,optical,False,provisional_report_ticks,unknown,40.15227923210021,0.008160952350464223,,,
12070.57687819825,-10.482519092250294,-8.071192604763004,13.2297904965488,217.59508010993082,0.6216216216216216,1.0,7,0.16216216216216217,1.0505881679203273,0.36694237454392825,0.5148648648648648,0.3567567567567568,,unclassified_planar_candidate,bright_ridge,182,BH03,optical,False,provisional_report_ticks,unknown,40.18777456499374,0.04724925177338856,,,
12122.06785889397,-4.564634480979869,7.694315468092703,8.946417074308629,120.6784369963031,0.5297297297297298,1.0,7,0.12972972972972974,1.009985494547501,0.2527055238532944,0.3837837837837838,0.21621621621621623,,unclassified_planar_candidate,dark_ridge,183,BH03,optical,False,provisional_report_ticks,unknown,40.37167092462131,0.03195148955110224,,,
12144.289734871718,1.8320286387761908,-3.540962067911948,3.986820951546157,297.3562139647161,0.5459459459459459,1.0,6,0.2594594594594595,1.1147537056286765,0.223808244997268,0.4013513513513513,0.31891891891891894,,unclassified_planar_candidate,dark_ridge,184,BH03,optical,False,provisional_report_ticks,unknown,40.45103476739898,0.014238646255521984,,,
12163.390877134694,-3.3859876529118997,-1.1569161710775262,3.578179343265583,198.86414905293975,0.7243243243243244,1.0,8,0.05945945945945946,1.0610242886312835,0.4783123472000798,0.5864864864864865,0.5027027027027027,,unclassified_planar_candidate,bright_ridge,185,BH03,optical,False,provisional_report_ticks,unknown,40.519253132623895,0.012779211940234222,,,
12206.16679967941,9.233298025860996,-1.777707352999871,9.40287380896279,349.10206784635824,0.5405405405405406,1.0,7,0.07027027027027027,1.0195802436791017,0.236891780693919,0.3310810810810811,0.23243243243243245,,unclassified_planar_candidate,dark_ridge,186,BH03,optical,False,provisional_report_ticks,unknown,40.67202428456931,0.033581692174867096,,,
12212.734513952075,-0.5388515541589864,2.2821144120824863,2.3448682665032905,103.28531795221343,0.5837837837837838,1.0,7,0.12972972972972974,1.1087392376683491,0.2912972481101303,0.4148648648648649,0.24324324324324326,,unclassified_planar_candidate,dark_ridge,187,BH03,optical,False,provisional_report_ticks,unknown,40.69548040697168,0.008374529523226036,,,
12222.938968725732,5.9737601910120395,-2.744969816780838,6.574242930920489,335.32100504755726,0.7243243243243244,1.0,7,0.08108108108108109,1.0164353768707644,0.47431424849567205,0.5472972972972974,0.2,,unclassified_planar_candidate,bright_ridge,188,BH03,optical,False,provisional_report_ticks,unknown,40.731924888306175,0.02347943903900174,,,
12229.553687880572,2.723845107375432,-3.366738515667371,4.330618939811169,308.9744392233307,0.5405405405405406,1.0,6,0.22162162162162163,1.1835638763941019,0.19620896928557835,0.34594594594594597,0.17297297297297298,,unclassified_planar_candidate,dark_ridge,189,BH03,optical,False,provisional_report_ticks,unknown,40.755548885287745,0.015466496213611312,,,
12241.876876213346,13.958267499404721,4.207372511154679,14.57858755272808,16.774126368222927,0.5243243243243243,1.0,6,0.17297297297297298,1.063764362932159,0.19648084664954463,0.3229729729729729,0.22702702702702704,,unclassified_planar_candidate,dark_ridge,190,BH03,optical,False,provisional_report_ticks,unknown,40.79956027219051,0.05206638411688599,,,
12266.317913451767,-11.199457626265408,12.043987300440799,16.44644281343822,132.91912474242693,0.5405405405405406,1.0,6,0.10810810810810811,1.1509345432218845,0.23260830373836,0.35405405405405405,0.2648648648648649,,unclassified_planar_candidate,dark_ridge,191,BH03,optical,False,provisional_report_ticks,unknown,40.886849690899155,0.058737295762279346,,,
12266.692280151941,8.276279204155186,-8.746923102239295,12.041821341542112,313.41633547823074,0.6054054054054054,1.0,7,0.15675675675675677,1.4147784500437268,0.2892854292030235,0.4540540540540541,0.22162162162162163,,unclassified_planar_candidate,bright_ridge,192,BH03,optical,False,provisional_report_ticks,unknown,40.88818671482835,0.04300650479122182,,,
12287.690295679617,-4.6336144961740535,11.060584968428405,11.991952432484824,112.73028821106752,0.5675675675675675,1.0,7,0.14594594594594595,1.2855864013563367,0.25689757655880213,0.4067567567567567,0.23783783783783785,,unclassified_planar_candidate,bright_ridge,193,BH03,optical,False,provisional_report_ticks,unknown,40.96317962742719,0.04282840154458865,,,
12288.568854828438,3.691646824875015,-7.0570614751870275,7.96431873697799,297.614690473186,0.5621621621621622,1.0,8,0.10810810810810811,1.347052609302206,0.21968478573566894,0.34324324324324323,0.17297297297297298,,unclassified_planar_candidate,dark_ridge,194,BH03,optical,False,provisional_report_ticks,unknown,40.96631733867298,0.0284439954892071,,,
12296.859358973681,1.5377395467381472,1.9019784884834758,2.445846496462182,51.044644033302426,0.5351351351351351,1.0,7,0.12972972972972974,1.2208132837617642,0.23377026483064808,0.377027027027027,0.17297297297297298,,unclassified_planar_candidate,bright_ridge,195,BH03,optical,False,provisional_report_ticks,unknown,40.99592628204885,0.008735166058793506,,,
12321.264920526652,7.653161334662945,-4.661148897682331,8.96086979376138,328.65654476099127,0.5405405405405406,1.0,7,0.14594594594594595,1.2238892115390871,0.21572930468656007,0.35135135135135137,0.1783783783783784,,unclassified_planar_candidate,dark_ridge,196,BH03,optical,False,provisional_report_ticks,unknown,41.083089001880886,0.032003106406290636,,,
12331.703652882241,-5.209699587670757,8.671404892594863,10.116038384916052,120.99705734606083,0.5783783783783784,1.0,8,0.08648648648648649,1.1499305095359211,0.3270356422585805,0.454054054054054,0.22702702702702704,,unclassified_planar_candidate,bright_ridge,197,BH03,optical,False,provisional_report_ticks,unknown,41.12037018886514,0.03612870851755732,,,
12341.904141566149,1.7649542474337732,11.550806604667475,11.684870419220072,81.31244485719036,0.5513513513513514,1.0,7,0.1837837837837838,1.1944259283527345,0.19358398286875442,0.3202702702702703,0.15675675675675677,,unclassified_planar_candidate,dark_ridge,198,BH03,optical,False,provisional_report_ticks,unknown,41.156800505593374,0.041731680068643105,,,
12342.720896631108,-5.604684094503629,-4.759816262120612,7.353117342211383,220.33980741721433,0.5891891891891892,1.0,6,0.14054054054054055,1.2363138188979474,0.3036326653649309,0.4527027027027027,0.4756756756756757,,unclassified_planar_candidate,bright_ridge,199,BH03,optical,False,provisional_report_ticks,unknown,41.15971748796823,0.026261133365040646,,,
12349.834608988016,-7.592116390175728,-3.9111143358134184,8.540318883377843,207.25547195359798,0.5351351351351351,1.0,6,0.17297297297297298,0.9296444804080579,0.2228616484222938,0.3432432432432432,0.21081081081081082,,unclassified_planar_candidate,dark_ridge,200,BH03,optical,False,provisional_report_ticks,unknown,41.185123603528616,0.030501138869206575,,,
12374.482192457195,-6.835314017738524,9.559531364624268,11.751857624747156,125.56575588938826,0.5621621621621622,1.0,6,0.12432432432432433,1.1069776880552509,0.26953760152298245,0.39594594594594595,0.1837837837837838,,unclassified_planar_candidate,bright_ridge,201,BH03,optical,False,provisional_report_ticks,unknown,41.27315068734711,0.04197092008838269,,,
12392.940095193504,0.5703362182499185,-13.737937050147165,13.749770827023038,272.37729316443455,0.5405405405405406,1.0,7,0.13513513513513514,1.1614559824841446,0.25222269247767837,0.39729729729729735,0.15135135135135136,,unclassified_planar_candidate,bright_ridge,202,BH03,optical,False,provisional_report_ticks,unknown,41.339071768548216,0.049106324382225126,,,
12414.220549775313,-1.7179893462638494,-9.931986450179878,10.079476288003894,260.1863470254892,0.5837837837837838,1.0,6,0.10270270270270271,1.1784970678524294,0.23322310042820762,0.32972972972972975,0.24864864864864866,,unclassified_planar_candidate,dark_ridge,203,BH03,optical,False,provisional_report_ticks,unknown,41.41507339205468,0.035998129600013896,,,
12420.623006604834,-6.17077170163909,6.097772895573748,8.675324644054747,135.34091037501452,0.6378378378378379,1.0,6,0.11351351351351352,0.8421245198812461,0.41550204398996016,0.4864864864864865,0.3891891891891892,,unclassified_planar_candidate,bright_ridge,204,BH03,optical,False,provisional_report_ticks,unknown,41.43793930930297,0.03098330230019552,,,
12436.69885009591,-6.7124845670301125,15.215261242504464,16.630142024056077,113.80553157160075,0.5027027027027027,1.0,7,0.16756756756756758,1.3125414702450953,0.15699546561007394,0.2905405405405405,0.22162162162162163,,unclassified_planar_candidate,dark_ridge,205,BH03,optical,False,provisional_report_ticks,unknown,41.49535303605681,0.05939336437162883,,,
12438.420634632708,2.886456255463103,-11.292268404677598,11.655340211164237,284.3385518444365,0.6378378378378379,1.0,6,0.1945945945945946,0.9161008339006371,0.3631886507995106,0.47972972972972977,0.2594594594594595,,unclassified_planar_candidate,bright_ridge,206,BH03,optical,False,provisional_report_ticks,unknown,41.50150226654537,0.041626215039872266,,,
12461.103110928523,-3.7038747197278177,-4.455343902021476,5.793856852280593,230.26213222035253,0.7135135135135136,1.0,8,0.05405405405405406,1.0415733467105173,0.4769637106847451,0.5108108108108109,0.21081081081081082,,unclassified_planar_candidate,bright_ridge,207,BH03,optical,False,provisional_report_ticks,unknown,41.582511110459,0.02069234590100211,,,
12482.051570364512,1.4257809512126725,5.680186687478308,5.856395830666393,75.90933050276541,0.5459459459459459,1.0,6,0.2810810810810811,1.010793552660042,0.2128172366248079,0.3797297297297297,0.15135135135135136,,unclassified_planar_candidate,dark_ridge,208,BH03,optical,False,provisional_report_ticks,unknown,41.6573270370161,0.02091569939523711,,,
12485.818794207427,4.772221708405033,-6.464956471807674,8.035531234245822,306.4335436698599,0.6378378378378379,1.0,8,0.07027027027027027,1.0994887323333902,0.4110547782354736,0.5067567567567568,0.1837837837837838,,unclassified_planar_candidate,bright_ridge,209,BH03,optical,False,provisional_report_ticks,unknown,41.67078140788366,0.028698325836592212,,,
12502.022310266088,-3.2764151788364186,11.786293789389331,12.233217798842102,105.53514324575048,0.5837837837837838,1.0,7,0.14594594594594595,1.214193231116664,0.31015749700903705,0.46621621621621623,0.24864864864864866,,unclassified_planar_candidate,bright_ridge,210,BH03,optical,False,provisional_report_ticks,unknown,41.72865110809316,0.04369006356729321,,,
12519.894056130684,-7.4259464887865505,3.1281812654557175,8.057927728881007,157.15673246635706,0.5027027027027027,1.0,6,0.22162162162162163,1.3344211286713161,0.1735253706983743,0.3459459459459459,0.3027027027027027,,unclassified_planar_candidate,dark_ridge,211,BH03,optical,False,provisional_report_ticks,unknown,41.79247877189529,0.028778313317432157,,,
12540.726940367997,4.8510365926123935,-3.5554255074847547,6.0144498137516855,323.76153665694676,0.5297297297297298,1.0,7,0.14054054054054055,1.3122136379482832,0.22247113464649362,0.3783783783783784,0.15675675675675677,,unclassified_planar_candidate,dark_ridge,212,BH03,optical,False,provisional_report_ticks,unknown,41.86688192988569,0.021480177906256014,,,
12544.605451011015,2.9656511280159648,10.222336756267095,10.643836496847912,73.82177416189602,0.6216216216216216,1.0,7,0.0918918918918919,1.068454155815414,0.37078045636532764,0.4689189189189189,0.2594594594594595,,unclassified_planar_candidate,bright_ridge,213,BH03,optical,False,provisional_report_ticks,unknown,41.880733753610755,0.03801370177445682,,,
12555.922670178645,6.431762797273021,-2.2269752301472057,6.806393417668015,340.90176850825753,0.7675675675675676,1.0,8,0.032432432432432434,1.2524138823030397,0.4892067482442625,0.6135135135135136,0.16756756756756758,,unclassified_planar_candidate,bright_ridge,214,BH03,optical,False,provisional_report_ticks,unknown,41.92115239349515,0.024308547920242903,,,
12563.651680104063,-1.208779393322388,8.05835023354237,8.148506372836264,98.53095237316253,0.5783783783783784,1.0,8,0.10270270270270271,1.2127248377727182,0.25746575760369866,0.3716216216216216,0.16756756756756758,,unclassified_planar_candidate,dark_ridge,215,BH03,optical,False,provisional_report_ticks,unknown,41.948756000371645,0.029101808474415222,,,
12578.649310016266,-1.9311387137764136,-2.555025914756317,3.2027260508701607,232.91729643759993,0.7297297297297297,1.0,8,0.07567567567567568,1.1209000471995914,0.46421537495769166,0.6324324324324324,0.44324324324324327,,unclassified_planar_candidate,bright_ridge,216,BH03,optical,False,provisional_report_ticks,unknown,42.00231896434379,0.011438307324536285,,,
12608.876545479956,-5.883775443454654,4.077945403421598,7.158802426543657,145.27482379458496,0.6108108108108108,1.0,7,0.0918918918918919,1.114701984062681,0.36496196775252443,0.477027027027027,0.17297297297297298,,unclassified_planar_candidate,bright_ridge,217,BH03,optical,False,provisional_report_ticks,unknown,42.11027337671412,0.025567151523370198,,,
12698.49778276716,-5.6953921391616245,7.282563381159385,9.245172849624156,128.02749486870405,0.6486486486486487,1.0,8,0.06486486486486487,0.9315883286625343,0.4446544764795606,0.5459459459459459,0.31351351351351353,,unclassified_planar_candidate,bright_ridge,218,BH03,optical,False,provisional_report_ticks,unknown,42.43034922416842,0.033018474462943405,,,
12710.859597312174,7.699070329650149,2.350517999764104,8.049883154935499,16.977374778300344,0.5081081081081081,1.0,6,0.11351351351351352,1.2445057014945935,0.22592910803063235,0.37972972972972974,0.22162162162162163,,unclassified_planar_candidate,bright_ridge,219,BH03,optical,False,provisional_report_ticks,unknown,42.47449856182918,0.028749582696198202,,,
12760.674004398028,6.045937091101176,8.446524501943237,10.387354401938946,54.40529462102811,0.5675675675675675,1.0,7,0.10270270270270271,1.09805747003648,0.28731519965979957,0.4067567567567567,0.16216216216216217,,unclassified_planar_candidate,bright_ridge,220,BH03,optical,False,provisional_report_ticks,unknown,42.65240715856437,0.03709769429263909,,,
12786.59446491194,0.7796086200565303,-3.9833711526981532,4.05894510194635,281.0737129204358,0.6108108108108108,1.0,8,0.08648648648648649,0.7987403173492299,0.41715520329360967,0.4878378378378378,0.16216216216216217,,unclassified_planar_candidate,bright_ridge,221,BH03,optical,False,provisional_report_ticks,unknown,42.74498023182834,0.014496232506951244,,,
12802.677380807123,-3.7041779600257128,-12.638769428769368,13.170399653508447,253.66516335874854,0.5243243243243243,1.0,6,0.1945945945945946,1.08694579373678,0.23038770554258323,0.3918918918918919,0.16756756756756758,,unclassified_planar_candidate,dark_ridge,222,BH03,optical,False,provisional_report_ticks,unknown,42.802419217168286,0.04703714161967301,,,
12836.301398991436,-0.2595309880048565,3.3190067161914394,3.329138314317784,94.4711669952943,0.6,1.0,7,0.1837837837837838,1.044848262108955,0.3204731041543121,0.4635135135135135,0.33513513513513515,,unclassified_planar_candidate,dark_ridge,223,BH03,optical,False,provisional_report_ticks,unknown,42.922504996397976,0.011889779693992084,,,
12841.672453305688,9.545351917803954,-1.6070801043761922,9.679692644738541,350.4431612087192,0.6162162162162163,1.0,7,0.15675675675675677,1.166404079929178,0.35223435118848734,0.5175675675675676,0.35135135135135137,,unclassified_planar_candidate,bright_ridge,224,BH03,optical,False,provisional_report_ticks,unknown,42.94168733323459,0.03457033087406621,,,
12856.756919639049,-2.854871124280017,3.2138642163593394,4.298745437618153,131.61464105444642,0.6054054054054054,1.0,8,0.14054054054054055,1.1693374329916624,0.25998822656734244,0.3689189189189189,0.2972972972972973,,unclassified_planar_candidate,bright_ridge,225,BH03,optical,False,provisional_report_ticks,unknown,42.99556042728231,0.015352662277207683,,,
12856.86921250352,7.633477371110755,-2.5693180568937284,8.054276631252499,341.39751148405827,0.6378378378378379,1.0,7,0.08108108108108109,1.0821047747078585,0.3523106081140505,0.4310810810810811,0.25405405405405407,,unclassified_planar_candidate,dark_ridge,226,BH03,optical,False,provisional_report_ticks,unknown,42.99596147322684,0.028765273683044632,,,
12869.942522522491,-2.311189759518222,-6.88617380643942,7.263675914920369,251.44682780695388,0.7567567567567568,1.0,8,0.04864864864864865,1.0650952313218602,0.5047878806405435,0.5162162162162163,0.4810810810810811,,unclassified_planar_candidate,bright_ridge,227,BH03,optical,False,provisional_report_ticks,unknown,43.04265186615174,0.02594169969614417,,,
12876.96819715829,-11.874404719359928,4.542746410784233,12.713694679040014,159.0648364713505,0.518918918918919,1.0,7,0.1837837837837838,1.2516663259485907,0.18177024078835102,0.3256756756756757,0.20540540540540542,,unclassified_planar_candidate,dark_ridge,228,BH03,optical,False,provisional_report_ticks,unknown,43.0677435612796,0.045406052425142895,,,
12885.807483308834,-9.664541395275783,7.696314166069401,12.35461906024786,141.4680943821267,0.8540540540540541,1.0,8,0.04864864864864865,0.9149923027001474,0.5989183166704501,0.7662162162162163,0.3891891891891892,,unclassified_planar_candidate,bright_ridge,229,BH03,optical,False,provisional_report_ticks,unknown,43.09931244038868,0.0441236395008852,,,
12912.335705045462,-3.1512915978555553,7.397935731616228,8.041149906813027,113.0725032564132,0.5621621621621622,1.0,6,0.11351351351351352,1.2631892161007496,0.17150167566206248,0.26216216216216215,0.16756756756756758,,unclassified_planar_candidate,dark_ridge,230,BH03,optical,False,provisional_report_ticks,unknown,43.19405608944807,0.028718392524332233,,,
12924.008635832848,6.044920841054715,-6.572314033255789,8.929522928261544,312.60646256910354,0.5027027027027027,1.0,7,0.23243243243243245,1.076760779014984,0.21632438273479257,0.4013513513513513,0.22162162162162163,,unclassified_planar_candidate,bright_ridge,231,BH03,optical,False,provisional_report_ticks,unknown,43.23574512797445,0.03189115331521979,,,
12926.536944551446,-5.183931913059262,6.111076441511792,8.013638708678766,130.30742797566518,0.6,1.0,8,0.07567567567567568,1.278937033355039,0.24466329382935392,0.33783783783783783,0.20540540540540542,,unclassified_planar_candidate,dark_ridge,232,BH03,optical,False,provisional_report_ticks,unknown,43.24477480196944,0.0286201382452813,,,
12932.210988264353,-15.1310024853037,-2.200510363929351,15.290175998726346,188.27454776854307,0.5513513513513514,1.0,7,0.10270270270270271,1.1712330051082802,0.18279364991367167,0.27297297297297296,0.22162162162162163,,unclassified_planar_candidate,dark_ridge,233,BH03,optical,False,provisional_report_ticks,unknown,43.26503924380125,0.05460777142402265,,,
12934.007174248023,-8.212352521748324,8.290058862871733,11.669096361387382,134.7302083690449,0.7837837837837838,1.0,8,0.043243243243243246,1.1876315347387316,0.5047432709100135,0.5891891891891892,0.32432432432432434,,unclassified_planar_candidate,bright_ridge,234,BH03,optical,False,provisional_report_ticks,unknown,43.271454193742926,0.041675344147812064,,,
12954.181416295962,-8.032984670176186,7.582413619451933,11.046349578378178,136.65276979737556,0.6054054054054054,1.0,8,0.10270270270270271,1.191857122999376,0.3483506655684449,0.47702702702702704,0.34594594594594597,,unclassified_planar_candidate,dark_ridge,235,BH03,optical,False,provisional_report_ticks,unknown,43.34350505819985,0.039451248494207766,,,
12987.319159889486,-7.822256910230174,8.633921486042386,11.650420739045781,132.17630078141278,0.5513513513513514,1.0,6,0.07027027027027027,1.158995351608219,0.2297161358463681,0.32972972972972975,0.25405405405405407,,unclassified_planar_candidate,bright_ridge,236,BH03,optical,False,provisional_report_ticks,unknown,43.46185414246244,0.041608645496592066,,,
12996.348238640423,-7.426208275755008,-1.3156587838900025,7.541851721594577,190.04652002276336,0.6594594594594595,1.0,8,0.06486486486486487,1.0769274465867458,0.4237023968325827,0.4918918918918919,0.1891891891891892,,unclassified_planar_candidate,bright_ridge,237,BH03,optical,False,provisional_report_ticks,unknown,43.49410085228721,0.026935184719980625,,,
13009.585503416516,-6.071792986527615,7.390095401756898,9.564527176934277,129.40694439436683,0.5837837837837838,1.0,7,0.13513513513513514,1.1664433782988552,0.23494829605057546,0.3432432432432433,0.1783783783783784,,unclassified_planar_candidate,dark_ridge,238,BH03,optical,False,provisional_report_ticks,unknown,43.541376797916115,0.034159025631908126,,,
13030.995709370787,-6.57288837434053,8.716855773913244,10.917254057900529,127.01788214398309,0.8,1.0,8,0.05405405405405406,1.0879942837548382,0.5265662292766489,0.6608108108108108,0.44324324324324327,,unclassified_planar_candidate,bright_ridge,239,BH03,optical,False,provisional_report_ticks,unknown,43.61784181918137,0.03899019306393045,,,
13036.406427098224,-8.956541358367602,3.57752277619509,9.644599645311565,158.2266867753329,0.6594594594594595,1.0,7,0.13513513513513514,1.0251799224224687,0.3877286562775866,0.47837837837837843,0.2972972972972973,,unclassified_planar_candidate,bright_ridge,240,BH03,optical,False,provisional_report_ticks,unknown,43.637165811065074,0.03444499873325558,,,
13038.319075289364,5.158511661635318,14.040378226274324,14.958023375435195,69.82639214901228,0.5891891891891892,1.0,7,0.16756756756756758,1.260156764136276,0.23427607619384688,0.36351351351351346,0.1783783783783784,,unclassified_planar_candidate,dark_ridge,241,BH03,optical,False,provisional_report_ticks,unknown,43.643996697462,0.05342151205512568,,,
13051.676160844501,-7.164540686180518,9.254675282469947,11.70383090393467,127.74537618821623,0.5459459459459459,1.0,7,0.0918918918918919,1.0736898315375334,0.22296151600316966,0.32162162162162156,0.1837837837837838,,unclassified_planar_candidate,dark_ridge,242,BH03,optical,False,provisional_report_ticks,unknown,43.69170057444464,0.04179939608548095,,,
13082.483928924546,-12.81862665498026,18.734494493016378,22.700186634224647,124.38094531662223,0.5297297297297298,1.0,6,0.1945945945945946,1.0705742090331012,0.20175563875681127,0.33783783783783783,0.1891891891891892,,unclassified_planar_candidate,bright_ridge,243,BH03,optical,False,provisional_report_ticks,unknown,43.80172831758765,0.08107209512223086,,,
13084.727316306939,-9.452290245176275,-2.0125083047647747,9.664159588696876,192.0194966234234,0.518918918918919,1.0,6,0.16756756756756758,0.992137210468576,0.26084384304490765,0.4202702702702703,0.2756756756756757,,unclassified_planar_candidate,bright_ridge,244,BH03,optical,False,provisional_report_ticks,unknown,43.80974041538191,0.034514855673917405,,,
13090.321112427651,-0.6698835211024867,9.499989492936997,9.523578334731017,94.03348589168218,0.5243243243243243,1.0,7,0.16216216216216217,1.33629283816995,0.19697441244828184,0.35,0.16216216216216217,,unclassified_planar_candidate,dark_ridge,245,BH03,optical,False,provisional_report_ticks,unknown,43.82971825867017,0.03401277976689648,,,
13107.081792051742,9.282849404995291,7.333676008610396,11.830219646105018,38.309590564809966,0.5243243243243243,1.0,7,0.12432432432432433,1.2558411038969817,0.2645361067454333,0.4378378378378378,0.16756756756756758,,unclassified_planar_candidate,bright_ridge,246,BH03,optical,False,provisional_report_ticks,unknown,43.88957782875621,0.04225078445037505,,,
13124.96657197484,-10.711947612676143,1.6818448203889012,10.843174058207639,171.07703751195763,0.5837837837837838,1.0,7,0.15675675675675677,1.052703881442298,0.33253474577983794,0.47972972972972977,0.21081081081081082,,unclassified_planar_candidate,bright_ridge,247,BH03,optical,False,provisional_report_ticks,unknown,43.95345204276727,0.03872562163645584,,,
13162.808308401176,-6.273786156133763,8.18337933413545,10.311551292567517,127.47557102999531,0.5567567567567567,1.0,6,0.12972972972972974,1.1826345843196573,0.281646728862353,0.43108108108108106,0.20540540540540542,,unclassified_planar_candidate,bright_ridge,248,BH03,optical,False,provisional_report_ticks,unknown,44.08860110143276,0.03682696890202684,,,
13164.029024590189,4.754070392860692,38.756401918200005,39.04689328160861,83.0067248754837,0.5783783783783784,1.0,7,0.14054054054054055,0.7306570889420648,0.3896404155996679,0.5013513513513513,0.32432432432432434,,unclassified_planar_candidate,bright_ridge,249,BH03,optical,False,provisional_report_ticks,unknown,44.092960802107804,0.13945319029145928,,,
13205.130971292994,-7.580646108773622,15.243997270409915,17.024853838043065,116.44057489062962,0.6486486486486487,1.0,8,0.05945945945945946,0.9977135756337252,0.422104221990708,0.4824324324324325,0.15135135135135136,,unclassified_planar_candidate,bright_ridge,250,BH03,optical,False,provisional_report_ticks,unknown,44.23975346890354,0.06080304942158236,,,
13256.09122124573,-10.220527270314413,13.517145647651885,16.946161929566085,127.09350185899038,0.6324324324324324,1.0,7,0.0972972972972973,1.2574506301283073,0.35817662021286883,0.477027027027027,0.22702702702702704,,unclassified_planar_candidate,bright_ridge,251,BH03,optical,False,provisional_report_ticks,unknown,44.42175436159188,0.06052200689130743,,,
13262.995896284425,-2.012762354792685,6.9708000004764346,7.255567858101312,106.1056472190569,0.5675675675675675,1.0,7,0.10270270270270271,1.038202596900235,0.2298100353581099,0.3189189189189189,0.15135135135135136,,unclassified_planar_candidate,dark_ridge,252,BH03,optical,False,provisional_report_ticks,unknown,44.446413915301505,0.025912742350361822,,,
13270.49343527997,-9.433138388559776,6.801317616252117,11.629360308067746,144.20829706069412,0.5837837837837838,1.0,7,0.16756756756756758,1.282335158782869,0.2518312366007563,0.39729729729729735,0.2918918918918919,,unclassified_planar_candidate,dark_ridge,253,BH03,optical,False,provisional_report_ticks,unknown,44.473190840285596,0.04153342967167051,,,
13277.669851637638,6.091436366393859,-3.112795018850892,6.84069366623068,332.9324377712579,0.7189189189189189,1.0,7,0.13513513513513514,1.2382319602997192,0.37814026472329537,0.45945945945945943,0.2810810810810811,,unclassified_planar_candidate,bright_ridge,254,BH03,optical,False,provisional_report_ticks,unknown,44.49882089870584,0.024431048807966708,,,
13281.402649393009,-6.712019009125844,1.3406599790159939,6.8446014024340265,168.7043814978459,0.9027027027027027,1.0,8,0.016216216216216217,0.8575988435112976,0.6672587135838798,0.7810810810810811,0.5621621621621622,,unclassified_planar_candidate,bright_ridge,255,BH03,optical,False,provisional_report_ticks,unknown,44.512152319260736,0.024445005008692944,,,
13325.624853553147,-10.581177198807705,-7.139592644281565,12.764603168091341,214.00929757807734,0.5243243243243243,1.0,6,0.12432432432432433,1.3054732090921197,0.20960202378889395,0.35270270270270265,0.1891891891891892,,unclassified_planar_candidate,dark_ridge,256,BH03,optical,False,provisional_report_ticks,unknown,44.6700887626898,0.04558786845746906,,,
13339.51991840161,-8.783946238726275,7.0160178273021865,11.24198459694086,141.38452303409926,0.5891891891891892,1.0,6,0.1783783783783784,1.089568291424007,0.33302345708270004,0.49459459459459454,0.20540540540540542,,unclassified_planar_candidate,bright_ridge,257,BH03,optical,False,provisional_report_ticks,unknown,44.719713994291446,0.04014994498907449,,,
13343.753778009126,6.862500922871162,5.312357211026905,8.678424860189613,37.7439512240724,0.5027027027027027,1.0,6,0.2756756756756757,1.044379912837717,0.1778660471981779,0.3459459459459459,0.24324324324324326,,unclassified_planar_candidate,dark_ridge,258,BH03,optical,False,provisional_report_ticks,unknown,44.73483492146115,0.030994374500677182,,,
13348.085512337588,-3.246506124337348,-6.592190018836224,7.3482495371213306,243.78078523038062,0.6648648648648648,1.0,7,0.14594594594594595,0.5210324020639939,0.47730015553221866,0.5108108108108108,0.2756756756756757,,unclassified_planar_candidate,bright_ridge,259,BH03,optical,False,provisional_report_ticks,unknown,44.75030540120566,0.026243748346861887,,,
13354.422748678,-1.5066864348983935,-12.371228955570215,12.46264056627831,263.0561698232881,0.6108108108108108,1.0,7,0.22702702702702704,1.2236934136402127,0.26053130199918667,0.41486486486486485,0.2702702702702703,,unclassified_planar_candidate,bright_ridge,260,BH03,optical,False,provisional_report_ticks,unknown,44.7729383881357,0.044509430593851096,,,
13368.800755020418,1.9638474327281696,-6.841400829857914,7.1176865661402635,286.01630626094243,0.654054054054054,1.0,7,0.16756756756756758,0.7260290646226639,0.3280769948230877,0.38378378378378375,0.31351351351351353,,unclassified_planar_candidate,bright_ridge,261,BH03,optical,False,provisional_report_ticks,unknown,44.8242884107872,0.025420309164786648,,,
13389.804632319403,-2.6263779069566744,4.322755459298641,5.058070350543409,121.28162343009028,0.827027027027027,1.0,8,0.043243243243243246,0.8254240917331177,0.6009368889055331,0.6108108108108108,0.23243243243243245,,unclassified_planar_candidate,bright_ridge,262,BH03,optical,False,provisional_report_ticks,unknown,44.89930225828357,0.018064536966226456,,,
13398.128275916573,-3.4808395490213275,8.68379014608638,9.35545056463332,111.84305297408386,0.6378378378378379,1.0,7,0.14054054054054055,0.8530554854947913,0.36346209102354016,0.44054054054054054,0.20540540540540542,,unclassified_planar_candidate,dark_ridge,263,BH03,optical,False,provisional_report_ticks,unknown,44.929029556844895,0.03341232344511899,,,
13399.33317737694,-0.30575885560382887,-8.672641639809031,8.678029816169662,267.9808413863817,0.8,1.0,7,0.14054054054054055,0.7531694462315626,0.5349127356902547,0.6972972972972973,0.4864864864864865,,unclassified_planar_candidate,bright_ridge,264,BH03,optical,False,provisional_report_ticks,unknown,44.933332776346205,0.030992963629177354,,,
13416.138967482442,0.06971341231523549,-10.406769838610456,10.4070033359113,270.38381021367246,0.7027027027027027,1.0,8,0.13513513513513514,1.307919222283936,0.3929878991468415,0.5108108108108108,0.2,,unclassified_planar_candidate,dark_ridge,265,BH03,optical,False,provisional_report_ticks,unknown,44.993353455294425,0.037167869056826064,,,
13422.696830191067,-0.4442275257724547,-12.929035240348174,12.936664575570433,268.0321537386004,0.8108108108108109,1.0,8,0.03783783783783784,0.6852259051374933,0.6208278554857353,0.6310810810810812,0.32432432432432434,,unclassified_planar_candidate,bright_ridge,266,BH03,optical,False,provisional_report_ticks,unknown,45.016774393539514,0.046202373484180104,,,
13430.551044161095,-1.0346616563115676,3.2184930062147368,3.380713234525308,107.82124536016288,0.7027027027027027,1.0,8,0.0972972972972973,1.4096327249775782,0.3579281629246623,0.4513513513513514,0.2972972972972973,,unclassified_planar_candidate,bright_ridge,267,BH03,optical,False,provisional_report_ticks,unknown,45.044825157718186,0.012073975837590383,,,
13436.719813358975,0.36823822069187045,5.290230384974754,5.303030917625169,86.01822267526646,0.6378378378378379,1.0,8,0.05945945945945946,0.7677338533545941,0.35524800814793167,0.38243243243243247,0.23783783783783785,,unclassified_planar_candidate,dark_ridge,268,BH03,optical,False,provisional_report_ticks,unknown,45.06685647628204,0.018939396134375598,,,
13438.713125254355,-0.7661873926751187,-16.00562908205448,16.02395723387336,267.25935059411216,0.5513513513513514,1.0,8,0.08108108108108109,0.9444021958662737,0.2438807476933063,0.32972972972972975,0.22162162162162163,,unclassified_planar_candidate,bright_ridge,269,BH03,optical,False,provisional_report_ticks,unknown,45.07397544733697,0.057228418692404845,,,
13455.638108619874,-6.405208471259954,-8.677557195108806,10.785485359254116,233.56766803910176,0.6270270270270271,1.0,7,0.08108108108108109,1.0803074746312642,0.3378559671530237,0.4202702702702703,0.23783783783783785,,unclassified_planar_candidate,dark_ridge,270,BH03,optical,False,provisional_report_ticks,unknown,45.13442181649954,0.03851959056876469,,,
13478.008906459654,-6.480834429189507,-1.963500809554765,6.771746475444153,196.8552536497968,0.6324324324324324,1.0,8,0.07567567567567568,1.0951215608399671,0.3487617334908495,0.4297297297297297,0.31351351351351353,,unclassified_planar_candidate,bright_ridge,271,BH03,optical,False,provisional_report_ticks,unknown,45.21431752307018,0.024184808840871968,,,
13499.223168698367,-4.2822330308666245,5.306042377765383,6.81847530209557,128.90520920901483,0.5027027027027027,1.0,7,0.10810810810810811,1.1818645533152072,0.2132896596759733,0.35270270270270265,0.17297297297297298,,unclassified_planar_candidate,dark_ridge,272,BH03,optical,False,provisional_report_ticks,unknown,45.2900827453513,0.02435169750748417,,,
13521.410178746779,-5.171310963803758,0.5147362593681044,5.196865449582587,174.31567906298088,0.6756756756756757,1.0,8,0.08648648648648649,0.7523637108878566,0.4803275069686455,0.5986486486486486,0.21621621621621623,,unclassified_planar_candidate,bright_ridge,273,BH03,optical,False,provisional_report_ticks,unknown,45.36932206695277,0.018560233748509233,,,
13558.382418913714,-6.673095920657088,-2.064739248985617,6.985224214911929,197.19272072099264,0.5837837837837838,1.0,6,0.12432432432432433,0.9417936673706403,0.358330144420475,0.47972972972972977,0.31351351351351353,,unclassified_planar_candidate,bright_ridge,274,BH03,optical,False,provisional_report_ticks,unknown,45.50136578183468,0.02494722933897117,,,
13660.182214865403,-15.723899522951319,3.054961481321646,16.01792139636812,169.00510877448093,0.5459459459459459,1.0,6,0.15135135135135136,1.1887146919951295,0.2654008576784474,0.42567567567567566,0.21081081081081082,,unclassified_planar_candidate,bright_ridge,275,BH03,optical,False,provisional_report_ticks,unknown,45.86493648166214,0.05720686212988613,,,
13666.2288105446,-4.907600135221806,6.980819410042647,8.533251357065328,125.10768021176985,0.6432432432432432,1.0,8,0.08648648648648649,1.2592913991285073,0.3788733065837818,0.4905405405405405,0.17297297297297298,,unclassified_planar_candidate,bright_ridge,276,BH03,optical,False,provisional_report_ticks,unknown,45.8865314662307,0.030475897703804735,,,
13714.403063203026,-2.0470765185625415,-5.894696568602048,6.240029640052914,250.84920070366707,0.5891891891891892,1.0,7,0.23783783783783785,1.012559562947245,0.3022336711389049,0.4716216216216216,0.21621621621621623,,unclassified_planar_candidate,bright_ridge,277,BH03,optical,False,provisional_report_ticks,unknown,46.05858236858222,0.022285820143046114,,,
13734.892953149474,-9.822832144809118,15.21143046682568,18.10733686084643,122.85248787150344,0.8216216216216217,1.0,8,0.02702702702702703,1.003502645279473,0.5721379415156581,0.6486486486486487,0.34054054054054056,,unclassified_planar_candidate,bright_ridge,278,BH03,optical,False,provisional_report_ticks,unknown,46.1317605469624,0.06466906021730866,,,
13751.214479754979,-8.894442110618899,-1.3341913768977804,8.993951694852445,188.53092348982346,0.5837837837837838,1.0,6,0.12432432432432433,1.2456482665754014,0.26178781584166405,0.3878378378378379,0.2594594594594595,,unclassified_planar_candidate,bright_ridge,279,BH03,optical,False,provisional_report_ticks,unknown,46.190051713410625,0.03212125605304444,,,
13775.039994531979,-0.2620177970444673,-1.6342673108926826,1.6551383535585282,260.8914346975683,0.5459459459459459,1.0,7,0.0918918918918919,0.8918243903147025,0.3025897791653088,0.4108108108108108,0.1837837837837838,near_horizontal_check_acquisition_artifact,unclassified_planar_candidate,bright_ridge,280,BH03,optical,False,provisional_report_ticks,unknown,46.2751428376142,0.00591120840556617,,,
13784.071943009521,1.113239294134563,-7.426233208364671,7.5092104372579325,278.52551619791404,0.6162162162162163,1.0,7,0.10270270270270271,1.1961411494209864,0.35406524370310427,0.47702702702702704,0.17297297297297298,,unclassified_planar_candidate,dark_ridge,281,BH03,optical,False,provisional_report_ticks,unknown,46.30739979646256,0.026818608704492607,,,
13803.718939966822,1.957934143278127,-7.897730876268505,8.136808901736549,283.92353649574727,0.518918918918919,1.0,6,0.17297297297297298,1.0772897835425073,0.25675746295850715,0.4283783783783784,0.16756756756756758,,unclassified_planar_candidate,bright_ridge,282,BH03,optical,False,provisional_report_ticks,unknown,46.37756764273864,0.029060031791916238,,,
13859.0527847491,4.2763025839794455,18.706467397512185,19.189025151996013,77.1234306657797,0.5459459459459459,1.0,6,0.1783783783783784,1.3087236715849502,0.27038445511721965,0.4662162162162162,0.16756756756756758,,unclassified_planar_candidate,bright_ridge,283,BH03,optical,False,provisional_report_ticks,unknown,46.575188516961056,0.06853223268570002,,,
13877.856758542552,-3.1465413298168676,4.1290211277659115,5.191294425649828,127.30939544965605,0.6486486486486487,1.0,7,0.05945945945945946,1.3365762542765107,0.38969286028888744,0.49864864864864866,0.2756756756756757,,unclassified_planar_candidate,dark_ridge,284,BH03,optical,False,provisional_report_ticks,unknown,46.64234556622338,0.018540337234463668,,,
13926.61227368074,-5.475057141574622,8.160937306899303,9.827367319412057,123.85710014706494,0.5351351351351351,1.0,7,0.08108108108108109,1.0107871381723859,0.2979491547259495,0.4243243243243243,0.16216216216216217,,unclassified_planar_candidate,bright_ridge,285,BH03,optical,False,provisional_report_ticks,unknown,46.816472406002624,0.035097740426471624,,,
13961.606601883392,-11.708593577241713,9.605327085942895,15.144420490232502,140.63572520811505,0.5783783783783784,1.0,7,0.10270270270270271,1.0632479318410928,0.3641057233992169,0.5054054054054054,0.2864864864864865,,unclassified_planar_candidate,bright_ridge,286,BH03,optical,False,provisional_report_ticks,unknown,46.941452149583526,0.054087216036544636,,,
13993.91427054561,-5.506383478655152,4.446938905357494,7.077819200996061,141.07576055226733,0.5243243243243243,1.0,7,0.14054054054054055,1.2864286497892796,0.25621029630615966,0.43648648648648647,0.25405405405405407,,unclassified_planar_candidate,bright_ridge,287,BH03,optical,False,provisional_report_ticks,unknown,47.05683668052003,0.02527792571784307,,,
14007.268226042259,-6.642004296755898,18.324101005461678,19.49073879401408,109.92424769465865,0.5297297297297298,1.0,6,0.1837837837837838,1.2383040906551708,0.23124169953485652,0.4040540540540541,0.17297297297297298,,unclassified_planar_candidate,bright_ridge,288,BH03,optical,False,provisional_report_ticks,unknown,47.10452937872234,0.06960978140719314,,,
14060.442148536717,-7.907014126315103,9.925478918882227,12.68999622391284,128.54216072045503,0.6,1.0,7,0.1783783783783784,0.8567123377194695,0.37051116222465474,0.5121621621621621,0.32972972972972975,,unclassified_planar_candidate,dark_ridge,289,BH03,optical,False,provisional_report_ticks,unknown,47.294436244773976,0.04532141508540299,,,
14126.140501545144,-9.133595473114898,11.832220547266113,14.947374663988702,127.66547416225767,0.7351351351351352,1.0,8,0.0918918918918919,0.9192267249589129,0.4913976047050794,0.6986486486486487,0.5405405405405406,,unclassified_planar_candidate,bright_ridge,290,BH03,optical,False,provisional_report_ticks,unknown,47.52907321980407,0.05338348094281678,,,
14164.886527202587,-8.707016693016223,10.572427833589277,13.69629037326956,129.47346548675492,0.6162162162162163,1.0,7,0.10270270270270271,0.7468314875719444,0.4310767016717844,0.5554054054054054,0.2918918918918919,,unclassified_planar_candidate,bright_ridge,291,BH03,optical,False,provisional_report_ticks,unknown,47.66745188286637,0.04891532276167699,,,
14193.674145336834,-14.068407689895762,9.278604554829805,16.852673301705774,146.59375894747512,0.5135135135135135,1.0,6,0.11351351351351352,1.2268664752716145,0.26155627121556607,0.4324324324324324,0.16756756756756758,,unclassified_planar_candidate,bright_ridge,292,BH03,optical,False,provisional_report_ticks,unknown,47.77026480477439,0.06018811893466346,,,
14198.46983463016,-1.028648610910227,6.059187171718823,6.145882129251218,99.63505684597581,0.5945945945945946,1.0,6,0.0972972972972973,1.2665305941163738,0.351897852713336,0.5040540540540541,0.2972972972972973,,unclassified_planar_candidate,dark_ridge,293,BH03,optical,False,provisional_report_ticks,unknown,47.78739226653627,0.021949579033040057,,,
14247.985751232758,-9.570987746849372,4.483272901727723,10.568989656618411,154.90051728376065,0.7027027027027027,1.0,7,0.1783783783783784,0.8396837370209975,0.43640208039420747,0.5716216216216217,0.3621621621621622,,unclassified_planar_candidate,bright_ridge,294,BH03,optical,False,provisional_report_ticks,unknown,47.96423482583126,0.03774639163078003,,,
14250.451992076667,-6.844468902870851,15.2158996288635,16.684434544749024,114.21933401436968,0.5351351351351351,1.0,6,0.10270270270270271,1.0968906620438634,0.31241824562324344,0.4689189189189189,0.1891891891891892,,unclassified_planar_candidate,dark_ridge,295,BH03,optical,False,provisional_report_ticks,unknown,47.97304282884522,0.0595872662312465,,,
14353.818780837657,1.5737985032492567,-9.739998401752494,9.866327107640956,279.1785775929751,0.518918918918919,1.0,6,0.0972972972972973,1.1083829330560089,0.28961140011174863,0.44729729729729734,0.1837837837837838,,unclassified_planar_candidate,dark_ridge,296,BH03,optical,False,provisional_report_ticks,unknown,48.34220993156305,0.03523688252728912,,,
14489.864871114885,5.107388862321199,-6.507301259518485,8.272266356512796,308.12732294005906,0.5243243243243243,1.0,6,0.2810810810810811,1.396260833799715,0.23155667588606532,0.4891891891891892,0.22162162162162163,,unclassified_planar_candidate,dark_ridge,297,BH03,optical,False,provisional_report_ticks,unknown,48.82808882541029,0.02954380841611712,,,
14559.385056084973,-2.8083902197072175,-12.128261186142037,12.449167643879916,256.96250801481256,0.5945945945945946,1.0,7,0.08648648648648649,0.9183756820348075,0.39452867718979245,0.49324324324324326,0.16756756756756758,,unclassified_planar_candidate,bright_ridge,298,BH03,optical,False,provisional_report_ticks,unknown,49.07637520030346,0.04446131301385683,,,
14606.245574055407,2.512441762814045,-13.746817223886469,13.97452494357049,280.3573694407174,0.6324324324324324,1.0,8,0.0918918918918919,1.2649598128712873,0.349238724806415,0.4635135135135135,0.15675675675675677,,unclassified_planar_candidate,bright_ridge,299,BH03,optical,False,provisional_report_ticks,unknown,49.24373419305501,0.04990901765560888,,,
14611.245825713437,6.477924096365266,-15.57453248391788,16.868004111064327,292.58391902425416,0.5135135135135135,1.0,6,0.11891891891891893,0.9804591268083861,0.22753580066709908,0.34864864864864864,0.22702702702702704,,unclassified_planar_candidate,dark_ridge,300,BH03,optical,False,provisional_report_ticks,unknown,49.26159223469083,0.06024287182522972,,,
14649.834902074634,-1.4960269449487742,-11.171979162585625,11.271699740024136,262.3729600604949,0.6162162162162163,1.0,7,0.11351351351351352,1.0177717069400865,0.389105793511386,0.5094594594594595,0.22162162162162163,,unclassified_planar_candidate,bright_ridge,301,BH03,optical,False,provisional_report_ticks,unknown,49.399410364552246,0.04025607050008619,,,
14659.626285686276,5.524747724327438,8.672182545347024,10.282489363830278,57.5001967764785,0.518918918918919,1.0,6,0.11351351351351352,1.175420627614163,0.2134243918954232,0.3432432432432433,0.33513513513513515,,unclassified_planar_candidate,bright_ridge,302,BH03,optical,False,provisional_report_ticks,unknown,49.434379591736686,0.03672317629939384,,,
14681.537141010454,-7.203176162304481,3.1882601970840487,7.87722983729064,156.1249246087806,0.7783783783783784,1.0,8,0.10270270270270271,0.8215889348569301,0.5311166826674953,0.6851351351351351,0.518918918918919,,unclassified_planar_candidate,dark_ridge,303,BH03,optical,False,provisional_report_ticks,unknown,49.512632646465896,0.02813296370460942,,,
14705.471873445615,-7.128871556467321,2.5779972952909396,7.580691243094933,160.11860692723135,0.5621621621621622,1.0,8,0.11351351351351352,1.2669732633828144,0.3178493601981291,0.4864864864864865,0.1783783783783784,,unclassified_planar_candidate,dark_ridge,304,BH03,optical,False,provisional_report_ticks,unknown,49.598113833734324,0.02707389729676761,,,
14728.816394947185,8.355616337955496,8.813816160057522,12.144944614546414,46.52868688352874,0.5027027027027027,1.0,6,0.12972972972972974,1.1316446661768604,0.21568648638389162,0.35945945945945945,0.16756756756756758,,unclassified_planar_candidate,bright_ridge,305,BH03,optical,False,provisional_report_ticks,unknown,49.68148712481136,0.04337480219480861,,,
14749.768335300825,-10.327455996939495,-1.2039140659243825,10.39739180981712,186.64919350368558,0.772972972972973,1.0,8,0.04864864864864865,0.7012140117301008,0.5820953408528887,0.6932432432432433,0.41081081081081083,,unclassified_planar_candidate,bright_ridge,306,BH03,optical,False,provisional_report_ticks,unknown,49.75631548321722,0.037133542177918276,,,
14850.125929397862,-13.424449362646968,14.37385250271654,19.667828463257532,133.04392161358913,0.5081081081081081,1.0,6,0.14594594594594595,0.662078038955805,0.32449890959079947,0.46621621621621623,0.21081081081081082,,unclassified_planar_candidate,bright_ridge,307,BH03,optical,False,provisional_report_ticks,unknown,50.11473546213521,0.07024224451163402,,,
14870.087472117833,-7.330716879044978,5.911098264910514,9.417032051455651,141.1191512255924,0.7081081081081081,1.0,8,0.05405405405405406,1.1594832970355107,0.455106971540241,0.5864864864864865,0.3081081081081081,,unclassified_planar_candidate,dark_ridge,308,BH03,optical,False,provisional_report_ticks,unknown,50.18602668613511,0.033632257326627314,,,
14876.412368658628,-6.597854854612694,6.41122760262149,9.199756956308791,135.82190426965272,0.5027027027027027,1.0,7,0.05945945945945946,1.2273873583560908,0.1969212037518674,0.3135135135135135,0.1945945945945946,,unclassified_planar_candidate,bright_ridge,309,BH03,optical,False,provisional_report_ticks,unknown,50.20861560235223,0.03285627484395996,,,
14901.355402994923,-0.7744480357237856,-0.5755755549896512,0.9649129388385642,216.62000667559178,0.5459459459459459,1.0,7,0.1837837837837838,0.9605508217318868,0.2605646106856548,0.4027027027027027,0.24324324324324326,near_horizontal_check_acquisition_artifact,unclassified_planar_candidate,bright_ridge,310,BH03,optical,False,provisional_report_ticks,unknown,50.297697867839,0.003446117638709157,,,
14906.702400907407,0.7950596884026047,-0.5746917621190386,0.9810150506339504,324.1395262129053,0.6270270270270271,1.0,8,0.08648648648648649,0.4778125154604354,0.4884620083338797,0.5040540540540541,0.1945945945945946,near_horizontal_check_acquisition_artifact,unclassified_planar_candidate,dark_ridge,311,BH03,optical,False,provisional_report_ticks,unknown,50.31679428895501,0.0035036251808355364,,,
14986.62422573319,-1.2822526215672398,-1.2260030210482424,1.7740505046743953,223.7153125300634,0.5459459459459459,1.0,7,0.13513513513513514,0.9453651292544407,0.2402482660215923,0.34864864864864864,0.20540540540540542,near_horizontal_check_acquisition_artifact,unclassified_planar_candidate,bright_ridge,312,BH03,optical,False,provisional_report_ticks,unknown,50.60222937761852,0.00633589465955141,,,
15010.718031790411,-23.538128298691518,-4.415715762807437,23.94873753465031,190.625102912746,0.654054054054054,1.0,7,0.14054054054054055,0.9685271569645932,0.4070337032522041,0.5837837837837838,0.2972972972972973,,unclassified_planar_candidate,dark_ridge,313,BH03,optical,False,provisional_report_ticks,unknown,50.68827868496574,0.08553120548089393,,,
15116.657004060282,-6.257955707522302,2.0486605880690787,6.5847566274250795,161.87315846430806,0.5297297297297298,1.0,6,0.1783783783783784,1.0808515686259381,0.2773140620611506,0.45675675675675675,0.2,,unclassified_planar_candidate,dark_ridge,314,BH03,optical,False,provisional_report_ticks,unknown,51.066632157358136,0.023516987955089563,,,
15130.634656389839,-3.835923107908083,0.8395588902421893,3.92672448994934,167.65448821348824,0.6,1.0,6,0.11891891891891893,0.877499308116809,0.39458092864728933,0.5432432432432432,0.16756756756756758,,unclassified_planar_candidate,bright_ridge,315,BH03,optical,False,provisional_report_ticks,unknown,51.116552344249406,0.014024016035533353,,,
15162.180752948412,-4.124005467443164,1.7031826879989682,4.461866466424169,157.55974942952685,0.5945945945945946,1.0,7,0.21621621621621623,0.814530745004587,0.35522361362328503,0.5283783783783784,0.24324324324324326,,unclassified_planar_candidate,dark_ridge,316,BH03,optical,False,provisional_report_ticks,unknown,51.22921697481574,0.015935237380086315,,,
15182.046917697733,-10.01875425531239,1.8274310266909282,10.184053268991319,169.66283112193082,0.8378378378378378,1.0,8,0.08108108108108109,0.7497602879182584,0.5996505607596693,0.7175675675675676,0.6486486486486487,,unclassified_planar_candidate,bright_ridge,317,BH03,optical,False,provisional_report_ticks,unknown,51.30016756320617,0.03637161881782613,,,
15194.804241219832,7.619944741805938,2.364627269928064,7.978409615572731,17.240203118756387,0.5675675675675675,1.0,7,0.12432432432432433,1.2185518015502612,0.25235086628847225,0.3810810810810811,0.1945945945945946,,unclassified_planar_candidate,dark_ridge,318,BH03,optical,False,provisional_report_ticks,unknown,51.34572943292796,0.028494320055616886,,,
15200.562872476503,-2.64574767258102,-3.964773323245564,4.766488041701936,236.28427354817106,0.6270270270270271,1.0,7,0.14054054054054055,1.4375165134670767,0.2814250143320571,0.42162162162162165,0.4810810810810811,,unclassified_planar_candidate,dark_ridge,319,BH03,optical,False,provisional_report_ticks,unknown,51.366295973130356,0.01702317157750691,,,
15212.725319785759,-3.149422108770771,2.000006409955929,3.730802227280204,147.58285322468794,0.6324324324324324,1.0,8,0.08108108108108109,1.204474657627054,0.3395678452324979,0.43648648648648647,0.22702702702702704,,unclassified_planar_candidate,bright_ridge,320,BH03,optical,False,provisional_report_ticks,unknown,51.40973328494913,0.013324293668857868,,,
15218.739523335284,-5.197830523315234,2.166539429637676,5.63128184779294,157.37284025768886,0.9297297297297298,1.0,8,0.021621621621621623,0.46271030297265825,0.779613566416163,0.6864864864864866,0.41621621621621624,,unclassified_planar_candidate,dark_ridge,321,BH03,optical,False,provisional_report_ticks,unknown,51.43121258334028,0.02011172088497478,,,
15228.138072287826,-9.196050287250022,-1.77839930753776,9.366431817009186,190.94516586188013,0.5891891891891892,1.0,6,0.11351351351351352,1.1563986008886988,0.29667284801364857,0.4175675675675675,0.2648648648648649,,unclassified_planar_candidate,bright_ridge,322,BH03,optical,False,provisional_report_ticks,unknown,51.46477882959936,0.033451542203604225,,,
15239.05817517259,-4.100641737838984,1.207852769597475,4.274829935229168,163.58755018639462,0.6918918918918919,1.0,8,0.06486486486486487,0.9033799020867415,0.4787788755850496,0.5081081081081081,0.24324324324324326,,unclassified_planar_candidate,dark_ridge,323,BH03,optical,False,provisional_report_ticks,unknown,51.50377919704495,0.015267249768675597,,,
15239.796273300452,0.8452621638989017,-6.783073847452905,6.8355364782669845,277.1032077815702,0.572972972972973,1.0,7,0.0972972972972973,1.3224533271705938,0.22938901073135495,0.3445945945945946,0.1945945945945946,,unclassified_planar_candidate,dark_ridge,324,BH03,optical,False,provisional_report_ticks,unknown,51.50641526178731,0.02441263027952494,,,
15254.450460352266,-4.315562814995001,2.8080402454593583,5.148705898600835,146.94884659121252,0.8594594594594595,1.0,8,0.021621621621621623,0.7088126565646709,0.6639281772209014,0.7391891891891892,0.34594594594594597,,unclassified_planar_candidate,bright_ridge,325,BH03,optical,False,provisional_report_ticks,unknown,51.55875164411522,0.018388235352145836,,,
15266.970618879372,-5.102202311706714,-5.829853669401114,7.747235780342236,228.80806183025314,0.6918918918918919,1.0,7,0.17297297297297298,0.7892080762145629,0.4398538248205689,0.5148648648648649,0.43243243243243246,,unclassified_planar_candidate,bright_ridge,326,BH03,optical,False,provisional_report_ticks,unknown,51.60346649599774,0.027668699215507978,,,
15274.77777251125,-1.0538387115177734,-2.167395987965175,2.410016887604935,244.06989336801175,0.5945945945945946,1.0,8,0.05405405405405406,1.2519196490342037,0.2774159264160656,0.37432432432432433,0.15675675675675677,,unclassified_planar_candidate,dark_ridge,327,BH03,optical,False,provisional_report_ticks,unknown,51.63134918754017,0.008607203170017622,,,
15288.892371774833,-6.682238582288076,6.728526911679293,9.482899707990791,134.80223982112378,0.6918918918918919,1.0,8,0.07567567567567568,1.159307508894424,0.4345459152779453,0.5135135135135136,0.2918918918918919,,unclassified_planar_candidate,bright_ridge,328,BH03,optical,False,provisional_report_ticks,unknown,51.68175847062439,0.03386749895710996,,,
15336.91529330176,-1.677162991579858,5.6070593670539095,5.852520008166746,106.6527826215792,0.7513513513513513,1.0,7,0.04864864864864865,0.9734947405480543,0.5167211204675911,0.6648648648648648,0.34594594594594597,,unclassified_planar_candidate,dark_ridge,329,BH03,optical,False,provisional_report_ticks,unknown,51.85326890464913,0.020901857172024085,,,
15347.407111341388,-5.311303571098285,1.8326640642115042,5.61859441467469,160.96301749453642,0.5945945945945946,1.0,8,0.0972972972972973,1.0151722651297062,0.2947457813336649,0.3851351351351352,0.20540540540540542,,unclassified_planar_candidate,bright_ridge,330,BH03,optical,False,provisional_report_ticks,unknown,51.890739683362085,0.020066408623838173,,,
15431.247007327205,-16.952694410646917,1.1775590661591266,16.993542689359177,176.02653327680656,0.6486486486486487,1.0,7,0.07567567567567568,0.8360915555864133,0.45372974384320425,0.5608108108108109,0.1945945945945946,,unclassified_planar_candidate,bright_ridge,331,BH03,optical,False,provisional_report_ticks,unknown,52.19016788331143,0.060691223890568476,,,
15457.732909597267,-7.420444810794375,5.061796704764372,8.982471100449398,145.7004613063169,0.9351351351351351,1.0,8,0.010810810810810811,0.7818207000224261,0.7128096941463565,0.8729729729729729,0.4918918918918919,,unclassified_planar_candidate,bright_ridge,332,BH03,optical,False,provisional_report_ticks,unknown,52.2847603914188,0.03208025393017641,,,
15478.261608377416,-4.750501346594959,4.731187680580368,6.704580517293826,135.11670811138458,0.5351351351351351,1.0,6,0.33513513513513515,0.4795456525239387,0.30323233185574083,0.5,0.2702702702702703,,unclassified_planar_candidate,bright_ridge,333,BH03,optical,False,provisional_report_ticks,unknown,52.35807717277647,0.023944930418906517,,,
15495.21052744574,-4.602460252047677,1.1809429007111416,4.751554114857455,165.6089703426396,0.6594594594594595,1.0,7,0.12432432432432433,1.0459259204337898,0.40749107692035075,0.5,0.22162162162162163,,unclassified_planar_candidate,dark_ridge,334,BH03,optical,False,provisional_report_ticks,unknown,52.418609026591916,0.016969836124490906,,,
15506.315556188954,-8.437294832123731,-1.7992443529210111,8.627005524844641,192.03795129263293,0.5405405405405406,1.0,6,0.2,1.0865188937380916,0.17737128326446963,0.29459459459459464,0.2756756756756757,,unclassified_planar_candidate,dark_ridge,335,BH03,optical,False,provisional_report_ticks,unknown,52.458269843531966,0.03081073401730228,,,
15519.9869550432,-4.5512365958008925,4.410947846154798,6.337997747905481,135.8968010985736,0.7081081081081081,1.0,7,0.1783783783783784,0.7877973561628707,0.4075249993372407,0.45540540540540536,0.32432432432432434,,unclassified_planar_candidate,bright_ridge,336,BH03,optical,False,provisional_report_ticks,unknown,52.50709626801141,0.02263570624251957,,,
15528.183196800434,-4.854616050489194,5.384059905440521,7.249510194698639,132.03986102602317,0.8972972972972973,1.0,8,0.07027027027027027,0.941312691845084,0.6095707352337606,0.7905405405405406,0.6486486486486487,,unclassified_planar_candidate,dark_ridge,337,BH03,optical,False,provisional_report_ticks,unknown,52.536368560001534,0.02589110783820942,,,
15534.929864189917,-4.809469635895228,4.715685684760925,6.735628378708054,135.5641116368238,0.745945945945946,1.0,8,0.043243243243243246,0.6802613819123552,0.46895275302591827,0.41216216216216217,0.2864864864864865,,unclassified_planar_candidate,bright_ridge,338,BH03,optical,False,provisional_report_ticks,unknown,52.56046380067826,0.024055815638243046,,,
15546.35005816508,-5.31027883332286,4.068143217993563,6.689458164137348,142.5446919361777,0.8864864864864865,1.0,8,0.03783783783783784,0.4959116905391009,0.7229858929158198,0.7932432432432432,0.5945945945945946,,unclassified_planar_candidate,dark_ridge,339,BH03,optical,False,provisional_report_ticks,unknown,52.60125020773241,0.023890922014776238,,,
15551.979399473252,-5.502060229425311,15.268740045520095,16.22982098933604,109.81652668485782,0.5243243243243243,1.0,6,0.11351351351351352,1.1562929580166899,0.23326119602768924,0.36891891891891887,0.21621621621621623,,unclassified_planar_candidate,bright_ridge,340,BH03,optical,False,provisional_report_ticks,unknown,52.62135499811874,0.057963646390485846,,,
15572.872323260137,-7.7842188294306265,6.329103857952578,10.03252801786332,140.8865231024844,0.6432432432432432,1.0,7,0.11891891891891893,0.8911165393233328,0.4211034282458133,0.5135135135135135,0.43243243243243246,,unclassified_planar_candidate,dark_ridge,341,BH03,optical,False,provisional_report_ticks,unknown,52.6959725830719,0.03583045720665471,,,
15578.252361959208,-7.395965722640434,0.663924381781032,7.42570566042013,174.87039593371236,0.6972972972972973,1.0,8,0.04864864864864865,1.0332053586074108,0.43071014383877654,0.4581081081081081,0.34054054054054056,,unclassified_planar_candidate,dark_ridge,342,BH03,optical,False,provisional_report_ticks,unknown,52.715187006997155,0.026520377358643314,,,
15589.2282634754,-6.997350688823591,-2.909110036977828,7.5779837601848365,202.57482978469727,0.5405405405405406,1.0,7,0.22162162162162163,1.0305834832012166,0.17340576474393385,0.29054054054054057,0.2648648648648649,,unclassified_planar_candidate,dark_ridge,343,BH03,optical,False,provisional_report_ticks,unknown,52.754386655269265,0.02706422771494584,,,
15652.768580328164,9.498116364945547,-2.057137294931782,9.718334648088923,347.77941725990627,0.5675675675675675,1.0,6,0.21621621621621623,1.2664579495757287,0.25933996746615495,0.44459459459459455,0.2810810810810811,,unclassified_planar_candidate,dark_ridge,344,BH03,optical,False,provisional_report_ticks,unknown,52.98131635831486,0.034708338028889,,,
15672.166485390688,-3.8783371270767972,13.765724461051459,14.301631683442723,105.73458172696915,0.5351351351351351,1.0,7,0.0918918918918919,1.1047114723414133,0.2871858332590031,0.427027027027027,0.16216216216216217,,unclassified_planar_candidate,dark_ridge,345,BH03,optical,False,provisional_report_ticks,unknown,53.050594590681015,0.05107725601229542,,,
15723.700819454683,-8.800582492888921,-0.061667428190508945,8.800798548191102,180.4014763277603,0.5621621621621622,1.0,6,0.25405405405405407,1.0079325858749568,0.274570425225104,0.45810810810810815,0.34054054054054056,,unclassified_planar_candidate,bright_ridge,346,BH03,optical,False,provisional_report_ticks,unknown,53.23464578376671,0.03143142338639678,,,
15730.237201258466,-8.403190543759825,-0.11970358603319071,8.404043090277664,180.81612411170397,0.7351351351351352,1.0,8,0.043243243243243246,1.17887307155786,0.4747985252167846,0.6797297297297298,0.1945945945945946,,unclassified_planar_candidate,dark_ridge,347,BH03,optical,False,provisional_report_ticks,unknown,53.2579900044945,0.030014439608134505,,,
15885.628242989324,-3.6178723223506473,1.483349780078383,3.910156865253548,157.70607083500607,0.6054054054054054,1.0,7,0.13513513513513514,0.9015181400600693,0.3594006238635689,0.46351351351351355,0.2972972972972973,,unclassified_planar_candidate,bright_ridge,348,BH03,optical,False,provisional_report_ticks,unknown,53.81295801067614,0.013964845947334097,,,
15903.451398754349,-8.416961466118321,5.0759838593608935,9.829081974559628,148.907247015126,0.7783783783783784,1.0,7,0.16756756756756758,1.034873056667833,0.45890895958607547,0.7216216216216217,0.5783783783783784,,unclassified_planar_candidate,dark_ridge,349,BH03,optical,False,provisional_report_ticks,unknown,53.876612138408376,0.035103864194855804,,,
15914.408884391247,-1.5181464340582669,4.864582632634349,5.09597221195049,107.33217908036995,0.5405405405405406,1.0,7,0.11891891891891893,0.8437953854430449,0.28370917556087777,0.3945945945945946,0.17297297297297298,,unclassified_planar_candidate,bright_ridge,350,BH03,optical,False,provisional_report_ticks,unknown,53.91574601568301,0.01819990075696603,,,
15936.137223271618,-1.1579820707019906,5.688228550586413,5.804900216177163,101.50675975448385,0.5675675675675675,1.0,6,0.15675675675675677,0.7577535335089401,0.3446408693977312,0.4635135135135135,0.4594594594594595,,unclassified_planar_candidate,dark_ridge,351,BH03,optical,False,provisional_report_ticks,unknown,53.99334722597005,0.020731786486347006,,,
15952.861588346408,-9.948785205235914,0.9239953718148557,9.991601198359364,174.69386489246517,0.5135135135135135,1.0,7,0.2,0.8525276305090342,0.2289679455754321,0.37027027027027026,0.31351351351351353,,unclassified_planar_candidate,dark_ridge,352,BH03,optical,False,provisional_report_ticks,unknown,54.05307710123716,0.035684289994140576,,,
15970.414735253004,-0.6961728782960551,9.188885522526773,9.215219683902124,94.33259413254999,0.5513513513513514,1.0,8,0.10270270270270271,1.154997791895121,0.2811373212706715,0.4175675675675676,0.23243243243243245,,unclassified_planar_candidate,bright_ridge,353,BH03,optical,False,provisional_report_ticks,unknown,54.115766911617854,0.032911498871079005,,,
15984.910108592547,-0.23101429366493792,9.909926204945965,9.91261847300461,91.33540320482207,0.518918918918919,1.0,6,0.24864864864864866,1.2580629979900477,0.212001535394946,0.4135135135135135,0.2594594594594595,,unclassified_planar_candidate,dark_ridge,354,BH03,optical,False,provisional_report_ticks,unknown,54.16753610211622,0.03540220883215931,,,
15996.718219304952,-10.052135284505841,2.3802628114602613,10.330105267112627,166.6782000960809,0.5783783783783784,1.0,6,0.12972972972972974,0.9646276318893224,0.35310457696018116,0.4837837837837837,0.1945945945945946,,unclassified_planar_candidate,dark_ridge,355,BH03,optical,False,provisional_report_ticks,unknown,54.2097079260891,0.0368932330968308,,,
16014.270676583368,2.8627677820647848,-1.5726492656875137,3.266292253748216,331.21799481233074,0.6108108108108108,1.0,7,0.11351351351351352,1.0729447725276562,0.34796163513239525,0.45945945945945943,0.16216216216216217,,unclassified_planar_candidate,bright_ridge,356,BH03,optical,False,provisional_report_ticks,unknown,54.27239527351201,0.011665329477672197,,,
16023.099885137939,-6.94300780052658,-0.9478863848564701,7.007413639622625,187.77417966999843,0.572972972972973,1.0,8,0.0972972972972973,1.0619964519095642,0.25706249233524614,0.35405405405405405,0.15675675675675677,,unclassified_planar_candidate,bright_ridge,357,BH03,optical,False,provisional_report_ticks,unknown,54.30392816120691,0.02502647728436651,,,
16042.001399288027,-3.0821194090204473,4.191100521256269,5.202382495620167,126.33062223100073,0.5081081081081081,1.0,6,0.12432432432432433,0.5805697703756684,0.2784568619824163,0.37972972972972974,0.16756756756756758,,unclassified_planar_candidate,bright_ridge,358,BH03,optical,False,provisional_report_ticks,unknown,54.37143356888579,0.018579937484357736,,,
16053.720664707293,2.5245649707918503,0.24511015464491406,2.536435940381564,5.54546928348911,0.572972972972973,1.0,6,0.14594594594594595,1.0591270948835552,0.28339570219107424,0.41216216216216217,0.15135135135135136,,unclassified_planar_candidate,dark_ridge,359,BH03,optical,False,provisional_report_ticks,unknown,54.413288088240314,0.009058699787077013,,,
16065.104262438823,-0.6894503552313749,4.686221070727392,4.73666651940561,98.36947874379983,0.5945945945945946,1.0,6,0.1945945945945946,0.8602787156405118,0.35949876027432925,0.5162162162162163,0.5567567567567567,,unclassified_planar_candidate,bright_ridge,360,BH03,optical,False,provisional_report_ticks,unknown,54.453943794424355,0.016916666140734317,,,
16074.440022573735,-1.4716910841245094,3.7958594214402894,4.071169782068611,111.19178941660904,0.6648648648648648,1.0,7,0.16216216216216217,0.8244412076439235,0.42205388845250585,0.49864864864864866,0.3945945945945946,,unclassified_planar_candidate,dark_ridge,361,BH03,optical,False,provisional_report_ticks,unknown,54.487285794906185,0.014539892078816464,,,
16141.789537235043,-11.037225309282194,15.175512996323059,18.76476850988121,126.02857988167098,0.5567567567567567,1.0,7,0.15135135135135136,1.2296032518834552,0.29242028019095745,0.4662162162162162,0.1891891891891892,,unclassified_planar_candidate,bright_ridge,362,BH03,optical,False,provisional_report_ticks,unknown,54.72781977583942,0.06701703039243288,,,
16162.3798364613,-7.347942514855086,-6.992420832417953,10.143283901145994,223.57983234617578,0.5675675675675675,1.0,8,0.0918918918918919,1.2716868892681974,0.2625731744849154,0.38918918918918916,0.15675675675675677,,unclassified_planar_candidate,bright_ridge,363,BH03,optical,False,provisional_report_ticks,unknown,54.80135655879034,0.03622601393266425,,,
16176.5178127979,-3.8409276846480167,2.700656519171116,4.695345686234084,144.8879464822722,0.6486486486486487,1.0,6,0.15675675675675677,0.7115735576632035,0.431470953453068,0.5013513513513514,0.23243243243243245,,unclassified_planar_candidate,dark_ridge,364,BH03,optical,False,provisional_report_ticks,unknown,54.85184933142106,0.016769091736550296,,,
16190.423679692423,5.704415458445244,-9.296206963851034,10.906870295245174,301.53445530062595,0.572972972972973,1.0,6,0.24864864864864866,1.136531177536227,0.2708473944601437,0.4594594594594595,0.22162162162162163,,unclassified_planar_candidate,dark_ridge,365,BH03,optical,False,provisional_report_ticks,unknown,54.90151314175864,0.03895310819730418,,,
16196.323229402562,6.155022767673848,3.566320676692472,7.113574940885046,30.08870281202496,0.518918918918919,1.0,6,0.2918918918918919,1.139083907489456,0.18070896532942698,0.35945945945945945,0.24324324324324326,,unclassified_planar_candidate,dark_ridge,366,BH03,optical,False,provisional_report_ticks,unknown,54.92258296215199,0.025405624788875158,,,
16209.516463400025,-3.7409597074583485,2.5976759412879886,4.554415421190001,145.22436693405444,0.6864864864864865,1.0,7,0.10810810810810811,0.8100944398228381,0.467380971196109,0.5148648648648648,0.32432432432432434,,unclassified_planar_candidate,bright_ridge,367,BH03,optical,False,provisional_report_ticks,unknown,54.96970165500007,0.016265769361392856,,,
16229.11945664031,-0.791536262038576,2.4831027284210996,2.6062096642469714,107.68067103923956,0.6918918918918919,1.0,8,0.05945945945945946,1.3551556665318338,0.41422555174544184,0.568918918918919,0.2972972972972973,,unclassified_planar_candidate,bright_ridge,368,BH03,optical,False,provisional_report_ticks,unknown,55.03971234514395,0.009307891658024895,,,
16235.907601303703,-3.7387723956027243,2.082416508979421,4.2795884782290665,150.8831254796501,0.7837837837837838,1.0,8,0.08648648648648649,0.8029626351098145,0.5478611475539954,0.6554054054054054,0.2864864864864865,,unclassified_planar_candidate,dark_ridge,369,BH03,optical,False,provisional_report_ticks,unknown,55.063955718941784,0.015284244565103805,,,
16258.705804136975,-2.9939274583818443,0.5376992307284885,3.041828740869344,169.8184148912492,0.5081081081081081,1.0,6,0.3027027027027027,0.8104337110044542,0.18418346016732798,0.34054054054054056,0.25405405405405407,,unclassified_planar_candidate,bright_ridge,370,BH03,optical,False,provisional_report_ticks,unknown,55.14537787191775,0.010863674074533368,,,
16266.80512691471,-7.087511212944535,-1.1345919741763377,7.177751329036126,189.09492881454236,0.6864864864864865,1.0,6,0.23783783783783785,1.1001350789440287,0.3625922456499077,0.5378378378378378,0.43243243243243246,,unclassified_planar_candidate,dark_ridge,371,BH03,optical,False,provisional_report_ticks,unknown,55.17430402469538,0.025634826175129015,,,
16272.410362651104,8.978715137876668,8.071061353381978,12.073083984516622,41.95270568471232,0.654054054054054,1.0,7,0.14054054054054055,1.168837805226397,0.3272335552014922,0.4297297297297297,0.2810810810810811,,unclassified_planar_candidate,bright_ridge,372,BH03,optical,False,provisional_report_ticks,unknown,55.19432272375393,0.04311815708755935,,,
16279.817936433617,-7.631920028779665,-0.4325068830254878,7.644165456709622,183.2435273703589,0.745945945945946,1.0,8,0.06486486486486487,1.2755765937868677,0.45595618097844587,0.5756756756756757,0.2918918918918919,,unclassified_planar_candidate,bright_ridge,373,BH03,optical,False,provisional_report_ticks,unknown,55.22077834440576,0.02730059091682007,,,
16285.903883521032,-3.353754067153846,1.5322419259644247,3.687198348697034,155.44558729656399,0.8378378378378378,1.0,8,0.05945945945945946,0.679083001165568,0.6283912892985132,0.6229729729729729,0.2756756756756757,,unclassified_planar_candidate,bright_ridge,374,BH03,optical,False,provisional_report_ticks,unknown,55.24251386971795,0.01316856553106083,,,
16299.338595435514,-9.646115175153048,9.39397766426033,13.464559195493177,135.7586922494791,0.5513513513513514,1.0,7,0.20540540540540542,1.1312745408851834,0.19814968598770105,0.32972972972972975,0.15675675675675677,,unclassified_planar_candidate,dark_ridge,375,BH03,optical,False,provisional_report_ticks,unknown,55.29049498369825,0.04808771141247562,,,
16299.953247946847,-0.7764315124043507,9.579974190579254,9.611386548548504,94.6335433432757,0.7297297297297297,1.0,7,0.10810810810810811,1.1785465165081808,0.4394021453220984,0.527027027027027,0.22702702702702704,,unclassified_planar_candidate,dark_ridge,376,BH03,optical,False,provisional_report_ticks,unknown,55.292690171238725,0.03432638053053036,,,
16321.427001650716,6.425200573378941,-11.550501331964778,13.217309992122798,299.085886976639,0.6,1.0,8,0.12432432432432433,1.0866240779846372,0.3173166771798428,0.43378378378378374,0.21081081081081082,,unclassified_planar_candidate,dark_ridge,377,BH03,optical,False,provisional_report_ticks,unknown,55.36938214875254,0.04720467854329569,,,
16321.505679316502,-2.5382939465733223,-5.3548550639900085,5.925994339817598,244.63823879037392,0.8324324324324325,1.0,8,0.032432432432432434,1.0807927252277338,0.5617842027809098,0.7013513513513514,0.25405405405405407,,unclassified_planar_candidate,bright_ridge,378,BH03,optical,False,provisional_report_ticks,unknown,55.369663140416066,0.02116426549934856,,,
16343.58199144738,-1.7321084351219231,-13.184561677064671,13.297851941097212,262.51568617394184,0.7405405405405405,1.0,8,0.10270270270270271,0.9364036524557919,0.4810677535487441,0.4945945945945946,0.1783783783783784,,unclassified_planar_candidate,bright_ridge,379,BH03,optical,False,provisional_report_ticks,unknown,55.44850711231206,0.04749232836106146,,,
16351.284543014479,-3.162950253868855,-15.34498126186608,15.667568548931584,258.3531511322226,0.7351351351351352,1.0,8,0.04864864864864865,0.985692762729408,0.5035173928005617,0.5432432432432432,0.372972972972973,,unclassified_planar_candidate,bright_ridge,380,BH03,optical,False,provisional_report_ticks,unknown,55.476016225051694,0.055955601960469926,,,
16356.518907121555,-6.087142457290576,-5.36847791797294,8.116271215965655,221.41027266025577,0.5351351351351351,1.0,8,0.15135135135135136,1.3238223842231804,0.22658368941178494,0.3878378378378378,0.16216216216216217,,unclassified_planar_candidate,dark_ridge,381,BH03,optical,False,provisional_report_ticks,unknown,55.49471038257697,0.028986682914163047,,,
16373.95206565864,4.860594753609248,-2.6151014621665722,5.519432671592207,331.7188207653876,0.5783783783783784,1.0,7,0.08648648648648649,0.9453961446846307,0.3240601142928602,0.42027027027027025,0.17297297297297298,,unclassified_planar_candidate,dark_ridge,382,BH03,optical,False,provisional_report_ticks,unknown,55.556971663066555,0.019712259541400733,,,
16381.299823675565,-13.220597264736693,-0.6320632823705115,13.235697791551615,182.73716865152468,0.6486486486486487,1.0,7,0.12432432432432433,1.033061153158055,0.33834561263834356,0.4202702702702703,0.24324324324324326,,unclassified_planar_candidate,bright_ridge,383,BH03,optical,False,provisional_report_ticks,unknown,55.583213655984146,0.04727034925554147,,,
16399.52539431618,-5.046985790620944,2.3926676258811908,5.585420659061379,154.6353741510284,0.5891891891891892,1.0,7,0.12432432432432433,0.5236743916627493,0.3887986805801619,0.4486486486486486,0.22702702702702704,,unclassified_planar_candidate,bright_ridge,384,BH03,optical,False,provisional_report_ticks,unknown,55.64830497970063,0.019947930925219206,,,
16427.09887013836,-8.369306818335742,4.754299461513993,9.625417392985792,150.40066523753174,0.5513513513513514,1.0,8,0.12432432432432433,1.2108703442496311,0.17430448612885768,0.2702702702702703,0.2648648648648649,,unclassified_planar_candidate,bright_ridge,385,BH03,optical,False,provisional_report_ticks,unknown,55.74678167906556,0.03437649068923496,,,
16428.03330156434,11.532477384047457,9.855735714827816,15.170153627900365,40.51743142617181,0.5135135135135135,1.0,6,0.2702702702702703,1.2183162144613708,0.19162898380538665,0.38378378378378375,0.2,,unclassified_planar_candidate,dark_ridge,386,BH03,optical,False,provisional_report_ticks,unknown,55.750118934158344,0.054179120099644144,,,
16438.78910749735,-7.581241631492461,6.032457798184139,9.68843494904864,141.49043852041336,0.7081081081081081,1.0,7,0.10810810810810811,0.9904748995998404,0.4539686424037213,0.5094594594594595,0.34054054054054056,,unclassified_planar_candidate,dark_ridge,387,BH03,optical,False,provisional_report_ticks,unknown,55.78853252677623,0.034601553389459416,,,
16445.589597643986,-3.5418818751120598,2.8538381533154644,4.548551354284828,141.14019517853455,0.8378378378378378,1.0,8,0.03783783783783784,0.4438752567615872,0.6952655626517171,0.5783783783783784,0.3783783783783784,,unclassified_planar_candidate,bright_ridge,388,BH03,optical,False,provisional_report_ticks,unknown,55.81281999158565,0.016244826265302954,,,
16466.663275909952,8.50381644340508,11.630902334506278,14.408080483463099,53.82797355761947,0.5351351351351351,1.0,7,0.0918918918918919,0.9540527905096711,0.28477526985517837,0.4027027027027027,0.1783783783783784,,unclassified_planar_candidate,dark_ridge,389,BH03,optical,False,provisional_report_ticks,unknown,55.88808312824981,0.05145743029808248,,,
16473.177347714525,-3.8296452935081136,1.8960624047502497,4.273316711501283,153.65992788252638,0.8324324324324325,1.0,8,0.04864864864864865,0.8794936481612956,0.5907043727184069,0.6837837837837838,0.35135135135135137,,unclassified_planar_candidate,bright_ridge,390,BH03,optical,False,provisional_report_ticks,unknown,55.911347670409,0.015261845398218864,,,
16504.938820102474,1.5366892871574382,8.187692900262633,8.330649974298257,79.37022603127596,0.5621621621621622,1.0,7,0.12972972972972974,1.2453344696386948,0.30032525023072837,0.4648648648648649,0.21621621621621623,,unclassified_planar_candidate,dark_ridge,391,BH03,optical,False,provisional_report_ticks,unknown,56.02478150036596,0.02975232133677948,,,
16513.56864720144,5.854861640045549,-3.7686498889278086,6.962910800045655,327.23147797689364,0.6216216216216216,1.0,8,0.05945945945945946,1.0771567451922295,0.36525442945518843,0.4472972972972973,0.1837837837837838,,unclassified_planar_candidate,bright_ridge,392,BH03,optical,False,provisional_report_ticks,unknown,56.055602311433695,0.02486753857159162,,,
16526.773246431127,-6.386081338866554,-2.711642927321977,6.9379422188365725,203.00693457529786,0.5837837837837838,1.0,7,0.14594594594594595,1.350082772238237,0.2517437994765586,0.39594594594594595,0.2918918918918919,,unclassified_planar_candidate,bright_ridge,393,BH03,optical,False,provisional_report_ticks,unknown,56.10276159439687,0.024778365067273465,,,
16539.417301472473,-3.078086617547544,2.8340179323624795,4.184050055398164,137.3639922653372,0.6162162162162163,1.0,8,0.06486486486486487,1.392771919982789,0.26041321768371445,0.35945945945945945,0.1945945945945946,,unclassified_planar_candidate,dark_ridge,394,BH03,optical,False,provisional_report_ticks,unknown,56.14791893383025,0.014943035912136297,,,
16545.227726956342,-6.846145158117372,1.8542228634252218,7.0928024047806915,164.84547543039847,0.6486486486486487,1.0,8,0.08108108108108109,0.8293764286784933,0.3983254460645657,0.4405405405405406,0.24324324324324326,,unclassified_planar_candidate,dark_ridge,395,BH03,optical,False,provisional_report_ticks,unknown,56.168670453415494,0.025331437159931035,,,
16556.102138528822,5.094814503003757,-1.4291010287732802,5.291452028551168,344.3311338398404,0.5027027027027027,1.0,7,0.24864864864864866,1.0544023821662916,0.14007053922317456,0.2635135135135135,0.1783783783783784,,unclassified_planar_candidate,dark_ridge,396,BH03,optical,False,provisional_report_ticks,unknown,56.20750763760292,0.018898042959111308,,,
16558.01667287767,-5.73122432828995,2.6472331855400943,6.3130639027185005,155.2079441224692,0.7621621621621621,1.0,8,0.10810810810810811,0.7536966596648211,0.5287505514101198,0.5351351351351352,0.34594594594594597,,unclassified_planar_candidate,bright_ridge,397,BH03,optical,False,provisional_report_ticks,unknown,56.21434526027738,0.022546656795423208,,,
16578.188348959455,-10.078228546368743,4.610416912778536,11.082717840966456,155.41765719141043,0.772972972972973,1.0,7,0.14594594594594595,1.0363665426388742,0.4673263229059535,0.5283783783783784,0.43243243243243246,,unclassified_planar_candidate,dark_ridge,398,BH03,optical,False,provisional_report_ticks,unknown,56.286386960569466,0.03958113514630876,,,
16581.707196107433,1.973683668800591,-3.460190942404271,3.9835095810587324,299.7003198459862,0.654054054054054,1.0,6,0.11351351351351352,1.106540056239475,0.34677352702062963,0.4324324324324324,0.372972972972973,,unclassified_planar_candidate,dark_ridge,399,BH03,optical,False,provisional_report_ticks,unknown,56.29895427181224,0.014226819932352612,,,
16586.987907849325,-8.983168912160583,4.338260622411756,9.97586231522753,154.2226119742839,0.6864864864864865,1.0,6,0.13513513513513514,0.9981254333458208,0.3796636395125515,0.44594594594594594,0.2864864864864865,,unclassified_planar_candidate,bright_ridge,400,BH03,optical,False,provisional_report_ticks,unknown,56.31781395660472,0.03562807969724117,,,
16602.131605210565,-6.61423048822152,2.7976108875783945,7.181550781663822,157.0731707378958,0.7891891891891892,1.0,8,0.06486486486486487,0.9318305028480407,0.5409526097016465,0.5527027027027027,0.2702702702702703,,unclassified_planar_candidate,bright_ridge,401,BH03,optical,False,provisional_report_ticks,unknown,56.371898590037716,0.02564839564879936,,,
16603.139909145615,3.476644418401605,-3.412532830286188,4.871594885639004,315.53318665614324,0.5621621621621622,1.0,7,0.10810810810810811,1.3485588467954732,0.17980905105315245,0.2810810810810811,0.21621621621621623,,unclassified_planar_candidate,bright_ridge,402,BH03,optical,False,provisional_report_ticks,unknown,56.37549967552004,0.017398553162996436,,,
16620.260620988505,-8.977162882333248,3.1645964389329,9.518619859898209,160.58161405341255,0.6648648648648648,1.0,7,0.08108108108108109,1.1420477418160695,0.4175247569609097,0.5121621621621621,0.2864864864864865,,unclassified_planar_candidate,dark_ridge,403,BH03,optical,False,provisional_report_ticks,unknown,56.43664507495893,0.03399507092820788,,,
16627.16492966428,-10.08563187795925,1.625236347074254,10.215740969775961,170.84583928126364,0.5459459459459459,1.0,6,0.13513513513513514,1.1558523063293191,0.2977580667770038,0.4635135135135135,0.16216216216216217,,unclassified_planar_candidate,bright_ridge,404,BH03,optical,False,provisional_report_ticks,unknown,56.461303320229554,0.03648478917777128,,,
16647.659666940934,13.639360541369058,0.07597975496967672,13.639572167066696,0.31916996733892405,0.6054054054054054,1.0,7,0.15135135135135136,1.0784900873814638,0.344091081287475,0.47972972972972977,0.21081081081081082,,unclassified_planar_candidate,bright_ridge,405,BH03,optical,False,provisional_report_ticks,unknown,56.53449881050332,0.0487127577395239,,,
16657.746715572113,-2.5248780211798785,9.055705203873691,9.401106624291751,105.57933558106113,0.5567567567567567,1.0,6,0.12972972972972974,1.1772778309740641,0.2750742180087009,0.42027027027027025,0.2756756756756757,,unclassified_planar_candidate,dark_ridge,406,BH03,optical,False,provisional_report_ticks,unknown,56.5705239841861,0.03357538080104196,,,
16706.327281646,-8.44833840478766,4.185894964498517,9.428474874316851,153.64298251845358,0.5459459459459459,1.0,7,0.1837837837837838,1.0033619546531178,0.207739299429196,0.3256756756756756,0.15675675675675677,,unclassified_planar_candidate,bright_ridge,407,BH03,optical,False,provisional_report_ticks,unknown,56.74402600587856,0.033673124551131604,,,
16716.70680966296,-7.988213450226595,1.840211185247189,8.197434436010449,167.02733127564568,0.6216216216216216,1.0,8,0.06486486486486487,1.0767121317937525,0.37966871778175454,0.46756756756756757,0.23783783783783785,,unclassified_planar_candidate,dark_ridge,408,BH03,optical,False,provisional_report_ticks,unknown,56.78109574879627,0.029276551557180164,,,
16782.564333234237,-9.436447070672079,0.7973639064016207,9.470075106187263,175.1700763543183,0.6486486486486487,1.0,8,0.03783783783783784,1.0501404850485163,0.3874808659104152,0.4405405405405406,0.1945945945945946,,unclassified_planar_candidate,bright_ridge,409,BH03,optical,False,provisional_report_ticks,unknown,57.016301190122256,0.03382169680781164,,,
16797.724264265235,-6.887004056358267,-6.886744102002429,9.73951072686716,224.9989186467414,0.6864864864864865,1.0,8,0.05405405405405406,1.1911348229367993,0.4188808584302075,0.4797297297297297,0.2648648648648649,,unclassified_planar_candidate,bright_ridge,410,BH03,optical,False,provisional_report_ticks,unknown,57.07044380094725,0.03478396688166842,,,
16805.57948989042,-7.931670507035549,5.191543162117747,9.479636988635646,146.7939137262558,0.6756756756756757,1.0,7,0.1891891891891892,1.0661290170794226,0.383989927278291,0.5256756756756756,0.31351351351351353,,unclassified_planar_candidate,dark_ridge,411,BH03,optical,False,provisional_report_ticks,unknown,57.09849817818006,0.03385584638798444,,,
16825.363995608994,8.421261026760039,-6.315740609398053,10.526453188326409,323.13099571038276,0.5459459459459459,1.0,7,0.21621621621621623,1.2481165676139192,0.24488706613163572,0.43378378378378374,0.25405405405405407,,unclassified_planar_candidate,dark_ridge,412,BH03,optical,False,provisional_report_ticks,unknown,57.16915712717496,0.03759447567259431,,,
16832.011882126266,-11.425866747890023,4.619794479209475,12.32448505904702,157.9851520636298,0.7027027027027027,1.0,7,0.16216216216216217,1.1729088827643583,0.3734765966062013,0.46891891891891896,0.2648648648648649,,unclassified_planar_candidate,bright_ridge,413,BH03,optical,False,provisional_report_ticks,unknown,57.19289957902236,0.04401601806802506,,,
16856.439281957446,7.666108861459059,-3.5007267734132888,8.42759236186906,335.45620181142607,0.518918918918919,1.0,7,0.16756756756756758,1.2820582803591818,0.17970569086296306,0.31891891891891894,0.21081081081081082,,unclassified_planar_candidate,bright_ridge,414,BH03,optical,False,provisional_report_ticks,unknown,57.28014029270515,0.03009854414953235,,,
16873.66692111305,-8.192523266902102,4.515664435245169,9.354606500033572,151.13673785250518,0.5675675675675675,1.0,6,0.10810810810810811,1.2171935648269747,0.2699062599361033,0.39999999999999997,0.20540540540540542,,unclassified_planar_candidate,bright_ridge,415,BH03,optical,False,provisional_report_ticks,unknown,57.34166757540373,0.033409308928691324,,,
16876.124495214077,2.5259644177781353,0.504669282599996,2.575885735952049,11.298512113817116,0.6054054054054054,1.0,6,0.32432432432432434,0.9684866432575041,0.2865913510312759,0.48378378378378384,0.3621621621621622,,unclassified_planar_candidate,dark_ridge,416,BH03,optical,False,provisional_report_ticks,unknown,57.350444625764545,0.009199591914114458,,,
16888.374203209718,-1.3549268071373726,10.285523807928605,10.37438319401041,97.50444565931029,0.6108108108108108,1.0,7,0.16216216216216217,1.1086230318563675,0.34696204115008755,0.4905405405405405,0.31891891891891894,,unclassified_planar_candidate,dark_ridge,417,BH03,optical,False,provisional_report_ticks,unknown,57.39419358289184,0.03705136855003717,,,
16896.41818198986,-2.8939768044242067,6.6863328923248035,7.2857497412092,113.4039131279977,0.5243243243243243,1.0,7,0.1891891891891892,1.088465683150034,0.1926474693319299,0.3256756756756756,0.20540540540540542,,unclassified_planar_candidate,bright_ridge,418,BH03,optical,False,provisional_report_ticks,unknown,57.422922078535194,0.02602053479003285,,,
16926.635258933107,-1.6773100801807268,-14.206422421139315,14.305097242344273,263.26643036114064,0.7837837837837838,1.0,8,0.06486486486486487,1.201257890721507,0.49110093102407487,0.5797297297297297,0.24324324324324326,,unclassified_planar_candidate,bright_ridge,419,BH03,optical,False,provisional_report_ticks,unknown,57.53084021047537,0.05108963300837239,,,
16929.07766377254,3.4238780738011254,6.777223154003465,7.593003012209121,63.1969265357498,0.5297297297297298,1.0,6,0.11891891891891893,1.1913554047919344,0.2688198918362226,0.4283783783783784,0.2,,unclassified_planar_candidate,dark_ridge,420,BH03,optical,False,provisional_report_ticks,unknown,57.53956308490191,0.027117867900746852,,,
16930.036502405237,-14.54325410457953,-1.3868034127579327,14.6092252928075,185.44709255917016,0.6,1.0,6,0.10810810810810811,1.2455498883979514,0.2941038055848349,0.4162162162162162,0.2972972972972973,,unclassified_planar_candidate,bright_ridge,421,BH03,optical,False,provisional_report_ticks,unknown,57.542987508590116,0.05217580461716963,,,
16943.132460342407,-9.287527585048213,0.5689244343585693,9.304936520742187,176.4946227149994,0.5405405405405406,1.0,6,0.1837837837837838,1.0391059738890436,0.26396728593823865,0.422972972972973,0.20540540540540542,,unclassified_planar_candidate,dark_ridge,422,BH03,optical,False,provisional_report_ticks,unknown,57.58975878693715,0.0332319161455078,,,
16967.326471404067,1.16012206691668,0.6417373925124645,1.3257865933459,28.94977521015963,0.5351351351351351,1.0,7,0.0918918918918919,0.6669297873823599,0.23345559914430514,0.3,0.1783783783783784,near_horizontal_check_acquisition_artifact,unclassified_planar_candidate,bright_ridge,423,BH03,optical,False,provisional_report_ticks,unknown,57.67616596930022,0.0047349521190924995,,,
16981.6960388429,2.992209869890401,-1.44745465130676,3.323920106299053,334.18504133771455,0.654054054054054,1.0,8,0.14054054054054055,1.1312292458802682,0.3230254953856004,0.41891891891891886,0.2810810810810811,,unclassified_planar_candidate,bright_ridge,424,BH03,optical,False,provisional_report_ticks,unknown,57.72748585301034,0.011871143236782329,,,
17001.996346705404,5.960308770077052,-5.824390113499168,8.333594712300584,315.6607907575309,0.5513513513513514,1.0,6,0.15675675675675677,1.3206739192391443,0.23706098127405592,0.39594594594594595,0.15135135135135136,,unclassified_planar_candidate,dark_ridge,425,BH03,optical,False,provisional_report_ticks,unknown,57.79998695251928,0.029762838258216365,,,
17006.16128831582,13.848050481146377,0.7491992410941368,13.86830204571686,3.0967642034877945,0.5297297297297298,1.0,6,0.17297297297297298,1.1002352339727353,0.22154437416636033,0.3648648648648649,0.1945945945945946,,unclassified_planar_candidate,dark_ridge,426,BH03,optical,False,provisional_report_ticks,unknown,57.814861743985055,0.049529650163274486,,,
17016.2688482402,-2.8979545423172963,0.08802923319757322,2.8992912367050683,178.26009931860133,0.6378378378378379,1.0,8,0.10810810810810811,1.1922394420839901,0.3378891033633348,0.44189189189189193,0.22702702702702704,,unclassified_planar_candidate,bright_ridge,427,BH03,optical,False,provisional_report_ticks,unknown,57.85096017228641,0.010354611559660956,,,
17026.06200301095,2.886720897700193,4.810362202106506,5.61005722401064,59.031833338983176,0.572972972972973,1.0,7,0.10810810810810811,1.1264003563043812,0.26187289998194413,0.37297297297297294,0.1837837837837838,,unclassified_planar_candidate,bright_ridge,428,BH03,optical,False,provisional_report_ticks,unknown,57.88593572503909,0.02003591865718085,,,
17052.261423799755,-11.691738822625876,6.13383982533983,13.20305827069706,152.31713749296068,0.5297297297297298,1.0,6,0.14054054054054055,1.2441068945950724,0.2064471139660441,0.3432432432432433,0.16216216216216217,,unclassified_planar_candidate,bright_ridge,429,BH03,optical,False,provisional_report_ticks,unknown,57.97950508499911,0.04715377953820377,,,
17058.106109631903,3.136853877205598,-0.1789481490944677,3.1419539600389004,356.734985604252,0.7675675675675676,1.0,7,0.14054054054054055,1.3113005982102213,0.4261002679052209,0.65,0.31891891891891894,,unclassified_planar_candidate,bright_ridge,430,BH03,optical,False,provisional_report_ticks,unknown,58.00037896297106,0.01122126414299607,,,
17072.092694389772,-7.079385382532801,6.5555385251120315,9.648460123182721,137.2001926627416,0.572972972972973,1.0,6,0.2702702702702703,1.2265040491958685,0.22149392644851268,0.3986486486486487,0.2972972972972973,,unclassified_planar_candidate,dark_ridge,431,BH03,optical,False,provisional_report_ticks,unknown,58.05033105139203,0.03445878615422399,,,
17078.381903272944,-1.0980139958511046,-1.9873975526663505,2.2705470194270605,241.07986102485083,0.5675675675675675,1.0,8,0.0972972972972973,0.9317885766024955,0.33698336343671365,0.4486486486486486,0.2756756756756757,,unclassified_planar_candidate,dark_ridge,432,BH03,optical,False,provisional_report_ticks,unknown,58.07279251168907,0.008109096497953786,,,
17095.468961827977,-1.5601046177830051,-1.124592068029966,1.923183230455115,215.78572263066218,0.7135135135135136,1.0,7,0.14054054054054055,0.9399348658488872,0.4482890080523533,0.6283783783783784,0.2594594594594595,near_horizontal_check_acquisition_artifact,unclassified_planar_candidate,bright_ridge,433,BH03,optical,False,provisional_report_ticks,unknown,58.133817720814186,0.006868511537339695,,,
17111.708230635173,-3.4998704138131704,-0.9174854199039876,3.6181310657881327,194.68945557976375,0.6594594594594595,1.0,7,0.0918918918918919,1.1588057606105393,0.40697838099843464,0.5527027027027027,0.22702702702702704,,unclassified_planar_candidate,dark_ridge,434,BH03,optical,False,provisional_report_ticks,unknown,58.191815109411316,0.012921896663529041,,,
17121.809173320184,-0.6292265154671809,1.9979044325611093,2.094647495263654,107.48146925718918,0.8540540540540541,1.0,8,0.032432432432432434,0.8407279446576673,0.6243941499193493,0.7540540540540541,0.2648648648648649,,unclassified_planar_candidate,bright_ridge,435,BH03,optical,False,provisional_report_ticks,unknown,58.22788990471493,0.007480883911655904,,,
17135.696502026763,1.9228040759780853,-5.1203485605128565,5.46947391398332,290.5822671122104,0.8594594594594595,1.0,8,0.03783783783783784,0.9547509341130097,0.6015328034275205,0.6486486486486487,0.2864864864864865,,unclassified_planar_candidate,dark_ridge,436,BH03,optical,False,provisional_report_ticks,unknown,58.277487507238426,0.01953383540708328,,,
17150.25261880837,-4.414387279256902,-2.0868360540641158,4.882796306196587,205.3017477485455,0.6648648648648648,1.0,8,0.043243243243243246,0.9733453298580236,0.4238199611520473,0.4608108108108108,0.16756756756756758,,unclassified_planar_candidate,bright_ridge,437,BH03,optical,False,provisional_report_ticks,unknown,58.3294736386013,0.01743855823641638,,,
17164.850584497184,2.524846358067973,-5.883998918115474,6.402834715985817,293.22435553297476,0.5243243243243243,1.0,6,0.17297297297297298,1.194219376260002,0.16529370608322344,0.28378378378378377,0.21081081081081082,,unclassified_planar_candidate,bright_ridge,438,BH03,optical,False,provisional_report_ticks,unknown,58.38160923034707,0.02286726684280648,,,
17175.979761419938,-4.721617139677776,2.3005645023657206,5.252262887865018,154.02276708628952,0.5675675675675675,1.0,6,0.16216216216216217,1.1376323062321037,0.2902689700254592,0.44594594594594594,0.22162162162162163,,unclassified_planar_candidate,bright_ridge,439,BH03,optical,False,provisional_report_ticks,unknown,58.421356290785475,0.01875808174237506,,,
17176.813179770623,-0.23972876071984614,-12.452858070908862,12.455165354699883,268.8971407412477,0.518918918918919,1.0,7,0.14054054054054055,1.2184074960646922,0.18470066613499833,0.31081081081081086,0.22162162162162163,,unclassified_planar_candidate,dark_ridge,440,BH03,optical,False,provisional_report_ticks,unknown,58.424332784895064,0.04448273340964243,,,
17183.689187258493,-1.4650581323801715,-0.8899459590935082,1.7141759365246438,211.27648517992884,0.6054054054054054,1.0,6,0.08648648648648649,0.959418927091348,0.36584686006826156,0.4554054054054054,0.2756756756756757,near_horizontal_check_acquisition_artifact,unclassified_planar_candidate,dark_ridge,441,BH03,optical,False,provisional_report_ticks,unknown,58.448889954494604,0.006122056916159441,,,
17189.030163055555,-4.0476020052974055,-10.992624573410916,11.714131508790787,249.78575313715243,0.5621621621621622,1.0,7,0.1945945945945946,1.1978247522496506,0.2643184051162475,0.43513513513513513,0.1837837837837838,,unclassified_planar_candidate,bright_ridge,442,BH03,optical,False,provisional_report_ticks,unknown,58.46796486805554,0.041836183959967084,,,
17208.2719817192,-6.102418878911817,8.835043355703862,10.737667683015074,124.63307660403004,0.5027027027027027,1.0,7,0.20540540540540542,1.1373810633293955,0.1766038756656966,0.32297297297297295,0.24324324324324326,,unclassified_planar_candidate,dark_ridge,443,BH03,optical,False,provisional_report_ticks,unknown,58.53668564899713,0.038348813153625254,,,
17218.210319727925,-7.8980148833775505,-10.709937011602392,13.307193163494098,233.59317862446426,0.5837837837837838,1.0,6,0.1891891891891892,1.1232299112904145,0.310556307926328,0.47702702702702704,0.22162162162162163,,unclassified_planar_candidate,bright_ridge,444,BH03,optical,False,provisional_report_ticks,unknown,58.572179713314,0.047525689869621766,,,
17251.66013378024,-2.777064479743396,7.792120794280899,8.272196419169292,109.61575830575477,0.6054054054054054,1.0,8,0.0972972972972973,1.3093536035139948,0.2959393110917055,0.41891891891891897,0.15675675675675677,,unclassified_planar_candidate,dark_ridge,445,BH03,optical,False,provisional_report_ticks,unknown,58.69164333492941,0.029543558639890322,,,
17287.4993648654,3.296559214293699,3.247801815507178,4.627690491612032,44.57313762617082,0.6378378378378379,1.0,7,0.08648648648648649,1.3477741408449164,0.37180477616551194,0.5310810810810811,0.21081081081081082,,unclassified_planar_candidate,dark_ridge,446,BH03,optical,False,provisional_report_ticks,unknown,58.81964058880499,0.01652746604147154,,,
17293.223520487038,0.25741015859357325,0.36591732894776047,0.4473873951861318,,0.8162162162162162,1.0,8,0.02702702702702703,1.2365330281778792,0.5258955613575359,0.7513513513513513,0.21621621621621623,near_horizontal_check_acquisition_artifact,unclassified_planar_candidate,bright_ridge,447,BH03,optical,False,provisional_report_ticks,unknown,58.840084001739406,0.001597812125664756,,,
17319.380493073462,-3.8716584245261547,-2.8574687993925507,4.811950425316771,216.42909685502931,0.654054054054054,1.0,8,0.08648648648648649,1.1085013254373568,0.41291115449585514,0.5310810810810811,0.2864864864864865,,unclassified_planar_candidate,dark_ridge,448,BH03,optical,False,provisional_report_ticks,unknown,58.93350176097663,0.017185537233274175,,,
17351.399083050608,-2.0514695122154234,2.378839890191427,3.14124280862135,130.77390388410632,0.5837837837837838,1.0,8,0.10270270270270271,0.7315550832979173,0.3649884448005625,0.4445945945945946,0.32432432432432434,,unclassified_planar_candidate,dark_ridge,449,BH03,optical,False,provisional_report_ticks,unknown,59.04785386803787,0.011218724316504818,,,
17363.10154686091,-0.5267602713875932,2.432890524956248,2.489263483429229,102.21688922795842,0.6810810810810811,1.0,8,0.12432432432432433,0.6953403223786353,0.47302193591100883,0.5675675675675675,0.34054054054054056,,unclassified_planar_candidate,bright_ridge,450,BH03,optical,False,provisional_report_ticks,unknown,59.08964838164609,0.008890226726532958,,,
17368.624452224314,-1.2295519932296288,2.103579563083514,2.43656419621515,120.30648359327694,0.7783783783783784,1.0,8,0.03783783783783784,0.5364839158827815,0.6262893637634777,0.6662162162162163,0.24864864864864866,,unclassified_planar_candidate,dark_ridge,451,BH03,optical,False,provisional_report_ticks,unknown,59.10937304365825,0.008702014986482676,,,
17392.22404164175,-6.4925129247710425,5.321329434522683,8.394597728839456,140.66160634194435,0.5351351351351351,1.0,6,0.2,1.0939721635776218,0.2000701901424365,0.33648648648648644,0.21081081081081082,,unclassified_planar_candidate,dark_ridge,452,BH03,optical,False,provisional_report_ticks,unknown,59.193657291577665,0.02998070617442662,,,
17393.184355321617,-0.38621686347476436,-11.645515201343253,11.65191777221025,268.1005143789326,0.9027027027027027,1.0,8,0.043243243243243246,0.6934960217189214,0.6854131761209419,0.8202702702702702,0.4972972972972973,,unclassified_planar_candidate,bright_ridge,453,BH03,optical,False,provisional_report_ticks,unknown,59.19708698329147,0.04161399204360803,,,
17410.465985421823,3.3034873053112137,5.437904886123838,6.362691091580814,58.72162648084734,0.6702702702702703,1.0,7,0.1891891891891892,1.0011371453646134,0.3892602358621048,0.5324324324324324,0.3027027027027027,,unclassified_planar_candidate,bright_ridge,454,BH03,optical,False,provisional_report_ticks,unknown,59.25880709079221,0.022723896755645758,,,
17419.461302733398,6.301388910374879,-0.32274869532267814,6.309648874551419,357.0679490988483,0.5675675675675675,1.0,6,0.13513513513513514,1.4229128017700488,0.23447401217956035,0.38378378378378375,0.1891891891891892,,unclassified_planar_candidate,dark_ridge,455,BH03,optical,False,provisional_report_ticks,unknown,59.29093322404783,0.022534460266255062,,,
17533.889193430783,-3.907024234236238,1.7347752029109424,4.274843081511175,156.0580875284869,0.5567567567567567,1.0,7,0.08648648648648649,1.0063156413208458,0.2417880014525925,0.3324324324324324,0.21081081081081082,,unclassified_planar_candidate,dark_ridge,456,BH03,optical,False,provisional_report_ticks,unknown,59.69960426225278,0.015267296719682764,,,
17540.262907980436,-2.5606031907675364,-8.895404163411083,9.256614064062523,253.9411724470068,0.8432432432432433,1.0,8,0.032432432432432434,1.1994770629093854,0.5470059906987677,0.6635135135135135,0.33513513513513515,,unclassified_planar_candidate,bright_ridge,457,BH03,optical,False,provisional_report_ticks,unknown,59.722367528501536,0.03305933594308043,,,
17544.444451841642,3.6378662646512216,-5.688241216309996,6.752048510964302,302.6006022227452,0.572972972972973,1.0,6,0.08108108108108109,1.6420050207819155,0.2123854389872538,0.34864864864864864,0.1891891891891892,,unclassified_planar_candidate,bright_ridge,458,BH03,optical,False,provisional_report_ticks,unknown,59.737301613720135,0.024114458967729645,,,
17587.249192350835,-0.7200179130391334,-5.8972027447000475,5.940995371753374,263.03893548805866,0.8054054054054054,1.0,8,0.04864864864864865,0.6503745575639404,0.6168848703463011,0.6905405405405405,0.3837837837837838,,unclassified_planar_candidate,bright_ridge,459,BH03,optical,False,provisional_report_ticks,unknown,59.890175686967254,0.0212178406134049,,,
17610.528260186697,2.5543679309928993,-3.367212860187146,4.226454539291136,307.18395679009814,0.5837837837837838,1.0,8,0.08648648648648649,0.9238866324902468,0.31249351305726464,0.3986486486486487,0.1891891891891892,,unclassified_planar_candidate,dark_ridge,460,BH03,optical,False,provisional_report_ticks,unknown,59.97331521495247,0.015094480497468338,,,
17629.098043246613,13.385073797378606,4.965119521751682,14.27629547279514,20.35205861996311,0.518918918918919,1.0,7,0.10810810810810811,1.1763663437356255,0.24677228202066256,0.3945945945945946,0.2,,unclassified_planar_candidate,dark_ridge,461,BH03,optical,False,provisional_report_ticks,unknown,60.03963586873789,0.05098676954569691,,,
17665.44889522108,1.7503270918461091,5.943087475972807,6.195476872325107,73.58951958095152,0.5621621621621622,1.0,7,0.07567567567567568,1.3343327061381818,0.2475440653019098,0.37162162162162166,0.22702702702702704,,unclassified_planar_candidate,bright_ridge,462,BH03,optical,False,provisional_report_ticks,unknown,60.169460340075275,0.022126703115446802,,,
17671.354845019076,3.704882894971089,5.103666026035793,6.306628589885513,54.02313405499824,0.654054054054054,1.0,7,0.10810810810810811,1.0907741486487,0.3594944964654997,0.4432432432432432,0.2648648648648649,,unclassified_planar_candidate,dark_ridge,463,BH03,optical,False,provisional_report_ticks,unknown,60.190553017925254,0.022523673535305398,,,
17685.051455543995,-6.732696868803728,2.4740829420236077,7.172885997366173,159.82299315824653,0.6810810810810811,1.0,7,0.13513513513513514,1.197688427017414,0.3951517527657385,0.5162162162162163,0.21081081081081082,,unclassified_planar_candidate,bright_ridge,464,BH03,optical,False,provisional_report_ticks,unknown,60.23946948408568,0.025617449990593465,,,
17700.861744053895,12.454127814474214,5.96942867683694,13.81084278192694,25.60901825525509,0.6972972972972973,1.0,7,0.07567567567567568,1.3335516310966622,0.4087618477397252,0.49459459459459454,0.1891891891891892,,unclassified_planar_candidate,bright_ridge,465,BH03,optical,False,provisional_report_ticks,unknown,60.29593480019246,0.04932443850688192,,,
17714.420449120193,7.444556455822018,-2.875085327381768,7.980447134318177,338.883455103728,0.6378378378378379,1.0,8,0.0918918918918919,1.3190259721376676,0.35299258727565813,0.472972972972973,0.20540540540540542,,unclassified_planar_candidate,dark_ridge,466,BH03,optical,False,provisional_report_ticks,unknown,60.344358746857814,0.028501596908279195,,,
17721.890137076327,-4.4379348366813325,-5.282706012856207,6.899438269373594,229.96680435690237,0.6216216216216216,1.0,8,0.08108108108108109,1.1037553342008173,0.3323357177513441,0.42027027027027025,0.21621621621621623,,unclassified_planar_candidate,bright_ridge,467,BH03,optical,False,provisional_report_ticks,unknown,60.37103620384401,0.02464085096204854,,,
17733.041361327978,5.525992570238573,-0.7709529018531293,5.579512726323659,352.057706218424,0.6324324324324324,1.0,7,0.12432432432432433,0.9747759360914232,0.3201357214831107,0.39999999999999997,0.23783783783783785,,unclassified_planar_candidate,dark_ridge,468,BH03,optical,False,provisional_report_ticks,unknown,60.41086200474276,0.019926831165441635,,,
17739.436790137504,6.067532153691182,-1.9368120375138567,6.369159073593226,342.2964389919094,0.5837837837837838,1.0,7,0.14054054054054055,1.0822342837209873,0.2656516756532633,0.37972972972972974,0.21621621621621623,,unclassified_planar_candidate,bright_ridge,469,BH03,optical,False,provisional_report_ticks,unknown,60.43370282191964,0.022746996691404373,,,
17748.542922954904,5.485152902083803,-3.2369530931439554,6.369047627899526,329.453871781168,0.9027027027027027,1.0,8,0.021621621621621623,0.8360151894124428,0.6683839224881898,0.772972972972973,0.7243243243243244,,unclassified_planar_candidate,dark_ridge,470,BH03,optical,False,provisional_report_ticks,unknown,60.46622472483893,0.02274659867106973,,,
17759.625345541583,-2.5495530065630585,-0.3819760249227866,2.5780081879021535,188.52072286083043,0.7027027027027027,1.0,8,0.05945945945945946,0.6978406567111124,0.5237528047003941,0.5756756756756757,0.3567567567567568,,unclassified_planar_candidate,bright_ridge,471,BH03,optical,False,provisional_report_ticks,unknown,60.50580480550563,0.009207172099650546,,,
17791.64484846616,-2.4244210446309737,-0.6637800187487856,2.5136470147854255,195.31172895484528,0.8432432432432433,1.0,8,0.043243243243243246,1.0323484523096789,0.5718823096667123,0.6851351351351351,0.3837837837837838,,unclassified_planar_candidate,bright_ridge,472,BH03,optical,False,provisional_report_ticks,unknown,60.62016017309341,0.008977310767090803,,,
17799.73479002945,-4.553373376457335,0.8972833451145579,4.640940261073228,168.85218292972507,0.6,1.0,8,0.05405405405405406,0.962380151242406,0.38955169157865444,0.4729729729729729,0.16216216216216217,,unclassified_planar_candidate,dark_ridge,473,BH03,optical,False,provisional_report_ticks,unknown,60.649052821533736,0.0165747866466901,,,
17835.931751699703,-5.791630655666204,7.294251480267194,9.313919170200732,128.44955098978843,0.6486486486486487,1.0,7,0.10270270270270271,1.1852372953572567,0.3412081158115729,0.43513513513513513,0.20540540540540542,,unclassified_planar_candidate,dark_ridge,474,BH03,optical,False,provisional_report_ticks,unknown,60.77832768464178,0.033263997036431174,,,
17840.378804345404,-4.858602538089699,-1.8142040526673378,5.186265994706236,200.4756512081633,0.6972972972972973,1.0,8,0.0972972972972973,1.1115619197418036,0.3934510768331198,0.4527027027027027,0.2972972972972973,,unclassified_planar_candidate,dark_ridge,475,BH03,optical,False,provisional_report_ticks,unknown,60.79421001551928,0.018522378552522267,,,
17854.395098672707,-4.765870931212453,0.961819409565056,4.8619566338658275,168.59016618487087,0.518918918918919,1.0,6,0.14054054054054055,1.2343096437445524,0.1349973547610018,0.22837837837837838,0.21621621621621623,,unclassified_planar_candidate,dark_ridge,476,BH03,optical,False,provisional_report_ticks,unknown,60.84426820954536,0.017364130835235095,,,
17858.824780268787,7.2893362182035,-1.1893889940173001,7.385734132847106,350.73280901602834,0.6486486486486487,1.0,7,0.13513513513513514,1.1948250038013073,0.3746581904235479,0.4972972972972973,0.4,,unclassified_planar_candidate,bright_ridge,477,BH03,optical,False,provisional_report_ticks,unknown,60.86008850095994,0.02637762190302537,,,
17866.59849907507,-10.077406375708538,-7.767931403400583,12.723791791329662,217.6259863244246,0.5513513513513514,1.0,8,0.08108108108108109,1.059881173306477,0.2654480133195703,0.372972972972973,0.16216216216216217,,unclassified_planar_candidate,bright_ridge,478,BH03,optical,False,provisional_report_ticks,unknown,60.88785178241095,0.04544211354046306,,,
17867.070000036467,10.377618905411888,1.767413871418334,10.527047351410754,9.665315789580754,0.5459459459459459,1.0,6,0.11891891891891893,1.2283522538729674,0.22617410828274206,0.35405405405405405,0.15135135135135136,,unclassified_planar_candidate,dark_ridge,479,BH03,optical,False,provisional_report_ticks,unknown,60.889535714415935,0.037596597683609824,,,
17924.051308043858,2.5373589890083195,5.2118394329440685,5.796676712901287,64.04108759364865,0.5135135135135135,1.0,7,0.13513513513513514,1.1595926411478485,0.21611059177703956,0.35810810810810806,0.15675675675675677,,unclassified_planar_candidate,bright_ridge,480,BH03,optical,False,provisional_report_ticks,unknown,61.0930403858709,0.020702416831790305,,,
17944.804335741763,-0.5260023165271359,0.3618100677403769,0.638423810732502,145.47790825525928,0.5081081081081081,1.0,7,0.06486486486486487,1.0784421657634935,0.20886429432022988,0.31486486486486487,0.1891891891891892,near_horizontal_check_acquisition_artifact,unclassified_planar_candidate,bright_ridge,481,BH03,optical,False,provisional_report_ticks,unknown,61.167158341934844,0.0022800850383303635,,,
17952.422836438724,3.4910562391214506,4.538411674187299,5.725788521165304,52.4316432515515,0.5783783783783784,1.0,7,0.12432432432432433,1.2740811014586446,0.2972005196451965,0.4486486486486486,0.22702702702702704,,unclassified_planar_candidate,dark_ridge,482,BH03,optical,False,provisional_report_ticks,unknown,61.19436727299543,0.020449244718447508,,,
17980.954021291873,7.414393869065327,-0.44105735177334293,7.4275007932134764,356.59567859655306,0.8540540540540541,1.0,8,0.02702702702702703,0.7013090298688649,0.6577506026303707,0.6743243243243244,0.5243243243243243,,unclassified_planar_candidate,bright_ridge,483,BH03,optical,False,provisional_report_ticks,unknown,61.29626436175668,0.02652678854719098,,,
17988.682263208375,6.066054873576864,-1.3461803174912934,6.213632043857006,347.4876817487033,0.5621621621621622,1.0,7,0.0972972972972973,1.1177542720629057,0.30426289775575555,0.43513513513513513,0.22162162162162163,,unclassified_planar_candidate,dark_ridge,484,BH03,optical,False,provisional_report_ticks,unknown,61.32386522574418,0.022191543013775013,,,
18013.828010379257,-2.549349699683241,-1.0541236441902682,2.758688193420199,202.46447148255686,0.8108108108108109,1.0,8,0.11351351351351352,0.8170120590860663,0.5474154375056594,0.7189189189189189,0.5405405405405406,,unclassified_planar_candidate,bright_ridge,485,BH03,optical,False,provisional_report_ticks,unknown,61.413671465640185,0.009852457833643566,,,
18014.199814729167,10.2262408831055,10.064314753693406,14.348046349963786,44.54276822044586,0.5135135135135135,1.0,6,0.0972972972972973,1.0165485138131214,0.20087086216764835,0.30405405405405406,0.1945945945945946,,unclassified_planar_candidate,dark_ridge,486,BH03,optical,False,provisional_report_ticks,unknown,61.41499933831843,0.05124302267844208,,,
18039.15161530385,-1.3750652433082937,2.543948442948764,2.8917949622571686,118.39228696536468,0.7081081081081081,1.0,8,0.08108108108108109,0.7559947197922495,0.5057493289199083,0.5405405405405406,0.2810810810810811,,unclassified_planar_candidate,bright_ridge,487,BH03,optical,False,provisional_report_ticks,unknown,61.504112911799446,0.010327839150918457,,,
18066.98488145813,3.0408764776697566,0.9816201374513666,3.1953885282849823,17.890509605329964,0.6648648648648648,1.0,8,0.05405405405405406,1.0762856345494893,0.4393305451324733,0.5027027027027027,0.3081081081081081,,unclassified_planar_candidate,dark_ridge,488,BH03,optical,False,provisional_report_ticks,unknown,61.603517433779025,0.011412101886732076,,,
18079.932874817834,4.773129590182211,1.152759722770528,4.910358547307414,13.577523440146754,0.7675675675675676,1.0,8,0.07567567567567568,0.8676140017109735,0.531301456951729,0.6391891891891892,0.2756756756756757,,unclassified_planar_candidate,bright_ridge,489,BH03,optical,False,provisional_report_ticks,unknown,61.64976026720654,0.017536994811812187,,,
18106.498445384772,12.34263989827657,4.500196415066362,13.137447523499562,20.032142010447366,0.6648648648648648,1.0,7,0.08108108108108109,1.3110170392528042,0.39465846349529504,0.5162162162162162,0.17297297297297298,,unclassified_planar_candidate,dark_ridge,490,BH03,optical,False,provisional_report_ticks,unknown,61.74463730494559,0.04691945544106985,,,
18120.53404754234,4.48915645766893,1.820322067901332,4.844181884727207,22.07221581718761,0.7081081081081081,1.0,7,0.05945945945945946,1.088110337644848,0.46340101640472997,0.5972972972972973,0.32432432432432434,,unclassified_planar_candidate,bright_ridge,491,BH03,optical,False,provisional_report_ticks,unknown,61.794764455508336,0.01730064958831145,,,
18128.8153139115,5.041166196438941,3.6663728575564796,6.233429758226648,36.02789499898334,0.6270270270270271,1.0,7,0.0972972972972973,1.344562550827244,0.33811155480274396,0.46756756756756757,0.22162162162162163,,unclassified_planar_candidate,dark_ridge,492,BH03,optical,False,provisional_report_ticks,unknown,61.82434040682676,0.022262249136523735,,,
18139.772221832136,-2.942764741997293,-4.749614457231478,5.587369848066679,238.21848492826342,0.6486486486486487,1.0,8,0.0918918918918919,1.052567702176082,0.3250637664766498,0.3918918918918919,0.2,,unclassified_planar_candidate,dark_ridge,493,BH03,optical,False,provisional_report_ticks,unknown,61.863472220829046,0.019954892314523846,,,
18139.818289292845,6.512963936757273,14.785877256371643,16.156759126817143,66.22720641214512,0.5405405405405406,1.0,6,0.13513513513513514,1.2372321264240391,0.15977192725454753,0.25810810810810814,0.20540540540540542,,unclassified_planar_candidate,dark_ridge,494,BH03,optical,False,provisional_report_ticks,unknown,61.86363674747442,0.05770271116720407,,,
18141.664706779553,4.842913747138649,4.1903644500428685,6.404136771369549,40.86822334151672,0.8162162162162162,1.0,8,0.04864864864864865,1.2733464380181763,0.5079376216471929,0.5864864864864865,0.25405405405405407,,unclassified_planar_candidate,bright_ridge,495,BH03,optical,False,provisional_report_ticks,unknown,61.87023109564124,0.022871917040605524,,,
18154.168051662127,6.278560969314084,3.7139010612949224,7.294750779737561,30.60520873656886,0.7621621621621621,1.0,8,0.05405405405405406,1.0256015278795578,0.4374496113537069,0.427027027027027,0.3081081081081081,,unclassified_planar_candidate,bright_ridge,496,BH03,optical,False,provisional_report_ticks,unknown,61.914885898793294,0.02605268135620557,,,
18160.331637686337,6.516870664493534,4.912476519371793,8.161006605261118,37.009320092949494,0.772972972972973,1.0,7,0.0918918918918919,1.2905252515574637,0.3602967333592288,0.39459459459459456,0.41081081081081083,,unclassified_planar_candidate,dark_ridge,497,BH03,optical,False,provisional_report_ticks,unknown,61.93689870602261,0.02914645216164684,,,
18176.117416050376,3.8738413012801924,-1.0249513590370323,4.007140091873015,345.1801163457652,0.745945945945946,1.0,8,0.10810810810810811,1.2970261516124306,0.3897629464419043,0.45135135135135135,0.15135135135135136,,unclassified_planar_candidate,dark_ridge,498,BH03,optical,False,provisional_report_ticks,unknown,61.99327648589418,0.01431121461383219,,,
18185.47653881979,6.39193188394009,-2.21170388583363,6.763758369984951,340.913615777713,0.654054054054054,1.0,7,0.11351351351351352,1.2469481410454117,0.2812799066316148,0.36756756756756753,0.23243243243243245,,unclassified_planar_candidate,bright_ridge,499,BH03,optical,False,provisional_report_ticks,unknown,62.02670192435637,0.02415627989280339,,,
18192.475494521135,1.3963278663545244,-8.304585628822679,8.421156332523838,279.5444021771269,0.5243243243243243,1.0,6,0.14594594594594595,1.246039613747376,0.13182108291600123,0.22297297297297292,0.1945945945945946,,unclassified_planar_candidate,dark_ridge,500,BH03,optical,False,provisional_report_ticks,unknown,62.05169819471832,0.03007555833044227,,,
18192.535628693367,2.858642679884486,8.540388488436198,9.006113118580663,71.49355261840839,0.6216216216216216,1.0,8,0.0972972972972973,1.181098440796971,0.2526879732660769,0.33378378378378376,0.33513513513513515,,unclassified_planar_candidate,bright_ridge,501,BH03,optical,False,provisional_report_ticks,unknown,62.05191295961915,0.03216468970921665,,,
18200.32443633583,2.295211931115031,7.5195814421204235,7.8620673409361395,73.0261680999587,0.6648648648648648,1.0,8,0.08648648648648649,1.1905768965439583,0.3631523629089833,0.44459459459459455,0.372972972972973,,unclassified_planar_candidate,dark_ridge,502,BH03,optical,False,provisional_report_ticks,unknown,62.079730129770816,0.028078811931914777,,,
18200.488887138203,6.669116918790937,-2.9482401317162883,7.291724100016813,336.1510464864447,0.5459459459459459,1.0,7,0.10270270270270271,1.2716799647028727,0.15944377694265738,0.2486486486486486,0.16216216216216217,,unclassified_planar_candidate,dark_ridge,503,BH03,optical,False,provisional_report_ticks,unknown,62.08031745406499,0.026041871785774325,,,
18207.918485074795,7.897765512177789,10.736709568831913,13.328602044130196,53.66234747263303,0.6324324324324324,1.0,7,0.1837837837837838,1.1018361583236977,0.2695967858862096,0.377027027027027,0.32432432432432434,,unclassified_planar_candidate,bright_ridge,504,BH03,optical,False,provisional_report_ticks,unknown,62.10685173240997,0.04760215015760783,,,
18210.02914807019,2.500411161375844,2.961233984818909,3.8756886728398827,49.822871747263974,0.8432432432432433,1.0,8,0.05405405405405406,1.0616919939740863,0.5599168433437477,0.5135135135135136,0.2972972972972973,,unclassified_planar_candidate,bright_ridge,505,BH03,optical,False,provisional_report_ticks,unknown,62.11438981453637,0.013841745260142434,,,
18220.173254707173,3.6858778207169456,4.853464374362385,6.094408235625339,52.78578801053346,0.6648648648648648,1.0,7,0.07567567567567568,1.1724801697874625,0.3887749287570383,0.4675675675675675,0.2756756756756757,,unclassified_planar_candidate,dark_ridge,506,BH03,optical,False,provisional_report_ticks,unknown,62.15061876681131,0.02176574369866192,,,
18234.18170194069,3.0771514313399897,2.544035552133256,3.9926154112205334,39.58224765541035,0.6702702702702703,1.0,7,0.06486486486486487,0.84041631434075,0.4736544358287308,0.5337837837837838,0.24864864864864866,,unclassified_planar_candidate,bright_ridge,507,BH03,optical,False,provisional_report_ticks,unknown,62.20064893550245,0.014259340754359045,,,
18240.90028684469,5.127013915844918,3.300922198866198,6.09773392796333,32.774624779124444,0.5891891891891892,1.0,8,0.0972972972972973,1.1709962156156546,0.32982108914694386,0.4581081081081081,0.17297297297297298,,unclassified_planar_candidate,dark_ridge,508,BH03,optical,False,provisional_report_ticks,unknown,62.22464388158817,0.0217776211712976,,,
18257.37772785334,-3.665049948222393,0.9344732576535619,3.7823050369099827,165.6961285529041,0.745945945945946,1.0,7,0.07567567567567568,0.689823617347656,0.4989967533495831,0.4554054054054054,0.21621621621621623,,unclassified_planar_candidate,bright_ridge,509,BH03,optical,False,provisional_report_ticks,unknown,62.28349188519049,0.013508232274678506,,,
18259.73235510269,5.216720387532277,3.784858040904245,6.445100619190707,35.96180193081965,0.5459459459459459,1.0,6,0.14054054054054055,1.1371047861206132,0.22222888361440352,0.3459459459459459,0.1783783783783784,,unclassified_planar_candidate,dark_ridge,510,BH03,optical,False,provisional_report_ticks,unknown,62.291901268223874,0.02301821649710966,,,
18272.273719610606,-2.9239874342995615,2.958278910591658,4.159461098362756,134.66599019954802,0.9027027027027027,1.0,8,0.02702702702702703,0.7212966735860659,0.6906008857971888,0.6094594594594595,0.41621621621621624,,unclassified_planar_candidate,bright_ridge,511,BH03,optical,False,provisional_report_ticks,unknown,62.33669185575214,0.014855218208438409,,,
18277.32364154876,-3.504071640944198,2.5116023536991166,4.311225399811091,144.36830099517118,0.6108108108108108,1.0,7,0.15135135135135136,1.0935930057466239,0.19849486666766192,0.27567567567567564,0.16216216216216217,,unclassified_planar_candidate,dark_ridge,512,BH03,optical,False,provisional_report_ticks,unknown,62.354727291245545,0.015397233570753894,,,
18277.47901956618,11.055706507979545,0.8728334647854855,11.090107512906748,4.514063292462383,0.6702702702702703,1.0,8,0.06486486486486487,1.2675817343852118,0.38525725981247777,0.46891891891891896,0.31891891891891894,,unclassified_planar_candidate,dark_ridge,513,BH03,optical,False,provisional_report_ticks,unknown,62.35528221273635,0.039607526831809806,,,
18310.59456942367,-0.13306186392207164,3.64697402993683,3.6494006404701715,92.08954132766765,0.8108108108108109,1.0,8,0.032432432432432434,0.9862231169783788,0.5647164178130964,0.6878378378378379,0.2648648648648649,,unclassified_planar_candidate,bright_ridge,514,BH03,optical,False,provisional_report_ticks,unknown,62.47355203365594,0.013033573715964895,,,
18311.65344319927,-5.566932352832014,10.355126300792524,11.756673701620405,118.26254535826543,0.5783783783783784,1.0,7,0.16216216216216217,1.1335039347777645,0.2351690067697875,0.35405405405405405,0.2,,unclassified_planar_candidate,dark_ridge,515,BH03,optical,False,provisional_report_ticks,unknown,62.47733372571167,0.04198812036293001,,,
18325.00167011016,4.024538553673402,0.1115060208397709,4.026082980104498,1.58706153602642,0.7135135135135136,1.0,7,0.13513513513513514,0.741431048721417,0.4103232718410824,0.42567567567567566,0.34594594594594597,,unclassified_planar_candidate,dark_ridge,516,BH03,optical,False,provisional_report_ticks,unknown,62.52500596467912,0.014378867786087489,,,
18334.22918917778,4.955643094058462,0.20284788615441177,4.959792913076779,2.3439628397714247,0.7945945945945946,1.0,7,0.13513513513513514,0.817641401574306,0.5232727805267505,0.6364864864864865,0.31891891891891894,,unclassified_planar_candidate,bright_ridge,517,BH03,optical,False,provisional_report_ticks,unknown,62.557961389920614,0.01771354611813135,,,
18342.56854181189,-6.295406823440621,6.885837026778836,9.329892744934485,132.43525261846784,0.6972972972972973,1.0,8,0.11891891891891893,1.0990792176773039,0.425917853181805,0.5378378378378378,0.3837837837837838,,unclassified_planar_candidate,bright_ridge,518,BH03,optical,False,provisional_report_ticks,unknown,62.5877447921853,0.03332104551762315,,,
18345.23249903887,5.230147914985084,0.29301926774202025,5.238349692784063,3.206646366097362,0.6486486486486487,1.0,6,0.14054054054054055,1.0426880918175578,0.39381327535967414,0.5108108108108108,0.3945945945945946,,unclassified_planar_candidate,dark_ridge,519,BH03,optical,False,provisional_report_ticks,unknown,62.59725892513881,0.01870839175994308,,,
18353.992423853975,4.20085761527389,1.8452117675045014,4.588247069496337,23.713311857552384,0.6162162162162163,1.0,7,0.1891891891891892,1.3744422798150302,0.31087186160405506,0.4918918918918919,0.2,,unclassified_planar_candidate,bright_ridge,520,BH03,optical,False,provisional_report_ticks,unknown,62.62854437090704,0.016386596676772627,,,
18360.854383395366,2.550697420686572,0.09463275371681394,2.552452289460698,2.124741117261039,0.5783783783783784,1.0,6,0.2810810810810811,1.085006394653211,0.18081375040206174,0.31216216216216214,0.3027027027027027,,unclassified_planar_candidate,dark_ridge,521,BH03,optical,False,provisional_report_ticks,unknown,62.65305136926914,0.009115901033788204,,,
18366.42631701148,6.4881059352766215,7.706904966089814,10.074318973693039,49.90744195757667,0.6648648648648648,1.0,7,0.06486486486486487,1.2297283117421383,0.36358187676365605,0.4405405405405405,0.23243243243243245,,unclassified_planar_candidate,dark_ridge,522,BH03,optical,False,provisional_report_ticks,unknown,62.67295113218383,0.03597971062033227,,,
18368.87924703291,6.813725254099941,-1.0838111105833872,6.89938391175497,350.96208065379915,0.5621621621621622,1.0,7,0.11891891891891893,0.9749203507235473,0.27373354521964155,0.38243243243243247,0.24324324324324326,,unclassified_planar_candidate,dark_ridge,523,BH03,optical,False,provisional_report_ticks,unknown,62.68171159654609,0.024640656827696315,,,
18381.28625598549,4.13304388739579,-0.2611131381400293,4.141283840314383,356.3850313712156,0.9135135135135135,1.0,8,0.02702702702702703,0.9116675737820856,0.6559010921258228,0.722972972972973,0.8972972972972973,,unclassified_planar_candidate,bright_ridge,524,BH03,optical,False,provisional_report_ticks,unknown,62.726022342805315,0.014790299429694221,,,
18386.151375118763,13.55654513056249,3.5337619304089625,14.009546361598767,14.610077984525123,0.6702702702702703,1.0,8,0.15135135135135136,1.1576473508801777,0.3135528788770378,0.40540540540540543,0.3621621621621622,,unclassified_planar_candidate,bright_ridge,525,BH03,optical,False,provisional_report_ticks,unknown,62.74339776828128,0.050034094148567014,,,
18423.765717270067,2.954045540465046,2.516722148926158,3.8807570691859756,40.42959639233854,0.6432432432432432,1.0,7,0.1783783783783784,0.986668246662667,0.3803752354567379,0.5027027027027027,0.15135135135135136,,unclassified_planar_candidate,dark_ridge,526,BH03,optical,False,provisional_report_ticks,unknown,62.87773470453593,0.013859846675664195,,,
18433.87530763054,-2.6240047848012473,2.9934614790267062,3.9807301763717415,131.23711733964305,0.8216216216216217,1.0,8,0.05945945945945946,0.6928270667142101,0.6134121709794942,0.664864864864865,0.3837837837837838,,unclassified_planar_candidate,bright_ridge,527,BH03,optical,False,provisional_report_ticks,unknown,62.91384038439477,0.01421689348704193,,,
18436.382951260297,-4.892454306474872,-8.178236559256478,9.529935065891255,239.11093316157383,0.5405405405405406,1.0,7,0.23243243243243245,1.1887368872363144,0.2157853251696639,0.38648648648648654,0.23243243243243245,,unclassified_planar_candidate,dark_ridge,528,BH03,optical,False,provisional_report_ticks,unknown,62.922796254501044,0.034035482378183046,,,
18442.76218472803,5.82685375266375,5.334182009159026,7.899729258763711,42.47248380412353,0.6648648648648648,1.0,6,0.2,1.012832901206637,0.3087205658146261,0.4067567567567567,0.32432432432432434,,unclassified_planar_candidate,bright_ridge,529,BH03,optical,False,provisional_report_ticks,unknown,62.94557923117153,0.02821331878129896,,,
18486.209397000337,5.819429953744978,-0.9728329577822431,5.900183806483627,350.50963162917196,0.7783783783783784,1.0,8,0.10810810810810811,0.9073074691593093,0.513046548693859,0.5972972972972973,0.42162162162162165,,unclassified_planar_candidate,bright_ridge,530,BH03,optical,False,provisional_report_ticks,unknown,63.10074784642976,0.021072085023155804,,,
18487.426571217973,-5.3303972009252245,1.4622340475785989,5.5273196695622335,164.65998202123032,0.7675675675675676,1.0,8,0.10810810810810811,0.688310956966693,0.544233931014929,0.6067567567567568,0.372972972972973,,unclassified_planar_candidate,bright_ridge,531,BH03,optical,False,provisional_report_ticks,unknown,63.10509489720703,0.019740427391293686,,,
18490.05920332552,2.5339486683787946,4.935560212032412,5.548031223828512,62.82374133640365,0.6162162162162163,1.0,8,0.12972972972972974,1.399496820483465,0.3363483914340797,0.5067567567567568,0.1945945945945946,,unclassified_planar_candidate,dark_ridge,532,BH03,optical,False,provisional_report_ticks,unknown,63.114497154733975,0.019814397227958965,,,
18512.62769630812,2.620032718554721,0.4268310972778129,2.6545727023196455,9.252805052916113,0.5945945945945946,1.0,7,0.12432432432432433,0.6589486239802955,0.4179955508311628,0.5297297297297298,0.1783783783783784,,unclassified_planar_candidate,dark_ridge,533,BH03,optical,False,provisional_report_ticks,unknown,63.19509891538613,0.009480616793998732,,,
18544.955393347595,3.635871179329994,-2.450282995675327,4.384455039292584,326.02321773273337,0.6432432432432432,1.0,7,0.11351351351351352,1.0728303421535972,0.3470510806565789,0.43513513513513513,0.21621621621621623,,unclassified_planar_candidate,dark_ridge,534,BH03,optical,False,provisional_report_ticks,unknown,63.310554976241384,0.01565876799747351,,,
18560.201514921104,0.11538393422654468,-1.9599054996058733,1.9632990143284195,273.36923924146413,0.6702702702702703,1.0,7,0.10270270270270271,1.0497433439975132,0.3837633401774882,0.45270270270270274,0.22162162162162163,near_horizontal_check_acquisition_artifact,unclassified_planar_candidate,bright_ridge,535,BH03,optical,False,provisional_report_ticks,unknown,63.365005410432495,0.0070117821940300674,,,
18574.38170178964,1.756285261268302,-10.146613265016054,10.297489920788852,279.82007180060805,0.6918918918918919,1.0,8,0.05405405405405406,1.0457377330206379,0.4618686865010069,0.5472972972972974,0.32432432432432434,,unclassified_planar_candidate,bright_ridge,536,BH03,optical,False,provisional_report_ticks,unknown,63.41564893496298,0.036776749717103034,,,
18577.494519706685,-3.471422104776941,2.243685425777842,4.1333879226830215,147.1241878208506,0.6270270270270271,1.0,6,0.08648648648648649,1.0623487281379906,0.2585745275610484,0.32162162162162167,0.23783783783783785,,unclassified_planar_candidate,dark_ridge,537,BH03,optical,False,provisional_report_ticks,unknown,63.42676614180957,0.01476209972386793,,,
18611.211536285722,-5.183146210415009,0.21144387170626588,5.187457291334706,177.66394247975566,0.6648648648648648,1.0,7,0.05405405405405406,1.0972892951265767,0.41739990508254005,0.4783783783783784,0.15675675675675677,,unclassified_planar_candidate,bright_ridge,538,BH03,optical,False,provisional_report_ticks,unknown,63.547184058163275,0.01852663318333823,,,
18622.723707654386,-7.977210717670262,-2.04572917454934,8.235344479116561,194.38335254940165,0.6432432432432432,1.0,7,0.12432432432432433,1.1814011429741265,0.3316606785692466,0.43648648648648647,0.2918918918918919,,unclassified_planar_candidate,dark_ridge,539,BH03,optical,False,provisional_report_ticks,unknown,63.588298955908506,0.029411944568273424,,,
18623.578493800745,3.1825416424307384,6.469106887411064,7.209571084784101,63.80466044751045,0.7135135135135136,1.0,8,0.043243243243243246,0.977360362007217,0.49285178832844445,0.5891891891891892,0.2864864864864865,,unclassified_planar_candidate,bright_ridge,540,BH03,optical,False,provisional_report_ticks,unknown,63.591351763574075,0.02574846815994321,,,
18636.372510603,1.7301826532057116,8.563958986986302,8.736986067531378,78.57823566561235,0.5783783783783784,1.0,7,0.22162162162162163,1.2897639461536456,0.22876336529158506,0.3905405405405405,0.2,,unclassified_planar_candidate,dark_ridge,541,BH03,optical,False,provisional_report_ticks,unknown,63.637044680724976,0.031203521669754913,,,
18642.52328641538,6.585552960488081,0.12421711878507638,6.586724351906081,1.0805884996996078,0.5621621621621622,1.0,8,0.05945945945945946,1.2154221061796175,0.22014002694729382,0.3121621621621622,0.24324324324324326,,unclassified_planar_candidate,dark_ridge,542,BH03,optical,False,provisional_report_ticks,unknown,63.659011737197766,0.023524015542521714,,,
18657.478791688533,4.432746834630004,6.71051372334388,8.042402559627867,56.55254802393915,0.7567567567567568,1.0,8,0.02702702702702703,1.1428149431816295,0.5030575554618102,0.5148648648648648,0.2972972972972973,,unclassified_planar_candidate,bright_ridge,543,BH03,optical,False,provisional_report_ticks,unknown,63.71242425603045,0.02872286628438523,,,
18660.559033537833,-0.28330925571379284,-11.541229753592216,11.544706508161017,268.5938096970973,0.6864864864864865,1.0,8,0.05945945945945946,1.2017643667581444,0.39163309464357,0.4527027027027027,0.1891891891891892,,unclassified_planar_candidate,bright_ridge,544,BH03,optical,False,provisional_report_ticks,unknown,63.72342511977795,0.04123109467200362,,,
18663.119518975,-6.685101639045024,-1.1399484562137931,6.781597629407592,189.6770407910095,0.5513513513513514,1.0,7,0.08108108108108109,1.283274845462648,0.1794431598851134,0.2716216216216216,0.15135135135135136,,unclassified_planar_candidate,bright_ridge,545,BH03,optical,False,provisional_report_ticks,unknown,63.73256971062498,0.024219991533598537,,,
18676.77660414541,0.6935454526312532,-8.7951838468819,8.822486281956905,274.5087368460282,0.6,1.0,7,0.15675675675675677,1.1143136110587513,0.27446183826408255,0.3932432432432432,0.1945945945945946,,unclassified_planar_candidate,dark_ridge,546,BH03,optical,False,provisional_report_ticks,unknown,63.78134501480502,0.03150887957841751,,,
18697.86821267266,2.0284773993383376,2.2453755748253763,3.0259596877104653,47.9052701202762,0.6162162162162163,1.0,7,0.14054054054054055,0.7653026110141242,0.3759824665716939,0.45810810810810815,0.35135135135135137,,unclassified_planar_candidate,dark_ridge,547,BH03,optical,False,provisional_report_ticks,unknown,63.856672188116626,0.01080699888468023,,,
18708.337470892977,-2.322705456714641,8.429521221753726,8.74367134941887,105.40523392955072,0.5837837837837838,1.0,8,0.07027027027027027,1.2834397959381318,0.2802061748147972,0.39594594594594595,0.17297297297297298,,unclassified_planar_candidate,bright_ridge,548,BH03,optical,False,provisional_report_ticks,unknown,63.89406239604633,0.031227397676495953,,,
18715.544299777604,-11.377199356672829,7.461787896876043,13.605842267917208,146.74095225785842,0.5945945945945946,1.0,6,0.08648648648648649,1.1817349993580972,0.2989974529596718,0.40810810810810816,0.21081081081081082,,unclassified_planar_candidate,bright_ridge,549,BH03,optical,False,provisional_report_ticks,unknown,63.919801070634286,0.048592293813990016,,,
18728.982535994997,3.778191339866601,4.286042242089155,5.713570503775692,48.60348416170665,0.5945945945945946,1.0,6,0.14594594594594595,0.8987242028820724,0.3143108815079394,0.4175675675675676,0.22702702702702704,,unclassified_planar_candidate,bright_ridge,550,BH03,optical,False,provisional_report_ticks,unknown,63.96779477141069,0.020405608942056036,,,
18767.433780457453,-0.4860525872679724,1.185726216720593,1.2814810878855845,112.28969246171026,0.6756756756756757,1.0,8,0.08648648648648649,0.7980083872465918,0.4334387034560717,0.4581081081081081,0.3567567567567568,near_horizontal_check_acquisition_artifact,unclassified_planar_candidate,bright_ridge,551,BH03,optical,False,provisional_report_ticks,unknown,64.1051206444909,0.0045767181710199435,,,
18804.46873298307,4.076995989184555,4.177169336378533,5.837006078513883,45.69531297611663,0.6594594594594595,1.0,7,0.15135135135135136,1.2133379669076299,0.33108498433651035,0.44324324324324327,0.31891891891891894,,unclassified_planar_candidate,dark_ridge,552,BH03,optical,False,provisional_report_ticks,unknown,64.23738833208239,0.02084645028040672,,,
18810.19810336365,2.092270242062648,2.5630861746343556,3.3086259239180644,50.77492960626168,0.8594594594594595,1.0,8,0.043243243243243246,0.9024773845421996,0.6086672730726482,0.6445945945945946,0.40540540540540543,,unclassified_planar_candidate,bright_ridge,553,BH03,optical,False,provisional_report_ticks,unknown,64.25785036915589,0.011816521156850227,,,
18810.932431065085,-7.517814905400464,13.252221085694625,15.236105298139371,119.565685650411,0.5405405405405406,1.0,6,0.0918918918918919,1.077421454385165,0.22140594144624415,0.322972972972973,0.2810810810810811,,unclassified_planar_candidate,dark_ridge,554,BH03,optical,False,provisional_report_ticks,unknown,64.26047296808957,0.054414661779069166,,,
18826.05277645961,-1.951460658384841,7.11173856806629,7.3746202723764265,105.34428285851023,0.7189189189189189,1.0,7,0.1783783783783784,0.8718036637433249,0.3832203592060455,0.43378378378378374,0.2756756756756757,,unclassified_planar_candidate,dark_ridge,555,BH03,optical,False,provisional_report_ticks,unknown,64.31447420164146,0.026337929544201517,,,
18835.332583135914,-6.542170416905961,11.337390710164653,13.089553922069587,119.98682643205974,0.6054054054054054,1.0,7,0.1891891891891892,1.3296458792466817,0.25209826445542144,0.4,0.3891891891891892,,unclassified_planar_candidate,bright_ridge,556,BH03,optical,False,provisional_report_ticks,unknown,64.34761636834254,0.04674840686453423,,,
18839.87516961668,7.789627997952484,4.642870153305504,9.068326615585717,30.7963090918011,0.5081081081081081,1.0,7,0.14594594594594595,1.331386734254853,0.17156813723316122,0.3081081081081081,0.22162162162162163,,unclassified_planar_candidate,bright_ridge,557,BH03,optical,False,provisional_report_ticks,unknown,64.36383989148813,0.03238688076994898,,,
18872.619819844203,1.248409643037487,4.668487177328899,4.832525133065873,75.02871920346894,0.6918918918918919,1.0,8,0.11351351351351352,1.0065399656542153,0.43141817385325004,0.4918918918918919,0.16216216216216217,,unclassified_planar_candidate,dark_ridge,558,BH03,optical,False,provisional_report_ticks,unknown,64.48078507087214,0.017259018332378116,,,
18879.59361504626,0.6998805383452757,2.71809359244962,2.806753559767967,75.5605995059243,0.8972972972972973,1.0,8,0.04864864864864865,0.5387166252388307,0.7133293275923226,0.7189189189189189,0.5243243243243243,,unclassified_planar_candidate,bright_ridge,559,BH03,optical,False,provisional_report_ticks,unknown,64.50569148230805,0.010024119856314165,,,
18897.95159745199,-1.2885414220472908,0.7279564046813375,1.479952540944551,150.53589429478444,0.654054054054054,1.0,8,0.0918918918918919,0.8856877014812247,0.44091960551150167,0.4986486486486486,0.1891891891891892,near_horizontal_check_acquisition_artifact,unclassified_planar_candidate,dark_ridge,560,BH03,optical,False,provisional_report_ticks,unknown,64.57125570518566,0.005285544789087681,,,
18917.45750376471,2.4459519510011427,1.904608109805083,3.100034354413123,37.90709468479617,0.5945945945945946,1.0,7,0.22162162162162163,0.714640107831594,0.32528885549737124,0.445945945945946,0.2702702702702703,,unclassified_planar_candidate,bright_ridge,561,BH03,optical,False,provisional_report_ticks,unknown,64.64091965630251,0.01107155126576115,,,
18930.625615795594,-0.34304340761045504,-1.0591757786871236,1.1133427637805293,252.0540178465835,0.6108108108108108,1.0,8,0.06486486486486487,0.8670059408526316,0.37695108743526773,0.4405405405405405,0.2594594594594595,near_horizontal_check_acquisition_artifact,unclassified_planar_candidate,dark_ridge,562,BH03,optical,False,provisional_report_ticks,unknown,64.6879486278414,0.003976224156359032,,,
18948.63925705009,-11.147450433458003,2.6505926706056897,11.458241255614737,166.62483025435407,0.5243243243243243,1.0,7,0.11891891891891893,1.1150922479960534,0.14550393070797812,0.22837837837837838,0.1783783783783784,,unclassified_planar_candidate,dark_ridge,563,BH03,optical,False,provisional_report_ticks,unknown,64.75228306089316,0.04092229019862405,,,
18954.76821472961,0.33286952309158796,0.2711511099903389,0.4293309258045757,,0.8648648648648649,1.0,8,0.02702702702702703,0.9238397182497404,0.6184570345244472,0.6567567567567567,0.4702702702702703,near_horizontal_check_acquisition_artifact,unclassified_planar_candidate,dark_ridge,564,BH03,optical,False,provisional_report_ticks,unknown,64.77417219546288,0.0015333247350163414,,,
18956.55923737944,5.5840370195630245,-8.639768209939147,10.287228205757147,302.875310286639,0.6432432432432432,1.0,7,0.15135135135135136,1.335374586737024,0.2552406992053138,0.36486486486486486,0.32432432432432434,,unclassified_planar_candidate,bright_ridge,565,BH03,optical,False,provisional_report_ticks,unknown,64.78056870492655,0.036740100734846945,,,
18961.75304726531,-3.68524247309113,0.675901887527465,3.7467126186882838,169.6070192735403,0.8054054054054054,1.0,8,0.05945945945945946,1.128617560773941,0.5200054958147603,0.5162162162162162,0.2972972972972973,,unclassified_planar_candidate,bright_ridge,566,BH03,optical,False,provisional_report_ticks,unknown,64.79911802594752,0.013381116495315296,,,
18989.475383772064,5.170731890909896,-0.8816428981152795,5.245356278411386,350.32375723738363,0.8324324324324325,1.0,8,0.02702702702702703,0.4524469058014768,0.6965485154514867,0.664864864864865,0.4,,unclassified_planar_candidate,dark_ridge,567,BH03,optical,False,provisional_report_ticks,unknown,64.8981263706145,0.018733415280040657,,,
18996.06283890599,-2.8685999418984025,-5.06359220373883,5.819693431137432,240.46780438544448,0.5837837837837838,1.0,8,0.10810810810810811,1.1775326146390654,0.2385453387392591,0.3391891891891892,0.1837837837837838,,unclassified_planar_candidate,bright_ridge,568,BH03,optical,False,provisional_report_ticks,unknown,64.9216529960928,0.020784619396919397,,,
18998.46825134296,2.590553076166052,3.6921630491829216,4.510325179206609,54.945133088066456,0.7351351351351352,1.0,8,0.10270270270270271,1.0162056438457465,0.4701026562007234,0.5270270270270271,0.23783783783783785,,unclassified_planar_candidate,bright_ridge,569,BH03,optical,False,provisional_report_ticks,unknown,64.93024375479628,0.01610830421145217,,,
19007.617533656907,3.1990570335898556,0.22140502443017065,3.206709542350796,3.959096984273123,0.5567567567567567,1.0,7,0.10270270270270271,0.9012618431486914,0.22196376931345985,0.29999999999999993,0.15135135135135136,,unclassified_planar_candidate,dark_ridge,570,BH03,optical,False,provisional_report_ticks,unknown,64.96291976306037,0.011452534079824267,,,
19025.396544626616,6.18006290743883,0.4419368469790217,6.195844229531521,4.090263642782861,0.8108108108108109,1.0,8,0.043243243243243246,0.926696125423073,0.5695974863171429,0.5810810810810811,0.3567567567567568,,unclassified_planar_candidate,dark_ridge,571,BH03,optical,False,provisional_report_ticks,unknown,65.02641623080933,0.02212801510546971,,,
19032.88230829553,8.146997109657837,0.1434939267912843,8.148260698566236,1.0090523252219088,0.7351351351351352,1.0,7,0.12972972972972974,0.9646132693763203,0.46385180854908564,0.5486486486486487,0.33513513513513515,,unclassified_planar_candidate,bright_ridge,572,BH03,optical,False,provisional_report_ticks,unknown,65.05315110105546,0.02910093106630798,,,
19040.10186893542,5.758317397469881,0.4929086974211216,5.77937524599309,4.892559741127803,0.5297297297297298,1.0,8,0.08108108108108109,1.1756551366254875,0.1057994146158853,0.16081081081081083,0.1837837837837838,,unclassified_planar_candidate,dark_ridge,573,BH03,optical,False,provisional_report_ticks,unknown,65.07893524619791,0.020640625878546745,,,
19041.00959936666,-1.8958044680737158,-2.4584534990231393,3.104523826294039,232.36285385202558,0.9459459459459459,1.0,8,0.016216216216216217,1.083345798840482,0.6485382754627494,0.7878378378378379,0.43783783783783786,,unclassified_planar_candidate,bright_ridge,574,BH03,optical,False,provisional_report_ticks,unknown,65.08217714059519,0.011087585093907278,,,
19052.50040294707,5.582081065661847,-1.5187136163335455,5.7849909310263765,344.7799693198074,0.7567567567567568,1.0,8,0.032432432432432434,1.1495686419096367,0.49913784993336663,0.5310810810810811,0.35135135135135137,,unclassified_planar_candidate,dark_ridge,575,BH03,optical,False,provisional_report_ticks,unknown,65.12321572481095,0.020660681896522766,,,
19089.97667147151,-1.64094910141848,-3.796406691754597,4.13586964526751,246.62419190132465,0.8216216216216217,1.0,8,0.05945945945945946,0.9191251531456731,0.5688429570275658,0.7445945945945946,0.43243243243243246,,unclassified_planar_candidate,bright_ridge,576,BH03,optical,False,provisional_report_ticks,unknown,65.25705954096968,0.014770963018812531,,,
19110.53660449332,11.02782730252138,-4.420721911042634,11.880898839271733,338.15564598700234,0.6486486486486487,1.0,8,0.05405405405405406,1.0723034501251463,0.4291844853010653,0.6297297297297297,0.1783783783783784,,unclassified_planar_candidate,dark_ridge,577,BH03,optical,False,provisional_report_ticks,unknown,65.33048787319042,0.042431781568827605,,,
19157.895432245703,-8.096414771112434,0.41078579756080247,8.106829042070967,177.09548875216518,0.5837837837837838,1.0,8,0.08648648648648649,1.1002494205435214,0.3296110796282142,0.44594594594594594,0.22162162162162163,,unclassified_planar_candidate,dark_ridge,578,BH03,optical,False,provisional_report_ticks,unknown,65.49962654373465,0.02895296086453916,,,
19192.16996923816,8.626538106922801,-1.2232805242209586,8.712839660588822,351.9290211969284,0.6216216216216216,1.0,8,0.043243243243243246,1.2798920391948079,0.38818996100453645,0.5054054054054054,0.15135135135135136,,unclassified_planar_candidate,dark_ridge,579,BH03,optical,False,provisional_report_ticks,unknown,65.62203560442198,0.031117284502102927,,,
19205.613483669527,7.539040829353696,2.1345781169860705,7.835404288495767,15.808757160837661,0.6486486486486487,1.0,8,0.05405405405405406,1.053325204341643,0.42607155090136645,0.49324324324324326,0.17297297297297298,,unclassified_planar_candidate,bright_ridge,580,BH03,optical,False,provisional_report_ticks,unknown,65.67004815596259,0.027983586744627732,,,
19224.470360836844,4.476197851683888,-2.052724949778439,4.924431634905936,335.36443809495375,0.8,1.0,8,0.07567567567567568,0.8554607064261255,0.5559986633959387,0.6310810810810812,0.2594594594594595,,unclassified_planar_candidate,dark_ridge,581,BH03,optical,False,provisional_report_ticks,unknown,65.73739414584585,0.017587255838949767,,,
19245.204099235223,7.220542899797864,-2.9064597618516483,7.783556264014804,338.0739088199824,0.5135135135135135,1.0,6,0.12972972972972974,1.2752120412882786,0.2574044493383748,0.4405405405405405,0.2,,unclassified_planar_candidate,dark_ridge,582,BH03,optical,False,provisional_report_ticks,unknown,65.81144321155436,0.027798415228624293,,,
19258.72708076151,-3.680933939369085,18.729129322436325,19.08741888895781,101.11892506170395,0.7243243243243244,1.0,8,0.08108108108108109,0.8746270165996844,0.49727317697776346,0.6554054054054055,0.3783783783783784,,unclassified_planar_candidate,bright_ridge,583,BH03,optical,False,provisional_report_ticks,unknown,65.85973957414824,0.0681693531748493,,,
19279.285270873024,8.067965592085736,-0.38984702025822365,8.077378875246819,357.2335988887097,0.8810810810810811,1.0,8,0.021621621621621623,0.9083528674658133,0.6368324376431381,0.7635135135135135,0.31891891891891894,,unclassified_planar_candidate,bright_ridge,584,BH03,optical,False,provisional_report_ticks,unknown,65.93316168168936,0.02884778169731006,,,
19288.267652249342,11.765940712303305,0.3146799279859742,11.770148015318824,1.5320096520244477,0.5459459459459459,1.0,6,0.14054054054054055,1.0823556671189654,0.26256856782353677,0.4013513513513513,0.1783783783783784,,unclassified_planar_candidate,dark_ridge,585,BH03,optical,False,provisional_report_ticks,unknown,65.96524161517621,0.042036242911852935,,,
19313.83913981093,2.9406408494691263,1.0868278982181832,3.1350539845291117,20.283747475786964,0.7405405405405405,1.0,8,0.05405405405405406,0.9818142299472642,0.4954363786398779,0.4905405405405405,0.3621621621621622,,unclassified_planar_candidate,bright_ridge,586,BH03,optical,False,provisional_report_ticks,unknown,66.0565683564676,0.011196621373318253,,,
19320.35808135766,4.334045897833519,1.827371088683349,4.70353472829566,22.861829700278882,0.7135135135135136,1.0,7,0.14054054054054055,1.097353228144532,0.42537253769395417,0.5459459459459459,0.5621621621621622,,unclassified_planar_candidate,dark_ridge,587,BH03,optical,False,provisional_report_ticks,unknown,66.07985029056306,0.016798338315341638,,,
19338.06115533148,8.634982108012153,1.8974281394264267,8.840992565881798,12.393064073770267,0.6918918918918919,1.0,7,0.11891891891891893,1.0157238938339357,0.41455867206492736,0.47702702702702704,0.21621621621621623,,unclassified_planar_candidate,dark_ridge,588,BH03,optical,False,provisional_report_ticks,unknown,66.14307555475528,0.03157497344957784,,,
19340.048970515254,-3.1666273997553422,4.057799836877362,5.147161218093253,127.96777877758943,0.5837837837837838,1.0,6,0.1837837837837838,1.3284824091306375,0.21751726998227666,0.35540540540540544,0.16216216216216217,,unclassified_planar_candidate,dark_ridge,589,BH03,optical,False,provisional_report_ticks,unknown,66.15017489469733,0.01838271863604733,,,
19355.399703951985,7.725490432012435,-3.0708687985647045,8.313449199526868,338.3222665572794,0.5351351351351351,1.0,7,0.10270270270270271,1.128500650690211,0.22539870738807902,0.34189189189189184,0.15675675675675677,,unclassified_planar_candidate,bright_ridge,590,BH03,optical,False,provisional_report_ticks,unknown,66.20499894268565,0.029690889998310235,,,
19363.734583415015,-2.968245206455414,10.103995684964174,10.530964267692688,106.37117652100335,0.5135135135135135,1.0,7,0.11891891891891893,1.108825366878732,0.21040035254010322,0.33648648648648644,0.15135135135135136,,unclassified_planar_candidate,dark_ridge,591,BH03,optical,False,provisional_report_ticks,unknown,66.23476636933933,0.03761058667033102,,,
19364.903677724295,-4.686265622458286,-12.738201881553612,13.572872675283238,249.80190204820786,0.8378378378378378,1.0,8,0.032432432432432434,0.9947985033271137,0.5818746522978578,0.6891891891891893,0.3891891891891892,,unclassified_planar_candidate,bright_ridge,592,BH03,optical,False,provisional_report_ticks,unknown,66.23894170615819,0.04847454526886869,,,
19373.310273516123,9.902123160372842,-1.2270284809924725,9.977857584489715,352.93616206303653,0.5837837837837838,1.0,8,0.08648648648648649,1.0860008403481103,0.2769871598651818,0.372972972972973,0.22702702702702704,,unclassified_planar_candidate,dark_ridge,593,BH03,optical,False,provisional_report_ticks,unknown,66.26896526255757,0.03563520565889183,,,
19392.40367163558,4.6938317562817184,0.0336066091292438,4.6939520620108475,0.4102158036296259,0.8108108108108109,1.0,8,0.02702702702702703,1.0431073619143223,0.5572050582482644,0.5391891891891892,0.4756756756756757,,unclassified_planar_candidate,dark_ridge,594,BH03,optical,False,provisional_report_ticks,unknown,66.33715597012706,0.016764114507181592,,,
19397.89308868167,5.0538934664868735,-0.7181937596907289,5.104668593264152,351.9120211386196,0.6108108108108108,1.0,7,0.12432432432432433,0.5654634452001461,0.3567839614386388,0.4027027027027027,0.25405405405405407,,unclassified_planar_candidate,bright_ridge,595,BH03,optical,False,provisional_report_ticks,unknown,66.35676103100596,0.01823095926165768,,,
19414.764143476386,5.716045081980915,-0.1620228118592914,5.718340910683885,358.37637069779953,0.6108108108108108,1.0,7,0.1837837837837838,0.8609269671817416,0.3175469269712669,0.4243243243243243,0.2756756756756757,,unclassified_planar_candidate,bright_ridge,596,BH03,optical,False,provisional_report_ticks,unknown,66.41701479812994,0.0204226461095853,,,
19418.321028388506,-10.717805260712266,-12.579387950390018,16.526111182397663,229.56856274825043,0.5459459459459459,1.0,7,0.0972972972972973,1.2169169516114404,0.2556927296353082,0.38918918918918916,0.15675675675675677,,unclassified_planar_candidate,bright_ridge,597,BH03,optical,False,provisional_report_ticks,unknown,66.42971795853036,0.05902182565142021,,,
19419.692614414696,15.841825476197986,2.7532187179086667,16.07929251325935,9.85920216361146,0.5945945945945946,1.0,8,0.12432432432432433,1.1193454242738115,0.25387618474801577,0.3540540540540541,0.24864864864864866,,unclassified_planar_candidate,dark_ridge,598,BH03,optical,False,provisional_report_ticks,unknown,66.43461648005247,0.05742604469021195,,,
19421.62103008162,6.941165119769815,-0.09006855662715668,6.9417494599561875,359.2565717047031,0.8054054054054054,1.0,8,0.02702702702702703,1.1598460794080068,0.5323661081421023,0.5554054054054054,0.16216216216216217,,unclassified_planar_candidate,dark_ridge,599,BH03,optical,False,provisional_report_ticks,unknown,66.44150367886292,0.02479196235698638,,,
19438.758557645848,0.4349206909158388,0.8638341477729203,0.9671429275165476,63.27579316505075,0.5135135135135135,1.0,6,0.14594594594594595,1.0734932109938542,0.15000648233801647,0.24459459459459454,0.24864864864864866,near_horizontal_check_acquisition_artifact,unclassified_planar_candidate,bright_ridge,600,BH03,optical,False,provisional_report_ticks,unknown,66.50270913444945,0.003454081883987669,,,
19451.892826005133,7.944798229246358,12.085909915374875,14.4633688117946,56.68066608958169,0.5351351351351351,1.0,7,0.11891891891891893,1.297550420942825,0.19100728671694503,0.31216216216216214,0.17297297297297298,,unclassified_planar_candidate,bright_ridge,601,BH03,optical,False,provisional_report_ticks,unknown,66.54961723573261,0.05165488861355213,,,
19454.643895621928,8.337495898564631,0.3872606028624978,8.346484806977815,2.659367083308924,0.572972972972973,1.0,7,0.0972972972972973,1.1776690354128951,0.1737040418619608,0.24864864864864866,0.20540540540540542,,unclassified_planar_candidate,bright_ridge,602,BH03,optical,False,provisional_report_ticks,unknown,66.55944248436401,0.029808874310635045,,,
19464.7165874584,5.821565953596965,-0.9392580162736515,5.896849648177716,350.83481586101806,0.5459459459459459,1.0,7,0.11351351351351352,0.8249818119195182,0.24242729617532516,0.3297297297297297,0.1891891891891892,,unclassified_planar_candidate,bright_ridge,603,BH03,optical,False,provisional_report_ticks,unknown,66.59541638377999,0.02106017731492041,,,
19467.363763198064,6.72460705691885,-8.587315755885829,10.906985466261876,308.06399984296644,0.6216216216216216,1.0,7,0.0918918918918919,1.1020240724521853,0.3328420364089093,0.42567567567567566,0.2756756756756757,,unclassified_planar_candidate,dark_ridge,604,BH03,optical,False,provisional_report_ticks,unknown,66.60487058285021,0.03895351952236383,,,
19477.17103887941,1.5329896984709013,1.7133304610662479,2.299034293879799,48.179647880213054,0.6756756756756757,1.0,7,0.12972972972972974,1.0342618231647889,0.4165505363652892,0.5297297297297296,0.41621621621621624,,unclassified_planar_candidate,dark_ridge,605,BH03,optical,False,provisional_report_ticks,unknown,66.63989656742645,0.008210836763856423,,,
19501.105935449716,-0.3452540225563517,-1.6068051313848806,1.6434789534204948,257.87324605989807,0.6918918918918919,1.0,7,0.0918918918918919,1.013925842390873,0.34759631826863463,0.3878378378378378,0.22702702702702704,near_horizontal_check_acquisition_artifact,unclassified_planar_candidate,bright_ridge,606,BH03,optical,False,provisional_report_ticks,unknown,66.72537834089184,0.005869567690787479,,,
19514.27457248378,-9.58624034687804,-13.798946064783477,16.801991444079356,235.21197632968898,0.7513513513513513,1.0,8,0.05945945945945946,1.2384183648545128,0.46767178676463267,0.5608108108108107,0.2918918918918919,,unclassified_planar_candidate,bright_ridge,607,BH03,optical,False,provisional_report_ticks,unknown,66.77240918744207,0.0600071123002834,,,
19516.389607894827,3.8671732210469294,-0.6506456588242956,3.9215262966005193,350.44952389101945,0.7675675675675676,1.0,8,0.06486486486486487,0.7742073185733559,0.5515172448862475,0.4972972972972973,0.31351351351351353,,unclassified_planar_candidate,bright_ridge,608,BH03,optical,False,provisional_report_ticks,unknown,66.77996288533866,0.014005451059287565,,,
19524.293083689256,-3.250207893585169,-5.213669777961481,6.143793934138112,238.06053783432606,0.745945945945946,1.0,8,0.08108108108108109,0.9673735818349051,0.49652701377863123,0.5229729729729731,0.3837837837837838,,unclassified_planar_candidate,bright_ridge,609,BH03,optical,False,provisional_report_ticks,unknown,66.80818958460448,0.021942121193350393,,,
19532.75887570577,-1.4368946273321426,-2.3446537375633456,2.7499213296248572,238.49841945434736,0.5675675675675675,1.0,7,0.08648648648648649,1.0269801383651727,0.20896786960452432,0.28378378378378377,0.23783783783783785,,unclassified_planar_candidate,dark_ridge,610,BH03,optical,False,provisional_report_ticks,unknown,66.83842455609202,0.00982114760580306,,,
19550.57682305553,4.2635981652747015,-0.87820570424372,4.353104015975268,348.36113092855004,0.8972972972972973,1.0,8,0.021621621621621623,0.6737650305692316,0.7013030502281699,0.7581081081081081,0.7081081081081081,,unclassified_planar_candidate,dark_ridge,611,BH03,optical,False,provisional_report_ticks,unknown,66.90206008234117,0.015546800057054526,,,
19568.22900908919,-8.005405855853393,0.5947073175133192,8.027465335361823,175.75140293298256,0.6216216216216216,1.0,6,0.15135135135135136,1.0792438475466846,0.3402842660053081,0.4621621621621621,0.31891891891891894,,unclassified_planar_candidate,bright_ridge,612,BH03,optical,False,provisional_report_ticks,unknown,66.96510360388996,0.028669519054863646,,,
19570.680679203102,-19.016421805776204,-21.347752888112762,28.5893485701778,228.30558464046203,0.572972972972973,1.0,6,0.13513513513513514,1.216617016576755,0.3089110285881377,0.46756756756756757,0.17297297297297298,,unclassified_planar_candidate,bright_ridge,613,BH03,optical,False,provisional_report_ticks,unknown,66.9738595685825,0.10210481632206354,,,
19571.10838289131,5.985969839132205,-0.02614412687569034,5.986026931978383,359.74975841098086,0.6432432432432432,1.0,7,0.0972972972972973,0.9532856276521603,0.4203043076722808,0.49729729729729727,0.3675675675675676,,unclassified_planar_candidate,dark_ridge,614,BH03,optical,False,provisional_report_ticks,unknown,66.97538708175468,0.021378667614208504,,,
19591.26778015625,3.749298816004059,-2.710057519316173,4.626192102549522,324.1399511172893,0.6432432432432432,1.0,8,0.05405405405405406,1.1406570845878359,0.33956251870630955,0.4081081081081081,0.21621621621621623,,unclassified_planar_candidate,dark_ridge,615,BH03,optical,False,provisional_report_ticks,unknown,67.04738492912945,0.016522114651962575,,,
19592.4554265303,0.10806770561778516,-10.791744147632315,10.79228522496296,270.57373640368326,0.6918918918918919,1.0,8,0.08108108108108109,1.128669487806674,0.4317209778465155,0.49459459459459465,0.22162162162162163,,unclassified_planar_candidate,bright_ridge,616,BH03,optical,False,provisional_report_ticks,unknown,67.0516265233225,0.03854387580343913,,,
19596.233551064015,-9.977281708274145,-6.865172210296034,12.11101728853868,214.53109901806582,0.6810810810810811,1.0,8,0.07027027027027027,1.0372298742772885,0.42148163052784077,0.4702702702702703,0.1945945945945946,,unclassified_planar_candidate,bright_ridge,617,BH03,optical,False,provisional_report_ticks,unknown,67.06511982522862,0.043253633173352415,,,
19608.863432352708,-4.230751290410302,-4.4120355799175455,6.112717434968411,226.20161493945727,0.6702702702702703,1.0,7,0.10810810810810811,1.2822680641030166,0.3751311527569248,0.4810810810810811,0.16756756756756758,,unclassified_planar_candidate,dark_ridge,618,BH03,optical,False,provisional_report_ticks,unknown,67.1102265441168,0.021831133696315747,,,
19614.432948289395,0.3558253516537391,4.334960488830889,4.349539529720871,85.30752628505145,0.7135135135135136,1.0,8,0.08648648648648649,0.9928252087440925,0.46815644773484394,0.5297297297297298,0.2864864864864865,,unclassified_planar_candidate,dark_ridge,619,BH03,optical,False,provisional_report_ticks,unknown,67.13011767246212,0.015534069749003105,,,
19621.88052803982,1.4583858367305937,-0.280981564346906,1.4852070186607753,349.0946693661741,0.8864864864864865,1.0,8,0.05405405405405406,0.8000565334542352,0.6422711197313132,0.6418918918918919,0.6486486486486487,near_horizontal_check_acquisition_artifact,unclassified_planar_candidate,bright_ridge,620,BH03,optical,False,provisional_report_ticks,unknown,67.15671617157078,0.005304310780931339,,,
19635.602266577804,1.931486980354382,-2.1484402826546094,2.889020180513024,311.95611926883066,0.5621621621621622,1.0,8,0.07567567567567568,1.1158535091165456,0.30981176547840866,0.43243243243243246,0.15135135135135136,,unclassified_planar_candidate,dark_ridge,621,BH03,optical,False,provisional_report_ticks,unknown,67.205722380635,0.01031792921611794,,,
19642.148332480392,-0.8042029265769102,10.72018768788417,10.750310061136759,94.29015702106119,0.5081081081081081,1.0,6,0.15135135135135136,1.235470805671291,0.19918164430405846,0.34864864864864864,0.1945945945945946,,unclassified_planar_candidate,dark_ridge,622,BH03,optical,False,provisional_report_ticks,unknown,67.22910118742996,0.03839396450405984,,,
19651.751122503585,8.812714640096106,11.808667492062629,14.734604414977042,53.26631254823628,0.6270270270270271,1.0,6,0.13513513513513514,0.7220661186649361,0.4262896006120403,0.5148648648648649,0.4702702702702703,,unclassified_planar_candidate,bright_ridge,623,BH03,optical,False,provisional_report_ticks,unknown,67.26339686608422,0.05262358719634656,,,
19664.643747500857,4.7072794973774075,9.716573136989595,10.79677145228598,64.1517229655242,0.6108108108108108,1.0,7,0.10810810810810811,1.100956984624713,0.3580506574776086,0.4743243243243243,0.1945945945945946,,unclassified_planar_candidate,dark_ridge,624,BH03,optical,False,provisional_report_ticks,unknown,67.30944195536019,0.03855989804387849,,,
19682.867100287087,-7.174960569984606,4.459481791760841,8.447901338905439,148.13764442463165,0.5513513513513514,1.0,6,0.24324324324324326,1.1087328071252465,0.1644220158768276,0.28513513513513516,0.16216216216216217,,unclassified_planar_candidate,bright_ridge,625,BH03,optical,False,provisional_report_ticks,unknown,67.37452535816816,0.030171076210376558,,,
19687.883323441267,2.1197405689567184,-2.0354953839779832,2.938799336102523,316.16148213726956,0.7081081081081081,1.0,8,0.17297297297297298,0.7777934751352438,0.4396660262794461,0.48648648648648646,0.5351351351351351,,unclassified_planar_candidate,bright_ridge,626,BH03,optical,False,provisional_report_ticks,unknown,67.39244044086166,0.010495711914651866,,,
19689.389347356904,-4.622445575260207,-14.21039091458948,14.943299938155894,251.98100264397073,0.518918918918919,1.0,7,0.13513513513513514,1.2483435892965993,0.21441965096871826,0.3621621621621622,0.1783783783783784,,unclassified_planar_candidate,dark_ridge,627,BH03,optical,False,provisional_report_ticks,unknown,67.39781909770322,0.053368928350556746,,,
19734.21968018543,6.556481403788273,-11.752436637573261,13.45760808310287,299.1563931147881,0.518918918918919,1.0,6,0.12432432432432433,1.0711577580151725,0.2492143792422775,0.3918918918918919,0.22162162162162163,,unclassified_planar_candidate,dark_ridge,628,BH03,optical,False,provisional_report_ticks,unknown,67.55792742923367,0.04806288601108167,,,
19751.193727717262,0.33862655486716264,0.5150241842052882,0.6163747674731065,56.675223638977315,0.572972972972973,1.0,7,0.10810810810810811,0.9339585914225974,0.30249030704054886,0.4040540540540541,0.2594594594594595,near_horizontal_check_acquisition_artifact,unclassified_planar_candidate,bright_ridge,629,BH03,optical,False,provisional_report_ticks,unknown,67.61854902756164,0.002201338455261094,,,
19765.570947072905,10.141095096800033,2.3557629366855712,10.411120438079807,13.077788703008427,0.5837837837837838,1.0,6,0.11891891891891893,1.2570384399936834,0.32000684694578085,0.472972972972973,0.31351351351351353,,unclassified_planar_candidate,dark_ridge,630,BH03,optical,False,provisional_report_ticks,unknown,67.66989623954608,0.03718257299314216,,,
19775.394749274423,12.42948735248177,-0.061092409082134654,12.429637489804428,359.71838669493525,0.7513513513513513,1.0,8,0.04864864864864865,1.1992057818892672,0.47927104645692337,0.5418918918918919,0.3081081081081081,,unclassified_planar_candidate,bright_ridge,631,BH03,optical,False,provisional_report_ticks,unknown,67.70498124740864,0.04439156246358723,,,
19792.329053321504,4.070332142360593,1.1849275638051715,4.2392991261055215,16.230977155133818,0.5621621621621622,1.0,6,0.20540540540540542,1.3555854102854439,0.27353594427367833,0.4810810810810811,0.2648648648648649,,unclassified_planar_candidate,dark_ridge,632,BH03,optical,False,provisional_report_ticks,unknown,67.76546090471965,0.015140354021805429,,,
19797.964439204126,6.078374426999859,0.6002452103407666,6.1079399135340955,5.639727321652663,0.745945945945946,1.0,8,0.03783783783783784,0.9298118260996248,0.5264432765422823,0.6594594594594595,0.1783783783783784,,unclassified_planar_candidate,bright_ridge,633,BH03,optical,False,provisional_report_ticks,unknown,67.78558728287187,0.02181407111976462,,,
19830.73614719466,11.697725303064507,0.9823530107600701,11.738900915490555,4.8003286529582585,0.518918918918919,1.0,8,0.12432432432432433,1.2040199255363344,0.23101897362243584,0.37972972972972974,0.24864864864864866,,unclassified_planar_candidate,dark_ridge,634,BH03,optical,False,provisional_report_ticks,unknown,67.90262909712378,0.04192464612675197,,,
19872.550974566813,1.8909118918423096,-5.294908097855802,5.622419367803295,289.6526079904219,0.5243243243243243,1.0,7,0.10270270270270271,1.3769379356759126,0.17918733980137602,0.3013513513513513,0.15675675675675677,,unclassified_planar_candidate,dark_ridge,635,BH03,optical,False,provisional_report_ticks,unknown,68.05196776631004,0.02008006917072605,,,
19877.96857748749,-8.49887627748686,-1.6666794026273453,8.660757369374295,191.09523611260056,0.6702702702702703,1.0,8,0.07027027027027027,0.7026529560315005,0.39576917599132727,0.40135135135135136,0.35135135135135137,,unclassified_planar_candidate,bright_ridge,636,BH03,optical,False,provisional_report_ticks,unknown,68.07131634816959,0.0309312763191939,,,
19892.581041845297,-9.29488237653787,-0.6766197773070628,9.31947706240631,184.16349507687613,0.827027027027027,1.0,8,0.032432432432432434,0.7829596223242642,0.6163905764489546,0.5486486486486486,0.33513513513513515,,unclassified_planar_candidate,bright_ridge,637,BH03,optical,False,provisional_report_ticks,unknown,68.12350372087604,0.0332838466514511,,,
19898.853696575945,0.3650797341232231,-3.012714607272563,3.034754111479373,276.9093941958056,0.7405405405405405,1.0,7,0.10270270270270271,1.105896432467609,0.45961087099206793,0.5027027027027027,0.33513513513513515,,unclassified_planar_candidate,bright_ridge,638,BH03,optical,False,provisional_report_ticks,unknown,68.14590605919979,0.010838407540997757,,,
19912.13466407076,-3.3034920608158322,-13.004981487755613,13.417995502039021,255.7473201198,0.6432432432432432,1.0,7,0.08648648648648649,1.1191470203605587,0.3762130035557003,0.46486486486486484,0.1891891891891892,,unclassified_planar_candidate,dark_ridge,639,BH03,optical,False,provisional_report_ticks,unknown,68.19333808596699,0.047921412507282206,,,
19918.65562652669,5.527258222493424,-1.5731449225070697,5.746770258617526,344.11281042347673,0.5081081081081081,1.0,6,0.1837837837837838,0.8753352979487858,0.23526004550493482,0.37972972972972974,0.32972972972972975,,unclassified_planar_candidate,bright_ridge,640,BH03,optical,False,provisional_report_ticks,unknown,68.21662723759532,0.020524179495062588,,,
19943.26646230906,-4.362559671345432,-0.957868321294919,4.466479442132238,192.38367973390663,0.7891891891891892,1.0,7,0.08108108108108109,0.8192668651441708,0.5518960606018468,0.6054054054054054,0.4972972972972973,,unclassified_planar_candidate,bright_ridge,641,BH03,optical,False,provisional_report_ticks,unknown,68.3045230796752,0.015951712293329416,,,
19961.71555463033,8.510699346161626,-5.24094472644423,9.994973986279279,328.3749647651465,0.5945945945945946,1.0,7,0.12972972972972974,1.356256520759803,0.25005840645047994,0.37972972972972974,0.1783783783783784,,unclassified_planar_candidate,dark_ridge,642,BH03,optical,False,provisional_report_ticks,unknown,68.37041269510831,0.03569633566528313,,,
19964.290533590836,-2.144895307450569,-2.0649901948513274,2.9773747471145775,223.91263644691605,0.6648648648648648,1.0,7,0.08648648648648649,0.667268404835372,0.4192183872064749,0.43108108108108106,0.32972972972972975,,unclassified_planar_candidate,dark_ridge,643,BH03,optical,False,provisional_report_ticks,unknown,68.37960904853868,0.010633481239694917,,,
19985.497855955735,1.6747686831069848,-4.775595595161736,5.060747319363424,289.32541925384095,0.572972972972973,1.0,7,0.08648648648648649,1.039743979304855,0.34110132812534644,0.4608108108108108,0.15135135135135136,,unclassified_planar_candidate,dark_ridge,644,BH03,optical,False,provisional_report_ticks,unknown,68.45534948555618,0.01807409756915508,,,
20007.021625780115,1.549495106246831,1.1081912359496762,1.9049994487449462,35.57216247827396,0.5081081081081081,1.0,6,0.21621621621621623,0.9052664404267572,0.193422150994635,0.3283783783783784,0.24324324324324326,near_horizontal_check_acquisition_artifact,unclassified_planar_candidate,bright_ridge,645,BH03,optical,False,provisional_report_ticks,unknown,68.53222009207182,0.006803569459803377,,,
20015.582558187914,0.7359498469975372,1.0644390845047127,1.2940837460987327,55.34013958761732,0.6108108108108108,1.0,8,0.05945945945945946,0.9686253536419145,0.3518876025864545,0.422972972972973,0.1837837837837838,near_horizontal_check_acquisition_artifact,unclassified_planar_candidate,dark_ridge,646,BH03,optical,False,provisional_report_ticks,unknown,68.56279485067111,0.00462172766463833,,,
20021.912577526906,0.8903328216201267,0.028215288649988356,0.8907797908392728,1.8151370516710916,0.5459459459459459,1.0,6,0.10270270270270271,0.854288507513333,0.2838299447756082,0.3851351351351351,0.1945945945945946,near_horizontal_check_acquisition_artifact,unclassified_planar_candidate,bright_ridge,647,BH03,optical,False,provisional_report_ticks,unknown,68.58540206259607,0.003181356395854545,,,
20038.65603200384,-3.9375294067314446,-0.5680128476629285,3.9782881273212265,188.2086411959068,0.5567567567567567,1.0,6,0.10810810810810811,0.9189730417928448,0.31614840323860116,0.4324324324324324,0.2702702702702703,,unclassified_planar_candidate,dark_ridge,648,BH03,optical,False,provisional_report_ticks,unknown,68.64520011429941,0.01420817188329009,,,
20053.010532262608,-6.915356381673496,-1.1950654135378989,7.0178583077878445,189.80463365031636,0.6648648648648648,1.0,7,0.07027027027027027,1.067215706486818,0.38277259168306305,0.4418918918918919,0.22162162162162163,,unclassified_planar_candidate,bright_ridge,649,BH03,optical,False,provisional_report_ticks,unknown,68.69646618665216,0.025063779670670867,,,
20057.92233000404,-17.48244732290628,2.3223890473112174,17.636027196771497,172.43306380521906,0.6162162162162163,1.0,7,0.05945945945945946,1.133279944031873,0.33174800722942127,0.4175675675675676,0.3945945945945946,,unclassified_planar_candidate,bright_ridge,650,BH03,optical,False,provisional_report_ticks,unknown,68.71400832144299,0.06298581141704104,,,
20075.883448455817,-5.610633958999778,-1.9045933057082667,5.925089795271483,198.7503636492753,0.5567567567567567,1.0,8,0.06486486486486487,1.103509223954737,0.21526880423037634,0.2986486486486486,0.24864864864864866,,unclassified_planar_candidate,dark_ridge,651,BH03,optical,False,provisional_report_ticks,unknown,68.77815517305648,0.021161034983112434,,,
20077.81213228386,2.902086798475112,-3.517815150158142,4.560387178361688,309.52155843176314,0.6,1.0,8,0.0918918918918919,1.301952774865716,0.31009407771638375,0.43918918918918914,0.1945945945945946,,unclassified_planar_candidate,bright_ridge,652,BH03,optical,False,provisional_report_ticks,unknown,68.7850433295852,0.01628709706557745,,,
20136.789124619456,-1.4146677428155574,-19.730943517380837,19.781592880974873,265.89902893149207,0.5135135135135135,1.0,6,0.20540540540540542,1.0243679429607364,0.23592274160012322,0.4067567567567567,0.2594594594594595,,unclassified_planar_candidate,bright_ridge,653,BH03,optical,False,provisional_report_ticks,unknown,68.99567544506947,0.07064854600348167,,,
20140.05132509054,2.225698589215927,-3.567944227696209,4.205230103334236,301.95608795967235,0.5783783783783784,1.0,7,0.1837837837837838,0.9055534603243475,0.19718303183154104,0.28243243243243243,0.15675675675675677,,unclassified_planar_candidate,bright_ridge,654,BH03,optical,False,provisional_report_ticks,unknown,69.00732616103762,0.015018678940479408,,,
20153.759553600943,2.4359918235694282,-2.054459706444943,3.186669240743844,319.8564833832719,0.745945945945946,1.0,7,0.12432432432432433,0.8197169311810669,0.49703213012940356,0.5472972972972974,0.24864864864864866,,unclassified_planar_candidate,bright_ridge,655,BH03,optical,False,provisional_report_ticks,unknown,69.05628412000335,0.011380961574085155,,,
20159.67841941553,-8.381637510323305,-6.435655712856987,10.567379609386967,217.5180622894078,0.6486486486486487,1.0,7,0.0972972972972973,1.0901469848597136,0.35761930703400596,0.4391891891891892,0.3891891891891892,,unclassified_planar_candidate,dark_ridge,656,BH03,optical,False,provisional_report_ticks,unknown,69.07742292648402,0.0377406414620963,,,
20160.48841942824,11.587999163350338,7.8056073052536545,13.971729671505864,33.96397347240538,0.5243243243243243,1.0,6,0.10810810810810811,1.281117477525392,0.19131002660874918,0.3135135135135135,0.1891891891891892,,unclassified_planar_candidate,dark_ridge,657,BH03,optical,False,provisional_report_ticks,unknown,69.08031578367226,0.04989903454109236,,,
20161.355295776757,10.58982423117196,-9.095475133466405,13.959657773406285,319.3411073481772,0.5945945945945946,1.0,6,0.13513513513513514,1.164678015128949,0.23472666173930712,0.3364864864864865,0.2864864864864865,,unclassified_planar_candidate,dark_ridge,658,BH03,optical,False,provisional_report_ticks,unknown,69.08341177063126,0.049855920619308144,,,
20175.105925651256,3.558991255056191,-1.3923505739961426,3.821656561554666,338.63354075995227,0.9243243243243243,1.0,8,0.021621621621621623,0.5220268261526148,0.7599064051233024,0.6797297297297298,0.8108108108108109,,unclassified_planar_candidate,bright_ridge,659,BH03,optical,False,provisional_report_ticks,unknown,69.1325211630402,0.013648773434123802,,,
20183.76267901927,4.51041721135888,-2.4779421155582,5.146266661238948,331.2163977534942,0.7513513513513513,1.0,8,0.04864864864864865,0.36665357696803397,0.5522125439692049,0.43648648648648647,0.34054054054054056,,unclassified_planar_candidate,bright_ridge,660,BH03,optical,False,provisional_report_ticks,unknown,69.16343813935453,0.018379523790139095,,,
20189.383902036214,5.240669012452626,-0.5093379227274591,5.26536198353062,354.4488871102291,0.7297297297297297,1.0,8,0.08108108108108109,0.8729540191467396,0.5012636304983726,0.5581081081081081,0.31351351351351353,,unclassified_planar_candidate,dark_ridge,661,BH03,optical,False,provisional_report_ticks,unknown,69.1835139358436,0.018804864226895066,,,
20210.48374087709,3.4245725587141806,-0.9825991201514149,3.562751498606172,343.99043494536267,0.518918918918919,1.0,7,0.11351351351351352,0.7479555289933733,0.22382274985748418,0.3121621621621622,0.24864864864864866,,unclassified_planar_candidate,bright_ridge,662,BH03,optical,False,provisional_report_ticks,unknown,69.25887050313246,0.012724112495022038,,,
20218.32290067952,-0.7517762351996912,-2.704269514010996,2.8068204631255433,254.46427958457193,0.654054054054054,1.0,7,0.10810810810810811,0.8577104000073672,0.4382879794493742,0.5337837837837838,0.20540540540540542,,unclassified_planar_candidate,dark_ridge,663,BH03,optical,False,provisional_report_ticks,unknown,69.28686750242684,0.010024358796876938,,,
20226.119903167397,0.41695170552713867,-1.6341719951274938,1.6865250767186841,284.31338158384665,0.8162162162162162,1.0,8,0.043243243243243246,0.8471105859735394,0.5888096772872412,0.5932432432432433,0.3567567567567568,near_horizontal_check_acquisition_artifact,unclassified_planar_candidate,bright_ridge,664,BH03,optical,False,provisional_report_ticks,unknown,69.31471393988355,0.0060233038454238705,,,
20248.978272334985,8.022087478869862,-2.886275694074402,8.52551903996732,340.2117201155201,0.6864864864864865,1.0,7,0.14054054054054055,0.9821811546977425,0.35861212815459415,0.4216216216216216,0.34054054054054056,,unclassified_planar_candidate,dark_ridge,665,BH03,optical,False,provisional_report_ticks,unknown,69.39635097262493,0.03044828228559756,,,
20258.4398593175,-1.173386490241212,0.058427123873853175,1.1748402377705494,177.14939191883687,0.772972972972973,1.0,8,0.032432432432432434,1.206205442254319,0.4921858781066181,0.49189189189189186,0.1837837837837838,near_horizontal_check_acquisition_artifact,unclassified_planar_candidate,dark_ridge,666,BH03,optical,False,provisional_report_ticks,unknown,69.43014235470534,0.004195857992037675,,,
20264.40243628891,3.014063831849946,4.118099511224825,5.103266048994127,53.799360276304974,0.6864864864864865,1.0,8,0.07567567567567568,0.9533573655053851,0.3644390346249733,0.39459459459459456,0.2702702702702703,,unclassified_planar_candidate,dark_ridge,667,BH03,optical,False,provisional_report_ticks,unknown,69.45143727246038,0.01822595017497902,,,
20267.54274918614,1.6930450730889042,-6.5483822109919005,6.76370543420881,284.49604933330716,0.6648648648648648,1.0,7,0.16756756756756758,1.1755428988767527,0.2577766450656926,0.34459459459459457,0.372972972972973,,unclassified_planar_candidate,dark_ridge,668,BH03,optical,False,provisional_report_ticks,unknown,69.46265267566477,0.024156090836460028,,,
20273.2937501142,5.883242072291412,5.5658046414962286,8.098809701955018,43.411818285180296,0.518918918918919,1.0,6,0.14054054054054055,1.2132739840264768,0.18260372596429222,0.3067567567567568,0.17297297297297298,,unclassified_planar_candidate,bright_ridge,669,BH03,optical,False,provisional_report_ticks,unknown,69.48319196469356,0.028924320364125056,,,
20275.62510095078,2.0904279381902504,-1.9296342186650222,2.8448861458078265,317.29048529447584,0.7783783783783784,1.0,8,0.05405405405405406,0.5376872160674206,0.6154870036565331,0.6162162162162163,0.22162162162162163,,unclassified_planar_candidate,bright_ridge,670,BH03,optical,False,provisional_report_ticks,unknown,69.49151821768135,0.010160307663599377,,,
20288.024620471628,2.989640621402147,-1.8250200063524178,3.5026631394874954,328.5981070458687,0.8216216216216217,1.0,8,0.032432432432432434,0.6840525879094386,0.6328873386002024,0.6554054054054055,0.34594594594594597,,unclassified_planar_candidate,dark_ridge,671,BH03,optical,False,provisional_report_ticks,unknown,69.5358022159701,0.012509511212455337,,,
20293.029374832156,2.0184042496354038,-0.17985108212055184,2.026401274843211,354.9080741960704,0.5081081081081081,1.0,7,0.14594594594594595,0.6649194262432531,0.1710228745429268,0.245945945945946,0.23243243243243245,,unclassified_planar_candidate,bright_ridge,672,BH03,optical,False,provisional_report_ticks,unknown,69.55367633868626,0.007237147410154324,,,
20303.440625506817,2.8366429179832324,-2.166876184166185,3.5695791687047698,322.6242412634592,0.8648648648648649,1.0,8,0.08648648648648649,0.7809854682359336,0.6089813660181365,0.727027027027027,0.745945945945946,,unclassified_planar_candidate,bright_ridge,673,BH03,optical,False,provisional_report_ticks,unknown,69.59085937681004,0.01274849703108846,,,
20310.51332735222,0.19238015033143896,1.9359076993623079,1.9454430710488064,84.32488421059514,0.5783783783783784,1.0,8,0.07027027027027027,0.9089803782510745,0.25655268085608757,0.32297297297297295,0.1837837837837838,near_horizontal_check_acquisition_artifact,unclassified_planar_candidate,dark_ridge,674,BH03,optical,False,provisional_report_ticks,unknown,69.6161190262579,0.006948010968031449,,,
20316.656256240873,2.09627530402054,-3.9623057621763875,4.482659601533738,297.881275722511,0.7189189189189189,1.0,8,0.07567567567567568,1.1628284169743706,0.45099075537156685,0.5378378378378378,0.4486486486486487,,unclassified_planar_candidate,dark_ridge,675,BH03,optical,False,provisional_report_ticks,unknown,69.63805805800311,0.016009498576906204,,,
20332.561264068925,7.7881092328442385,-0.008877202907255856,7.788114292140629,359.93469197401,0.6378378378378379,1.0,8,0.11891891891891893,1.230378848270624,0.28724581458041654,0.3851351351351352,0.15675675675675677,,unclassified_planar_candidate,bright_ridge,676,BH03,optical,False,provisional_report_ticks,unknown,69.69486165738901,0.02781469390050224,,,
20340.918067367977,3.3630891354580172,3.784183299373187,5.062648691771008,48.37178416723882,0.5027027027027027,1.0,7,0.1891891891891892,1.2538377293094602,0.17552249771944403,0.327027027027027,0.17297297297297298,,unclassified_planar_candidate,dark_ridge,677,BH03,optical,False,provisional_report_ticks,unknown,69.72470738345704,0.018080888184896452,,,
20355.851631321802,1.2345808696541043,-5.221709621578142,5.3656724924092805,283.30229680792974,0.572972972972973,1.0,7,0.12432432432432433,1.0931938656956208,0.2967086663860279,0.4256756756756757,0.21621621621621623,,unclassified_planar_candidate,bright_ridge,678,BH03,optical,False,provisional_report_ticks,unknown,69.778041540435,0.019163116044318855,,,
20367.00033947097,5.051534566192617,-4.803126571424681,6.970511196071967,316.44395795569676,0.6864864864864865,1.0,7,0.20540540540540542,1.0846323983182677,0.3799802088118594,0.5324324324324323,0.3621621621621622,,unclassified_planar_candidate,dark_ridge,679,BH03,optical,False,provisional_report_ticks,unknown,69.81785835525345,0.02489468284311416,,,
20376.960737165246,1.4296388281667478,-2.8160648614811348,3.1581780322000146,296.9156545485991,0.9243243243243243,1.0,8,0.021621621621621623,0.9001733665169295,0.6699120450715812,0.7324324324324324,0.4756756756756757,,unclassified_planar_candidate,bright_ridge,680,BH03,optical,False,provisional_report_ticks,unknown,69.85343120416158,0.011279207257857192,,,
20381.850619262794,-1.0063256519374126,-9.945709498653653,9.996490821751237,264.2223680829584,0.8810810810810811,1.0,8,0.016216216216216217,0.8909126820024227,0.6440843029302645,0.6675675675675675,0.3675675675675676,,unclassified_planar_candidate,bright_ridge,681,BH03,optical,False,provisional_report_ticks,unknown,69.87089506879568,0.03570175293482584,,,
20398.707332059592,-4.855796101513341,-1.5370372398776997,5.093254289375607,197.5644859968328,0.572972972972973,1.0,7,0.14594594594594595,1.3064085837394792,0.2609730118285529,0.41216216216216217,0.2648648648648649,,unclassified_planar_candidate,dark_ridge,682,BH03,optical,False,provisional_report_ticks,unknown,69.93109761449853,0.018190193890627163,,,
20399.993432372547,-1.0654829131304278,-11.822181137809633,11.870097754161705,264.85008860649964,0.5837837837837838,1.0,6,0.08108108108108109,1.246885594445902,0.260250290095801,0.3675675675675676,0.2972972972972973,,unclassified_planar_candidate,dark_ridge,683,BH03,optical,False,provisional_report_ticks,unknown,69.93569082990194,0.04239320626486322,,,
20412.959441995423,-0.8542146406397393,-7.3840601771035885,7.433305277692445,263.40115061537745,0.5081081081081081,1.0,6,0.13513513513513514,0.9750042714750312,0.25658278735542844,0.4040540540540541,0.33513513513513515,,unclassified_planar_candidate,bright_ridge,684,BH03,optical,False,provisional_report_ticks,unknown,69.98199800712649,0.02654751884890158,,,
20426.952007069456,-4.411021690883409,-0.6318284949335785,4.456043043379851,188.15151900057802,0.6162162162162163,1.0,8,0.08648648648648649,1.2744720014833857,0.34222056065260614,0.4648648648648649,0.3081081081081081,,unclassified_planar_candidate,dark_ridge,685,BH03,optical,False,provisional_report_ticks,unknown,70.03197145381948,0.01591443944064232,,,
20460.10558332044,-0.8530252064524606,-3.3085050725148637,3.4167027698791483,255.5424125076413,0.6108108108108108,1.0,7,0.11891891891891893,1.2338872519461839,0.32681131938860775,0.4581081081081081,0.16756756756756758,,unclassified_planar_candidate,dark_ridge,686,BH03,optical,False,provisional_report_ticks,unknown,70.15037708328728,0.012202509892425526,,,
20480.199873997266,2.505945407502745,-2.5091841513546105,3.5462328590764107,314.96299869711015,0.6324324324324324,1.0,7,0.16756756756756758,1.1355309006614511,0.26798418239227056,0.3716216216216216,0.23783783783783785,,unclassified_planar_candidate,bright_ridge,687,BH03,optical,False,provisional_report_ticks,unknown,70.22214240713308,0.01266511735384432,,,
20489.722673309017,9.55383001354103,-2.0453703959601053,9.770322818838045,347.91601667055403,0.6108108108108108,1.0,7,0.1837837837837838,1.098587146694225,0.31765255170775725,0.45945945945945943,0.22702702702702704,,unclassified_planar_candidate,dark_ridge,688,BH03,optical,False,provisional_report_ticks,unknown,70.25615240467505,0.03489401006727872,,,
20516.296992290398,5.01568554348384,0.29517853291639295,5.0243638241480335,3.3680339976109086,0.7027027027027027,1.0,8,0.05945945945945946,1.0265070764104787,0.39074732769300374,0.41621621621621624,0.25405405405405407,,unclassified_planar_candidate,dark_ridge,689,BH03,optical,False,provisional_report_ticks,unknown,70.35106068675141,0.0179441565148144,,,
20520.85620057545,0.04828356768692254,-4.8214121192951795,4.82165387880497,270.57376389007015,0.654054054054054,1.0,7,0.10270270270270271,0.978214426815586,0.26674307657203106,0.3148648648648648,0.24324324324324326,,unclassified_planar_candidate,dark_ridge,690,BH03,optical,False,provisional_report_ticks,unknown,70.36734357348374,0.01722019242430346,,,
20532.83251830946,3.6734423093828306,-4.005273244848748,5.434739383472319,312.52553795691585,0.6162162162162163,1.0,7,0.10270270270270271,0.5865569080142257,0.31339721258161346,0.3445945945945946,0.1891891891891892,,unclassified_planar_candidate,dark_ridge,691,BH03,optical,False,provisional_report_ticks,unknown,70.41011613681948,0.019409783512401135,,,
20539.116552150073,2.4396533667561004,-2.546988545530928,3.5269050456441446,313.76692504597776,0.8594594594594595,1.0,8,0.032432432432432434,0.7433091164079195,0.6490851639360458,0.7189189189189189,0.2918918918918919,,unclassified_planar_candidate,bright_ridge,692,BH03,optical,False,provisional_report_ticks,unknown,70.43255911482167,0.012596089448729085,,,
20556.03705002219,6.391785198717429,-2.7629639246164706,6.963396274468031,336.6227186001808,0.6810810810810811,1.0,8,0.07027027027027027,1.1363750264757608,0.43355919451171376,0.5054054054054055,0.3081081081081081,,unclassified_planar_candidate,dark_ridge,693,BH03,optical,False,provisional_report_ticks,unknown,70.49298946436495,0.02486927240881439,,,
20599.858289805346,-5.488886576781583,-0.19979839559718776,5.492521757048966,182.08467649240836,0.7189189189189189,1.0,8,0.07027027027027027,0.8491635729089392,0.5036253858001669,0.595945945945946,0.4594594594594595,,unclassified_planar_candidate,bright_ridge,694,BH03,optical,False,provisional_report_ticks,unknown,70.64949389216194,0.01961614913231773,,,
20614.99862248649,-6.35952451212997,-11.729241537570175,13.342363323903434,241.53371599327028,0.6432432432432432,1.0,8,0.08108108108108109,1.1381680597625459,0.31483027378442857,0.38918918918918916,0.17297297297297298,,unclassified_planar_candidate,dark_ridge,695,BH03,optical,False,provisional_report_ticks,unknown,70.70356650888031,0.047651297585369394,,,
20617.20412042632,3.9604797100706244,15.812195891055202,16.3006422705053,75.93841777144122,0.6864864864864865,1.0,7,0.12432432432432433,1.2461220659410586,0.39680819524478406,0.5783783783783784,0.32972972972972975,,unclassified_planar_candidate,bright_ridge,696,BH03,optical,False,provisional_report_ticks,unknown,70.71144328723685,0.05821657953751891,,,
20623.020941755873,3.791615592669529,-0.31073540146969925,3.804327179975618,355.31489213436174,0.5027027027027027,1.0,6,0.1837837837837838,1.0647995357635565,0.19829390915044695,0.34459459459459457,0.20540540540540542,,unclassified_planar_candidate,bright_ridge,697,BH03,optical,False,provisional_report_ticks,unknown,70.7322176491281,0.013586882785627204,,,
20632.900384875204,2.3004234728697384,-3.9081944042426984,4.534967657644761,300.48172277502067,0.6756756756756757,1.0,6,0.12432432432432433,0.6222621778878507,0.45874661779726217,0.477027027027027,0.25405405405405407,,unclassified_planar_candidate,dark_ridge,698,BH03,optical,False,provisional_report_ticks,unknown,70.76750137455429,0.016196313063016998,,,
20643.611364254182,-2.6571652861481905,-10.077628187231792,10.42204956992624,255.22901512573856,0.518918918918919,1.0,6,0.2,1.2673005924141647,0.19267639298969624,0.3540540540540541,0.2756756756756757,,unclassified_planar_candidate,bright_ridge,699,BH03,optical,False,provisional_report_ticks,unknown,70.80575487233635,0.03722160560687942,,,
20655.6043190556,11.185499392799802,12.668326849147462,16.899760407270726,48.55710534414244,0.5837837837837838,1.0,7,0.1837837837837838,1.2114951058496848,0.30614251108229984,0.4810810810810811,0.24864864864864866,,unclassified_planar_candidate,bright_ridge,700,BH03,optical,False,provisional_report_ticks,unknown,70.84858685376999,0.060356287168824005,,,
20660.357875810092,-1.578023427459353,-2.7999763861916187,3.2140357342197117,240.59506402064147,0.7081081081081081,1.0,7,0.16216216216216217,1.0694747235365716,0.4153719959187315,0.6283783783783784,0.5513513513513514,,unclassified_planar_candidate,dark_ridge,701,BH03,optical,False,provisional_report_ticks,unknown,70.86556384217889,0.011478699050784682,,,
20671.66946886422,-0.7341052210379456,-0.7294548493471695,1.03489847462989,224.81794681355856,0.9243243243243243,1.0,8,0.016216216216216217,0.8383142182039184,0.6876471202031872,0.8702702702702703,0.7135135135135136,near_horizontal_check_acquisition_artifact,unclassified_planar_candidate,bright_ridge,702,BH03,optical,False,provisional_report_ticks,unknown,70.90596238880077,0.0036960659808210343,,,
20680.12964535619,1.1811751516380968,-3.4652220335952526,3.661002387456378,288.8224800199182,0.745945945945946,1.0,8,0.03783783783783784,0.8633327999138448,0.43204614404894914,0.40135135135135136,0.35135135135135137,,unclassified_planar_candidate,dark_ridge,703,BH03,optical,False,provisional_report_ticks,unknown,70.93617730484353,0.013075008526629918,,,
20683.15754880015,11.426647915197284,-0.8957254229058782,11.461701732776087,355.5177973576584,0.5675675675675675,1.0,6,0.16216216216216217,1.1162968953539627,0.24538898155584282,0.3743243243243243,0.2648648648648649,,unclassified_planar_candidate,bright_ridge,704,BH03,optical,False,provisional_report_ticks,unknown,70.94699124571481,0.04093464904562887,,,
20696.231283451263,1.5509678694241227,-3.738538406145499,4.047489437442787,292.53157838712565,0.8378378378378378,1.0,8,0.032432432432432434,0.3875587665537783,0.6277002049268308,0.4405405405405405,0.6270270270270271,,unclassified_planar_candidate,dark_ridge,705,BH03,optical,False,provisional_report_ticks,unknown,70.99368315518306,0.014455319419438523,,,
20700.606908377686,3.0080646872192163,-16.561821446530818,16.832777037353743,280.29421172514685,0.6270270270270271,1.0,8,0.08648648648648649,1.2398286926441395,0.19968734271164337,0.2635135135135135,0.31351351351351353,,unclassified_planar_candidate,dark_ridge,706,BH03,optical,False,provisional_report_ticks,unknown,71.00931038706315,0.060117060847691924,,,
20707.42906483272,1.8492654239886928,-3.43154911329017,3.898116458660853,298.3202741790827,0.8540540540540541,1.0,8,0.05405405405405406,0.5439813121479266,0.6739106475521418,0.5972972972972973,0.40540540540540543,,unclassified_planar_candidate,dark_ridge,707,BH03,optical,False,provisional_report_ticks,unknown,71.03367523154542,0.01392184449521733,,,
20718.760023243776,0.23838705227366655,-4.4916769489743045,4.497998466055635,273.03801219682333,0.9297297297297298,1.0,8,0.016216216216216217,1.0660672507215188,0.6411023025032564,0.8108108108108109,0.5567567567567567,,unclassified_planar_candidate,bright_ridge,708,BH03,optical,False,provisional_report_ticks,unknown,71.07414294015634,0.016064280235912977,,,
20724.247357221364,-12.582407674690959,-14.3237411218417,19.06532303995033,228.70294943620277,0.5405405405405406,1.0,6,0.10810810810810811,1.2498302801306882,0.20358962606201753,0.3202702702702703,0.2702702702702703,,unclassified_planar_candidate,dark_ridge,709,BH03,optical,False,provisional_report_ticks,unknown,71.09374056150486,0.06809043942839402,,,
20741.468184246252,2.225385359633568,-3.1378566308231823,3.8468798050462194,305.3444777242925,0.7297297297297297,1.0,6,0.22162162162162163,0.36285424822826723,0.501936656352895,0.4986486486486486,0.44324324324324327,,unclassified_planar_candidate,bright_ridge,710,BH03,optical,False,provisional_report_ticks,unknown,71.15524351516517,0.013738856446593638,,,
20758.350908591838,-1.674606967444906,-2.1208752206943697,2.702299057685958,231.70597940727447,0.7189189189189189,1.0,8,0.05405405405405406,1.0043928295539029,0.4865701678432002,0.5621621621621622,0.3027027027027027,,unclassified_planar_candidate,dark_ridge,711,BH03,optical,False,provisional_report_ticks,unknown,71.21553895925655,0.009651068063164132,,,
20761.211007092843,-0.4720264013898031,5.7443848318889525,5.763745832394492,94.69754298290715,0.5405405405405406,1.0,7,0.16216216216216217,1.0224419382194672,0.17932469756239294,0.2783783783783784,0.31351351351351353,,unclassified_planar_candidate,bright_ridge,712,BH03,optical,False,provisional_report_ticks,unknown,71.22575359676014,0.02058480654426604,,,
20774.187680700892,1.9274223684477003,-3.148061127192577,3.6912390666188966,301.4773424595478,0.7567567567567568,1.0,8,0.032432432432432434,0.4764467224072782,0.5166359043236679,0.41351351351351356,0.1783783783783784,,unclassified_planar_candidate,dark_ridge,713,BH03,optical,False,provisional_report_ticks,unknown,71.27209885964604,0.013182996666496055,,,
20782.249558302166,-0.802336698447953,1.5477051548134533,1.7433116255886372,117.40240861488506,0.7567567567567568,1.0,7,0.12432432432432433,0.9942318937028197,0.3741631817012325,0.3932432432432433,0.3621621621621622,near_horizontal_check_acquisition_artifact,unclassified_planar_candidate,bright_ridge,714,BH03,optical,False,provisional_report_ticks,unknown,71.30089127965059,0.006226112948530846,,,
20787.63519353638,-0.274881917969127,-3.385337647541884,3.3964792148180156,265.35789367360724,0.8378378378378378,1.0,8,0.032432432432432434,0.951665527039246,0.5903010784746165,0.5459459459459459,0.34054054054054056,,unclassified_planar_candidate,bright_ridge,715,BH03,optical,False,provisional_report_ticks,unknown,71.32012569120134,0.012130282910064339,,,
20799.870607332778,-0.6927545756993971,-6.322907352088881,6.360744161279565,263.74746060398724,0.8216216216216217,1.0,8,0.02702702702702703,1.2193263417937261,0.5324233196891434,0.5743243243243243,0.6,,unclassified_planar_candidate,dark_ridge,716,BH03,optical,False,provisional_report_ticks,unknown,71.36382359761706,0.022716943433141297,,,
20825.445425496036,0.6218704014239131,-5.421312575331129,5.456862911564718,276.5437097117832,0.8054054054054054,1.0,8,0.032432432432432434,0.8811070589992271,0.5809550502104758,0.645945945945946,0.32972972972972975,,unclassified_planar_candidate,dark_ridge,717,BH03,optical,False,provisional_report_ticks,unknown,71.45516223391441,0.01948879611273113,,,
20826.034267236686,-2.1919447529137477,3.582847059222196,4.2001684310993115,121.45781682901043,0.5027027027027027,1.0,7,0.08648648648648649,1.2226192171068087,0.17505240161482366,0.28648648648648645,0.1891891891891892,,unclassified_planar_candidate,dark_ridge,718,BH03,optical,False,provisional_report_ticks,unknown,71.45726524013101,0.015000601539640394,,,
20853.013962048746,-4.038013438260252,-0.3240279192394871,4.050993288073562,184.58783437514913,0.6864864864864865,1.0,6,0.17297297297297298,0.7694006280395342,0.39419027489964414,0.4486486486486486,0.4540540540540541,,unclassified_planar_candidate,bright_ridge,719,BH03,optical,False,provisional_report_ticks,unknown,71.55362129303123,0.01446783317169129,,,
20854.953870247908,5.567294194875941,-0.4851455398941122,5.58839251012118,355.01970809766385,0.6810810810810811,1.0,8,0.10810810810810811,1.1239548330324445,0.380390867736348,0.4554054054054054,0.3945945945945946,,unclassified_planar_candidate,dark_ridge,720,BH03,optical,False,provisional_report_ticks,unknown,71.56054953659965,0.01995854467900421,,,
20866.802685053117,4.75589626921316,-10.571078123754056,11.591645354393275,294.2228371704178,0.6054054054054054,1.0,6,0.12432432432432433,1.3081248174600557,0.2658883382554115,0.3878378378378379,0.31891891891891894,,unclassified_planar_candidate,bright_ridge,721,BH03,optical,False,provisional_report_ticks,unknown,71.60286673233254,0.0413987334085474,,,
20868.62652088377,2.3562856653546373,-2.625733330563332,3.5279679221879205,311.90422944801213,0.8432432432432433,1.0,8,0.03783783783783784,0.39582177403827673,0.6034315276083776,0.4243243243243244,0.5081081081081081,,unclassified_planar_candidate,dark_ridge,722,BH03,optical,False,provisional_report_ticks,unknown,71.60938043172773,0.012599885436385428,,,
20886.491576918495,3.8225062188266854,-3.962800762428122,5.5059371296510085,313.9676174208959,0.9351351351351351,1.0,8,0.016216216216216217,0.5160285713881603,0.7745888609628845,0.7148648648648648,0.772972972972973,,unclassified_planar_candidate,dark_ridge,723,BH03,optical,False,provisional_report_ticks,unknown,71.67318420328033,0.019664061177325026,,,
20892.371761275856,3.437643697062875,-3.290120287056517,4.758391082210139,316.25615501445753,0.5243243243243243,1.0,7,0.16216216216216217,1.328585690684653,0.27601605478624053,0.4891891891891892,0.1783783783783784,,unclassified_planar_candidate,bright_ridge,724,BH03,optical,False,provisional_report_ticks,unknown,71.69418486169947,0.016994253865036207,,,
20904.140782857176,1.483619753422251,-5.55429582910651,5.749028590116305,284.95524287106866,0.5351351351351351,1.0,6,0.08108108108108109,1.1767663388489398,0.14275182974885098,0.21486486486486478,0.1783783783783784,,unclassified_planar_candidate,dark_ridge,725,BH03,optical,False,provisional_report_ticks,unknown,71.73621708163276,0.020532244964701084,,,
20915.01876114698,-4.795514504216297,-3.230529302465976,5.782151756417345,213.96643292222362,0.7351351351351352,1.0,8,0.05945945945945946,1.104800096973956,0.41506088996554236,0.4337837837837838,0.32972972972972975,,unclassified_planar_candidate,dark_ridge,726,BH03,optical,False,provisional_report_ticks,unknown,71.77506700409634,0.020650541987204795,,,
20924.66227871668,0.012196611588965471,-3.196976511091118,3.196999776321949,270.2185849585376,0.8864864864864865,1.0,8,0.021621621621621623,0.902485196561337,0.6419938274383508,0.7324324324324325,0.4540540540540541,,unclassified_planar_candidate,bright_ridge,727,BH03,optical,False,provisional_report_ticks,unknown,71.80950813827386,0.011417856344006957,,,
20941.89043085175,4.133414528030976,-4.253426319172693,5.930999166512208,314.18018000111215,0.8324324324324325,1.0,8,0.043243243243243246,0.6944946632925955,0.6318472947467924,0.668918918918919,0.3621621621621622,,unclassified_planar_candidate,dark_ridge,728,BH03,optical,False,provisional_report_ticks,unknown,71.87103725304195,0.021182139880400738,,,
20948.97918734081,2.1918175279145053,-3.1791535693973407,3.861486953685731,304.58371188114495,0.5945945945945946,1.0,6,0.11891891891891893,1.0114439353638207,0.35070590377996563,0.46891891891891896,0.15135135135135136,,unclassified_planar_candidate,bright_ridge,729,BH03,optical,False,provisional_report_ticks,unknown,71.89635424050289,0.013791024834591893,,,
20981.6016532846,4.145405260462528,-2.529553131939198,4.856235560675966,328.60818780294653,0.6486486486486487,1.0,7,0.16216216216216217,0.9749054258756273,0.39267881505477586,0.5554054054054054,0.25405405405405407,,unclassified_planar_candidate,bright_ridge,730,BH03,optical,False,provisional_report_ticks,unknown,72.012863047445,0.01734369843098559,,,
20990.908567434362,5.002649300403587,-5.047501852997226,7.106600803396722,314.7442978853288,0.7351351351351352,1.0,8,0.04864864864864865,0.7085271396148993,0.5522532881584757,0.5094594594594595,0.4810810810810811,,unclassified_planar_candidate,dark_ridge,731,BH03,optical,False,provisional_report_ticks,unknown,72.04610202655128,0.025380717154988287,,,
21004.236633882385,1.6092801712966456,-2.5134100924762306,2.9844619218026445,302.6305250403896,0.8162162162162162,1.0,8,0.04864864864864865,1.1867480254722373,0.5228134903855735,0.5581081081081081,0.42162162162162165,,unclassified_planar_candidate,dark_ridge,732,BH03,optical,False,provisional_report_ticks,unknown,72.09370226386565,0.010658792577866585,,,
21028.955546696972,-1.8984667767507004,-1.0124597418853516,2.1515693879967586,208.07117411097474,0.9513513513513514,1.0,8,0.02702702702702703,0.8054416970043833,0.7076884178793954,0.7540540540540541,0.9513513513513514,,unclassified_planar_candidate,bright_ridge,733,BH03,optical,False,provisional_report_ticks,unknown,72.18198409534632,0.007684176385702707,,,
21034.793240381212,7.05371136990143,-4.0444855831126425,8.130972126497712,330.1707284829271,0.745945945945946,1.0,8,0.05945945945945946,1.0985486049163242,0.48646732934581227,0.5567567567567568,0.24864864864864866,,unclassified_planar_candidate,dark_ridge,734,BH03,optical,False,provisional_report_ticks,unknown,72.20283300136145,0.029039186166063248,,,
21050.043570947644,1.149216306176579,-1.9396508488110997,2.2545384302947156,300.64615500828586,0.6918918918918919,1.0,7,0.06486486486486487,0.7938066181145913,0.3825079570652057,0.3851351351351352,0.2810810810810811,,unclassified_planar_candidate,dark_ridge,735,BH03,optical,False,provisional_report_ticks,unknown,72.25729846767014,0.008051922965338267,,,
21067.41172857482,2.263294246551493,-4.659483602572907,5.180085741483329,295.90766705580234,0.5945945945945946,1.0,8,0.07567567567567568,0.8977798862565204,0.27090172570299786,0.3324324324324325,0.16756756756756758,,unclassified_planar_candidate,dark_ridge,736,BH03,optical,False,provisional_report_ticks,unknown,72.31932760205292,0.018500306219583314,,,
21074.725560132294,1.9639525403466238,-6.134153755770153,6.44088129685395,287.75334178381723,0.6216216216216216,1.0,8,0.06486486486486487,1.1639996825027048,0.2675261693809219,0.33918918918918917,0.1945945945945946,,unclassified_planar_candidate,bright_ridge,737,BH03,optical,False,provisional_report_ticks,unknown,72.3454484290439,0.023003147488764104,,,
21089.186163505554,1.2016973416057954,-1.978363999230996,2.314735538733463,301.27532155411853,0.7081081081081081,1.0,8,0.10810810810810811,1.0030114689415142,0.45207553089112423,0.504054054054054,0.5783783783783784,,unclassified_planar_candidate,bright_ridge,738,BH03,optical,False,provisional_report_ticks,unknown,72.39709344109126,0.008266912638333793,,,
21100.621028207464,-2.4945460619291118,0.2976434823983079,2.512240374187994,173.19576802414824,0.5567567567567567,1.0,8,0.07027027027027027,1.2845304911807665,0.23340256332113227,0.3459459459459459,0.23243243243243245,,unclassified_planar_candidate,dark_ridge,739,BH03,optical,False,provisional_report_ticks,unknown,72.43793224359807,0.008972287050671405,,,
21131.120919824138,8.1390940731646,-3.1309488080580574,8.720532826066496,338.95925106429075,0.6594594594594595,1.0,7,0.08108108108108109,1.1962795442267458,0.4067111639137755,0.5175675675675676,0.4594594594594595,,unclassified_planar_candidate,dark_ridge,740,BH03,optical,False,provisional_report_ticks,unknown,72.54686042794333,0.03114476009309462,,,
21147.78727618756,-2.305863595545629,-4.794640673029721,5.320299437506645,244.31592544519833,0.9027027027027027,1.0,8,0.02702702702702703,0.7959261905799698,0.6736330739057595,0.7445945945945945,0.4756756756756757,,unclassified_planar_candidate,bright_ridge,741,BH03,optical,False,provisional_report_ticks,unknown,72.60638312924127,0.01900106941966658,,,
21177.54677299034,-3.5929637419597884,-3.5941345953833883,5.082046038828199,225.00933408113517,0.745945945945946,1.0,7,0.13513513513513514,0.7476936645105454,0.5028238488708306,0.6945945945945946,0.372972972972973,,unclassified_planar_candidate,bright_ridge,742,BH03,optical,False,provisional_report_ticks,unknown,72.71266704639406,0.01815016442438642,,,
21188.40802883169,6.879973506394244,-1.4014735958557185,7.021265105988198,348.48618871606664,0.5243243243243243,1.0,6,0.24864864864864866,1.0660962667070333,0.22314096147021747,0.40405405405405403,0.21621621621621623,,unclassified_planar_candidate,dark_ridge,743,BH03,optical,False,provisional_report_ticks,unknown,72.75145724582745,0.0250759468071007,,,
21237.41962146115,2.4627582478500125,-1.1644743722566926,2.7241840523349157,334.6936512689936,0.7513513513513513,1.0,8,0.043243243243243246,0.8866716894616016,0.5349161815968021,0.5756756756756757,0.3081081081081081,,unclassified_planar_candidate,dark_ridge,744,BH03,optical,False,provisional_report_ticks,unknown,72.92649864807552,0.009729228758338981,,,
21248.39837447107,4.995088037818623,-1.1565919671342269,5.127241898330731,346.9631425769825,0.5945945945945946,1.0,7,0.1837837837837838,0.954294428939152,0.28723851908675385,0.4067567567567568,0.1837837837837838,,unclassified_planar_candidate,bright_ridge,745,BH03,optical,False,provisional_report_ticks,unknown,72.96570848025381,0.018311578208324034,,,
21260.07574279769,7.602412080869813,-2.2828738657664487,7.937769367672176,343.28588962825614,0.5945945945945946,1.0,8,0.14054054054054055,1.139485838549314,0.25034160479380174,0.3581081081081081,0.1945945945945946,,unclassified_planar_candidate,dark_ridge,746,BH03,optical,False,provisional_report_ticks,unknown,73.00741336713459,0.028349176313114906,,,
21262.20463319202,-6.645894507736566,-3.998568035894199,7.7560595759469155,211.03363446917177,0.9297297297297298,1.0,8,0.03783783783783784,0.8850689924400514,0.6660059859753732,0.8081081081081082,0.43243243243243246,,unclassified_planar_candidate,bright_ridge,747,BH03,optical,False,provisional_report_ticks,unknown,73.01501654711434,0.027700212771238977,,,
21262.796737496017,-1.4781151994169572,5.440235313918141,5.637462621920384,105.2003528691162,0.5783783783783784,1.0,7,0.06486486486486487,1.2211191341560286,0.28216789433051054,0.3918918918918919,0.21081081081081082,,unclassified_planar_candidate,dark_ridge,748,BH03,optical,False,provisional_report_ticks,unknown,73.0171312053429,0.02013379507828708,,,
21278.015585789046,4.809900426429829,-20.045378424269757,20.614372129277896,283.4930565763998,0.5297297297297298,1.0,6,0.14054054054054055,1.0943326622458907,0.28963886601987915,0.45810810810810815,0.24864864864864866,,unclassified_planar_candidate,bright_ridge,749,BH03,optical,False,provisional_report_ticks,unknown,73.07148423496086,0.0736227576045639,,,
21301.06656245277,2.7297826307303303,-3.2283462647841112,4.22775742165779,310.21675356910964,0.7297297297297297,1.0,8,0.07567567567567568,1.079760423110838,0.4121149572509198,0.4378378378378378,0.24324324324324326,,unclassified_planar_candidate,dark_ridge,750,BH03,optical,False,provisional_report_ticks,unknown,73.15380915161701,0.015099133648777817,,,
21310.572888083745,0.497630922800386,-3.774758912465916,3.8074192548979986,277.51006311114133,0.6972972972972973,1.0,7,0.16216216216216217,1.1321425280664208,0.3161292358054242,0.39459459459459456,0.35135135135135137,,unclassified_planar_candidate,dark_ridge,751,BH03,optical,False,provisional_report_ticks,unknown,73.18776031458479,0.013597925910349992,,,
21324.25170764337,2.1427201136727994,-3.5564805445785517,4.152084217535059,301.0682612381221,0.6,1.0,7,0.0972972972972973,1.028690186602252,0.26803765998497275,0.34864864864864864,0.31891891891891894,,unclassified_planar_candidate,bright_ridge,752,BH03,optical,False,provisional_report_ticks,unknown,73.23661324158344,0.014828872205482348,,,
21333.99591987326,5.6797300435456375,-2.021958699807375,6.028901255724931,340.40449608157115,0.7891891891891892,1.0,8,0.04864864864864865,1.3537052698245224,0.47813788614426933,0.6932432432432433,0.25405405405405407,,unclassified_planar_candidate,dark_ridge,753,BH03,optical,False,provisional_report_ticks,unknown,73.27141399954735,0.021531790199017607,,,
21337.417297136337,5.226133931376299,9.069694197328273,10.467656313699491,60.04861845310355,0.6972972972972973,1.0,8,0.08108108108108109,1.1501303678584751,0.3906816565299912,0.4472972972972973,0.16756756756756758,,unclassified_planar_candidate,bright_ridge,754,BH03,optical,False,provisional_report_ticks,unknown,73.28363320405833,0.03738448683464103,,,
21339.91948825253,4.115420576212569,-1.5832582918144558,4.4094663325297105,338.95758665941514,0.6702702702702703,1.0,8,0.08648648648648649,1.2400961147660743,0.2221963634963127,0.27432432432432435,0.21081081081081082,,unclassified_planar_candidate,bright_ridge,755,BH03,optical,False,provisional_report_ticks,unknown,73.29256960090188,0.015748094044748962,,,
21348.269911823918,3.4720767698645667,-1.9446159219905452,3.979553766428128,330.7479963612951,0.7513513513513513,1.0,8,0.03783783783783784,0.942815099634159,0.49229140303974417,0.4662162162162162,0.1945945945945946,,unclassified_planar_candidate,bright_ridge,756,BH03,optical,False,provisional_report_ticks,unknown,73.32239254222827,0.014212692022957597,,,
21360.960978598534,6.5224334943335665,-0.5596065227784593,6.546395813601602,355.0961916606495,0.7405405405405405,1.0,7,0.08108108108108109,0.9503950837243766,0.4957266324139818,0.5689189189189189,0.35135135135135137,,unclassified_planar_candidate,dark_ridge,757,BH03,optical,False,provisional_report_ticks,unknown,73.36771778070904,0.02337998504857714,,,
21367.985256042415,6.9029796213803705,-2.6374275175315414,7.389665186151891,339.0895990801949,0.7297297297297297,1.0,7,0.05405405405405406,1.1009093001363848,0.47825048119384234,0.5716216216216217,0.2648648648648649,,unclassified_planar_candidate,bright_ridge,758,BH03,optical,False,provisional_report_ticks,unknown,73.39280448586575,0.02639166137911389,,,
21376.80295543901,-8.886240939439604,-7.594779667175624,11.68956612653852,220.51942899603802,0.5459459459459459,1.0,8,0.11351351351351352,1.0342445068240367,0.21960699006952208,0.3202702702702702,0.16216216216216217,,unclassified_planar_candidate,dark_ridge,759,BH03,optical,False,provisional_report_ticks,unknown,73.42429626942501,0.04174845045192327,,,
21397.995967018687,-17.794334858952976,-4.223768100463642,18.288755289495324,193.3529444759046,0.8918918918918919,1.0,8,0.016216216216216217,0.8447960913861409,0.662087083047172,0.7905405405405406,0.4810810810810811,,unclassified_planar_candidate,bright_ridge,760,BH03,optical,False,provisional_report_ticks,unknown,73.49998559649529,0.065316983176769,,,
21402.784990552344,6.057063553199878,-4.353207379967631,7.4591174665979745,324.29522376783063,0.6324324324324324,1.0,7,0.13513513513513514,0.9135469421359881,0.36958207241505664,0.4581081081081081,0.5297297297297298,,unclassified_planar_candidate,bright_ridge,761,BH03,optical,False,provisional_report_ticks,unknown,73.51708925197264,0.026639705237849903,,,
21422.387572308864,3.5761031059664696,-8.987345656726095,9.6726881154091,291.69781994076624,0.6378378378378379,1.0,7,0.08648648648648649,1.1505031242337533,0.3316115315246164,0.4175675675675676,0.2810810810810811,,unclassified_planar_candidate,dark_ridge,762,BH03,optical,False,provisional_report_ticks,unknown,73.58709847253165,0.034545314697889636,,,
21434.183122042607,-2.9216679884225916,0.20762696247266424,2.92903615377464,175.935135913914,0.6162162162162163,1.0,7,0.1837837837837838,1.0187638772133287,0.29425850529892916,0.41081081081081083,0.21621621621621623,,unclassified_planar_candidate,dark_ridge,763,BH03,optical,False,provisional_report_ticks,unknown,73.62922543586645,0.010460843406337997,,,
21439.52031532993,-1.7719773446449842,-0.9083941521258815,1.9912517785432329,207.14168887254354,0.6378378378378379,1.0,8,0.06486486486486487,1.4199295886237882,0.29222680974150567,0.3932432432432432,0.21081081081081082,near_horizontal_check_acquisition_artifact,unclassified_planar_candidate,bright_ridge,764,BH03,optical,False,provisional_report_ticks,unknown,73.64828684046402,0.007111613494797258,,,
21450.06966520695,-0.7792359929542423,-2.177672688958023,2.3128914961469875,250.31128140741427,0.5837837837837838,1.0,7,0.08648648648648649,1.0054857703622881,0.24122491538592408,0.31621621621621626,0.17297297297297298,,unclassified_planar_candidate,bright_ridge,765,BH03,optical,False,provisional_report_ticks,unknown,73.6859630900248,0.008260326771953524,,,
21467.975411673622,3.686917209941589,-4.203555054247138,5.591353468262414,311.2538395455041,0.5891891891891892,1.0,7,0.14054054054054055,0.8007687856524923,0.3018198328012142,0.38918918918918916,0.1891891891891892,,unclassified_planar_candidate,dark_ridge,766,BH03,optical,False,provisional_report_ticks,unknown,73.74991218454863,0.019969119529508618,,,
21482.85081989582,6.87145532540333,-7.671637782534047,10.299073965916435,311.8506770944336,0.5405405405405406,1.0,6,0.22162162162162163,0.9974993676860126,0.21610278381727055,0.3581081081081081,0.21621621621621623,,unclassified_planar_candidate,dark_ridge,767,BH03,optical,False,provisional_report_ticks,unknown,73.80303864248505,0.036782407021130115,,,
21485.65164082669,3.4765188684326076,4.57565333947552,5.74654565157377,52.77292687077757,0.9351351351351351,1.0,8,0.016216216216216217,0.6125408875193893,0.7500663089535107,0.827027027027027,0.7351351351351352,,unclassified_planar_candidate,bright_ridge,768,BH03,optical,False,provisional_report_ticks,unknown,73.81304157438103,0.020523377327049175,,,
21501.9468144195,7.889398008900199,-5.54245006601591,9.641646834287085,324.91123931715686,0.6648648648648648,1.0,7,0.0972972972972973,1.0963398823938364,0.3613016795026899,0.43378378378378374,0.2864864864864865,,unclassified_planar_candidate,bright_ridge,769,BH03,optical,False,provisional_report_ticks,unknown,73.87123862292678,0.03443445297959672,,,
21525.949360003237,17.77391960690917,-1.811741828538969,17.86601876877297,354.1797945109011,0.6054054054054054,1.0,7,0.08108108108108109,1.0725335291434757,0.26080043586598917,0.33513513513513515,0.2594594594594595,,unclassified_planar_candidate,dark_ridge,770,BH03,optical,False,provisional_report_ticks,unknown,73.95696200001154,0.06380720988847488,,,
21531.60565365317,4.2280687309045115,-3.95143154445473,5.787087043043709,316.93705036692137,0.8216216216216217,1.0,8,0.06486486486486487,0.6721744232800851,0.614099890531052,0.7635135135135136,0.42702702702702705,,unclassified_planar_candidate,bright_ridge,771,BH03,optical,False,provisional_report_ticks,unknown,73.9771630487613,0.02066816801087038,,,
21547.994895150332,4.966845004157346,-1.8323666249168302,5.294064293473577,339.74999225172735,0.7567567567567568,1.0,8,0.07027027027027027,1.0618810332232618,0.49384424988426207,0.5094594594594595,0.4864864864864865,,unclassified_planar_candidate,dark_ridge,772,BH03,optical,False,provisional_report_ticks,unknown,74.03569605410831,0.01890737247669134,,,
21553.69558263552,2.3864579556940337,-3.176615378267236,3.973168362370168,306.91600254092305,0.9351351351351351,1.0,8,0.010810810810810811,0.621062339770454,0.7520483343163669,0.8770270270270271,0.8108108108108109,,unclassified_planar_candidate,bright_ridge,773,BH03,optical,False,provisional_report_ticks,unknown,74.05605565226969,0.014189887008464882,,,
21569.049584923658,1.2776842494615195,6.615669718776785,6.737919773139344,79.06904575353035,0.5783783783783784,1.0,7,0.15135135135135136,1.4597268412711841,0.13618761561673862,0.2256756756756757,0.16756756756756758,,unclassified_planar_candidate,dark_ridge,774,BH03,optical,False,provisional_report_ticks,unknown,74.11089137472733,0.024063999189783365,,,
21569.574153544418,3.1261486798537037,-1.7563398395401963,3.5857405372540745,330.67175429090804,0.8,1.0,7,0.05405405405405406,0.8577346796783817,0.5685733431804618,0.6040540540540541,0.372972972972973,,unclassified_planar_candidate,dark_ridge,775,BH03,optical,False,provisional_report_ticks,unknown,74.11276483408719,0.012806216204478834,,,
21583.280960318618,1.368743096857247,-2.923889251836077,3.228403014215682,295.08542777459223,0.8378378378378378,1.0,8,0.03783783783783784,0.9973668105980774,0.5781288065247998,0.7337837837837837,0.3783783783783784,,unclassified_planar_candidate,bright_ridge,776,BH03,optical,False,provisional_report_ticks,unknown,74.16171771542362,0.011530010765056005,,,
21594.372073354327,2.7825890456951847,-4.80421781463753,5.551874512964378,300.07929841843657,0.6432432432432432,1.0,6,0.11891891891891893,0.8183489238548294,0.3404897916790327,0.39459459459459456,0.41621621621621624,,unclassified_planar_candidate,dark_ridge,777,BH03,optical,False,provisional_report_ticks,unknown,74.2013288334083,0.01982812326058706,,,
21594.783314479195,-4.036578125614266,4.116989288224957,5.765723177845657,134.4349625567469,0.5297297297297298,1.0,7,0.07567567567567568,1.0851989117107246,0.24424419250101978,0.3581081081081081,0.25405405405405407,,unclassified_planar_candidate,dark_ridge,778,BH03,optical,False,provisional_report_ticks,unknown,74.2027975517114,0.02059186849230591,,,
21603.298844584606,-1.4844922838000516,-2.9369940775500623,3.2908435927928927,243.18586091241144,0.8756756756756757,1.0,8,0.04864864864864865,0.6895209556790098,0.6620119721130217,0.6918918918918919,0.5837837837837838,,unclassified_planar_candidate,bright_ridge,779,BH03,optical,False,provisional_report_ticks,unknown,74.23321015923072,0.011753012831403184,,,
21614.962119181237,-3.4720396973810934,4.535714977756299,5.712072305182508,127.43365688739597,0.8972972972972973,1.0,8,0.03783783783783784,1.007411444876262,0.6170876995845163,0.7094594594594594,0.41081081081081083,,unclassified_planar_candidate,dark_ridge,780,BH03,optical,False,provisional_report_ticks,unknown,74.27486471136154,0.020400258232794666,,,
21621.98475507639,3.732115395712242,-4.453692427757757,5.810685120360518,309.96241159437136,0.7189189189189189,1.0,7,0.11891891891891893,0.4960801363777255,0.4295075677090259,0.39999999999999997,0.3891891891891892,,unclassified_planar_candidate,bright_ridge,781,BH03,optical,False,provisional_report_ticks,unknown,74.29994555384424,0.020752446858430418,,,
21631.215828362998,-0.7681517810385666,-0.8289758506117998,1.1301584488956755,227.18096479840594,0.8972972972972973,1.0,8,0.05945945945945946,0.5159279048610139,0.7106007564501823,0.7094594594594594,0.43783783783783786,near_horizontal_check_acquisition_artifact,unclassified_planar_candidate,bright_ridge,782,BH03,optical,False,provisional_report_ticks,unknown,74.33291367272498,0.004036280174627411,,,
21650.657336490276,4.007531898375782,-4.178745384825964,5.789838072666945,313.8018509689989,0.8,1.0,8,0.032432432432432434,0.8455272345623186,0.5839406184426982,0.6162162162162163,0.43783783783783786,,unclassified_planar_candidate,dark_ridge,783,BH03,optical,False,provisional_report_ticks,unknown,74.4023476303224,0.020677993116667653,,,
21661.55733793725,4.298047902384434,-4.520162724374018,6.237394233653311,313.5571277369044,0.8594594594594595,1.0,8,0.06486486486486487,1.0631074618564733,0.5638962448773323,0.8243243243243243,0.6702702702702703,,unclassified_planar_candidate,bright_ridge,784,BH03,optical,False,provisional_report_ticks,unknown,74.44127620691874,0.022276407977333247,,,
21674.26848469811,5.091117126900461,-7.342272182964153,8.934675954311292,304.73736320034715,0.7513513513513513,1.0,8,0.08108108108108109,1.0915382886721436,0.4798482474560456,0.5864864864864865,0.35135135135135137,,unclassified_planar_candidate,dark_ridge,785,BH03,optical,False,provisional_report_ticks,unknown,74.4866731596361,0.031909556979683174,,,
21680.19497662287,-5.7728679648773955,-3.2792567653375415,6.639241633870522,209.5985842864574,0.5243243243243243,1.0,6,0.16216216216216217,0.9332545764998558,0.18963229783901234,0.2945945945945946,0.3027027027027027,,unclassified_planar_candidate,dark_ridge,786,BH03,optical,False,provisional_report_ticks,unknown,74.50783920222453,0.023711577263823284,,,
21717.559267541983,5.054872473229875,-3.6276564667561746,6.221866855005418,324.3346834617222,0.5675675675675675,1.0,7,0.12432432432432433,1.1698049829282342,0.2501181514287362,0.3716216216216216,0.40540540540540543,,unclassified_planar_candidate,dark_ridge,787,BH03,optical,False,provisional_report_ticks,unknown,74.64128309836421,0.022220953053590772,,,
21725.832230366803,1.1621024817861185,-3.3582015330127515,3.5535896941687923,289.0881304069395,0.8054054054054054,1.0,8,0.06486486486486487,1.077260800735697,0.5259439224224547,0.6148648648648649,0.6702702702702703,,unclassified_planar_candidate,bright_ridge,788,BH03,optical,False,provisional_report_ticks,unknown,74.67082939416714,0.012691391764888541,,,
21728.774573939936,-5.925792857489503,-5.213093478155227,7.892487858835018,221.33903440400232,0.6972972972972973,1.0,7,0.10810810810810811,1.0058428682529896,0.4447536578424997,0.5337837837837838,0.44324324324324327,,unclassified_planar_candidate,dark_ridge,789,BH03,optical,False,provisional_report_ticks,unknown,74.68133776407119,0.028187456638696488,,,
21739.80793223962,-1.5949551585739352,-5.790259780243508,6.0059129431392195,254.5995227013118,0.7243243243243244,1.0,8,0.07027027027027027,0.7371129599623256,0.3786706722741592,0.35945945945945945,0.5135135135135135,,unclassified_planar_candidate,bright_ridge,790,BH03,optical,False,provisional_report_ticks,unknown,74.72074261514149,0.021449689082640062,,,
21739.90790704122,-10.55640322020505,-2.2414120958619135,10.791736520645399,191.98742892546156,0.5027027027027027,1.0,7,0.14594594594594595,1.243655417641547,0.11958642727290784,0.21081081081081077,0.15135135135135136,,unclassified_planar_candidate,bright_ridge,791,BH03,optical,False,provisional_report_ticks,unknown,74.72109966800434,0.03854191614516213,,,
21754.010834562898,-6.256677038550375,-6.810289328537082,9.248029428105728,227.42601751739522,0.6864864864864865,1.0,8,0.12432432432432433,1.2902811334312052,0.3910100798703844,0.5459459459459459,0.1891891891891892,,unclassified_planar_candidate,dark_ridge,792,BH03,optical,False,provisional_report_ticks,unknown,74.77146726629606,0.033028676528949016,,,
21760.826914009245,-6.125071416037296,-5.119877979852632,7.983085266996526,219.89186947290074,0.7027027027027027,1.0,8,0.0918918918918919,1.2080540087306826,0.342436596984336,0.40135135135135136,0.2756756756756757,,unclassified_planar_candidate,bright_ridge,793,BH03,optical,False,provisional_report_ticks,unknown,74.79581040717586,0.028511018810701873,,,
21761.62037952957,-0.3898427346781174,2.1940874371755648,2.228451713578948,100.07509839156036,0.7621621621621621,1.0,8,0.03783783783783784,1.2336671451213532,0.3862332453316726,0.39729729729729724,0.24324324324324326,,unclassified_planar_candidate,bright_ridge,794,BH03,optical,False,provisional_report_ticks,unknown,74.7986442126056,0.007958756119924812,,,
21772.253168287803,12.883305474083645,-12.513746951873953,17.96032913713132,315.8336656152073,0.5675675675675675,1.0,6,0.16216216216216217,1.1589669646367113,0.1982549415786097,0.3067567567567567,0.3027027027027027,,unclassified_planar_candidate,dark_ridge,795,BH03,optical,False,provisional_report_ticks,unknown,74.83661845817072,0.06414403263261184,,,
21779.5002897696,-1.3464760720878555,-3.456236083143263,3.709254059123832,248.71516968303436,0.7945945945945946,1.0,8,0.07027027027027027,0.409053394153812,0.6080082661998781,0.4716216216216216,0.22162162162162163,,unclassified_planar_candidate,bright_ridge,796,BH03,optical,False,provisional_report_ticks,unknown,74.86250103489141,0.013247335925442253,,,
21785.718594752947,6.122849255162121,-4.353180115292558,7.512620056785639,324.58820303754914,0.7027027027027027,1.0,8,0.04864864864864865,1.2408989974616602,0.37634215200716414,0.42567567567567566,0.3783783783783784,,unclassified_planar_candidate,bright_ridge,797,BH03,optical,False,provisional_report_ticks,unknown,74.8847092669748,0.026830785917091562,,,
21792.01106971686,7.659266985877101,-3.664621737889571,8.490808161933684,334.4309396837041,0.6378378378378379,1.0,8,0.07027027027027027,1.1412340627779853,0.2673280605833481,0.32972972972972975,0.33513513513513515,,unclassified_planar_candidate,dark_ridge,798,BH03,optical,False,provisional_report_ticks,unknown,74.90718239184592,0.030324314864048862,,,
21811.206146962206,1.0896962951023104,-2.8173263934470416,3.020722764964209,291.1456644619975,0.7189189189189189,1.0,8,0.043243243243243246,1.1051792790837212,0.3433996912463717,0.3608108108108108,0.22162162162162163,,unclassified_planar_candidate,dark_ridge,799,BH03,optical,False,provisional_report_ticks,unknown,74.97573623915072,0.010788295589157886,,,
21818.266393306905,0.32850752189489957,-5.215817375578291,5.2261523214814485,273.6038964002523,0.9783783783783784,1.0,8,0.010810810810810811,0.6282761762134178,0.7849353995754058,0.9472972972972973,0.9891891891891892,,unclassified_planar_candidate,bright_ridge,800,BH03,optical,False,provisional_report_ticks,unknown,75.0009514046675,0.018664829719576597,,,
21824.400803450226,1.6978770331816804,-5.859368572810285,6.100408715147098,286.1600729163756,0.8216216216216217,1.0,8,0.021621621621621623,0.6678681167022628,0.643420499414237,0.6135135135135136,0.4756756756756757,,unclassified_planar_candidate,dark_ridge,801,BH03,optical,False,provisional_report_ticks,unknown,75.02286001232223,0.0217871739826682,,,
21845.911951819013,-0.4836974251489388,-5.487834395291373,5.509109687530168,264.9629698388627,0.6756756756756757,1.0,7,0.16216216216216217,1.1622306602023187,0.36246980691025127,0.4716216216216216,0.5351351351351351,,unclassified_planar_candidate,dark_ridge,802,BH03,optical,False,provisional_report_ticks,unknown,75.09968554221075,0.019675391741179167,,,
21854.484573569553,0.5789950675546871,-1.6948497495347836,1.7910195313705475,288.86120823877377,0.8918918918918919,1.0,8,0.021621621621621623,1.0871680237027606,0.6073448749662833,0.7027027027027026,0.7675675675675676,near_horizontal_check_acquisition_artifact,unclassified_planar_candidate,bright_ridge,803,BH03,optical,False,provisional_report_ticks,unknown,75.13030204846267,0.006396498326323382,,,
21859.526367541926,0.6195565288833729,-4.305577393623516,4.349924940152863,278.1884407174747,0.7135135135135136,1.0,8,0.07567567567567568,0.566693058189873,0.5459958755896296,0.5094594594594595,0.25405405405405407,,unclassified_planar_candidate,dark_ridge,804,BH03,optical,False,provisional_report_ticks,unknown,75.14830845550686,0.015535446214831649,,,
21860.929774329514,-0.864044967896182,4.349352138058749,4.434347497364514,101.23612394285985,0.8108108108108109,1.0,8,0.03783783783783784,1.03362820873541,0.5527576928030414,0.5,0.2594594594594595,,unclassified_planar_candidate,bright_ridge,805,BH03,optical,False,provisional_report_ticks,unknown,75.15332062260539,0.015836955347730403,,,
21883.6711703825,1.0844199073818965,-4.6942438928666075,4.817872171533986,283.0077440828337,0.918918918918919,1.0,8,0.02702702702702703,0.492799412861669,0.7586438609082773,0.6783783783783784,0.5351351351351351,,unclassified_planar_candidate,dark_ridge,806,BH03,optical,False,provisional_report_ticks,unknown,75.23453989422319,0.017206686326907087,,,
21902.802173941927,-0.015554006869424356,-2.7508596285803506,2.7509036012341324,269.67603964886075,0.8810810810810811,1.0,8,0.02702702702702703,1.0680815008288629,0.6004765041313859,0.7459459459459459,0.43783783783783786,,unclassified_planar_candidate,bright_ridge,807,BH03,optical,False,provisional_report_ticks,unknown,75.30286490693544,0.009824655718693327,,,
21925.709496440006,1.1213538583721392,-6.368513573663191,6.466482785380194,279.98615290331776,0.6378378378378379,1.0,8,0.06486486486486487,1.18130918941424,0.402320935845878,0.5621621621621622,0.2594594594594595,,unclassified_planar_candidate,dark_ridge,808,BH03,optical,False,provisional_report_ticks,unknown,75.38467677300001,0.02309458137635783,,,
21931.508207408795,-0.06059952671579615,-5.772118306225971,5.772436404474903,269.3984930005831,0.8,1.0,8,0.06486486486486487,0.9079016128558839,0.5527543150032619,0.672972972972973,0.4756756756756757,,unclassified_planar_candidate,bright_ridge,809,BH03,optical,False,provisional_report_ticks,unknown,75.40538645503139,0.02061584430169608,,,
21947.836349803012,1.8699885537346448,-2.196872469553798,2.88497934803388,310.4045906602621,0.5513513513513514,1.0,6,0.12432432432432433,0.9848591121287873,0.31386545096707025,0.4513513513513514,0.2864864864864865,,unclassified_planar_candidate,dark_ridge,810,BH03,optical,False,provisional_report_ticks,unknown,75.46370124929646,0.010303497671549568,,,
21956.366302349976,3.815092073342311,-3.957779611300654,5.497176273297637,313.94833262323334,0.7189189189189189,1.0,8,0.08648648648648649,0.8826582316800221,0.466863588228992,0.477027027027027,0.2594594594594595,,unclassified_planar_candidate,bright_ridge,811,BH03,optical,False,provisional_report_ticks,unknown,75.49416536553561,0.019632772404634413,,,
21968.61699598208,-0.17601422747147338,-3.826742864420081,3.83078868624496,267.3664889878082,0.7405405405405405,1.0,8,0.08108108108108109,0.9938173136827763,0.4833209286585151,0.49459459459459454,0.23243243243243245,,unclassified_planar_candidate,bright_ridge,812,BH03,optical,False,provisional_report_ticks,unknown,75.53791784279314,0.013681388165160568,,,
21980.83017057685,0.7532564304121354,-5.243594134395162,5.2974215139273735,278.17476753126095,0.6162162162162163,1.0,8,0.07027027027027027,0.8858013660950194,0.4241339667029471,0.4972972972972973,0.24864864864864866,,unclassified_planar_candidate,dark_ridge,813,BH03,optical,False,provisional_report_ticks,unknown,75.58153632348873,0.018919362549740613,,,
21995.159603585365,-0.5743934227644216,-4.079153845543377,4.119396060070742,261.9847702251556,0.8108108108108109,1.0,8,0.04864864864864865,0.7053710193043305,0.6097440292123705,0.5175675675675676,0.2756756756756757,,unclassified_planar_candidate,bright_ridge,814,BH03,optical,False,provisional_report_ticks,unknown,75.63271286994772,0.014712128785966932,,,
22004.14772175129,5.234343816018459,4.190247538682417,6.7049630587889695,38.67830833669456,0.6432432432432432,1.0,8,0.13513513513513514,1.1570497582503945,0.2678693020244538,0.354054054054054,0.21081081081081082,,unclassified_planar_candidate,bright_ridge,815,BH03,optical,False,provisional_report_ticks,unknown,75.66481329196888,0.023946296638532028,,,
22009.566245924056,1.9349466914083813,-5.7340985817139725,6.05176876982312,288.6467437306527,0.7081081081081081,1.0,7,0.0972972972972973,0.579366337403289,0.52695368054555,0.5283783783783783,0.21621621621621623,,unclassified_planar_candidate,dark_ridge,816,BH03,optical,False,provisional_report_ticks,unknown,75.68416516401447,0.021613459892225424,,,
22027.223084142228,1.9208342649229364,-5.452658865500854,5.781097904103259,289.40607596831114,0.6756756756756757,1.0,6,0.24864864864864866,0.5409565156802724,0.42390630867078416,0.5513513513513513,0.44324324324324327,,unclassified_planar_candidate,dark_ridge,817,BH03,optical,False,provisional_report_ticks,unknown,75.74722530050795,0.020646778228940205,,,
22035.52838422369,3.4501702971501302,-6.607764376190852,7.454275627490166,297.57080920742317,0.5783783783783784,1.0,7,0.17297297297297298,1.3073281687984204,0.24331443788867285,0.3932432432432432,0.16216216216216217,,unclassified_planar_candidate,bright_ridge,818,BH03,optical,False,provisional_report_ticks,unknown,75.77688708651316,0.026622412955322014,,,
22041.19662908755,0.5603231324100385,2.9626772673684325,3.0151979376643716,79.29030084333804,0.8648648648648649,1.0,8,0.02702702702702703,1.2268144392809694,0.5590484536302344,0.722972972972973,0.43783783783783786,,unclassified_planar_candidate,bright_ridge,819,BH03,optical,False,provisional_report_ticks,unknown,75.7971308181698,0.010768564063087039,,,
22076.011555902947,-1.531855133013142,-1.0725589883325086,1.8700168266600077,214.99855627312274,0.9243243243243243,1.0,8,0.021621621621621623,1.247459639496093,0.5966820170659556,0.7608108108108108,0.7189189189189189,near_horizontal_check_acquisition_artifact,unclassified_planar_candidate,bright_ridge,820,BH03,optical,False,provisional_report_ticks,unknown,75.92146984251052,0.00667863152378574,,,
22082.840363596973,-4.444031107824916,0.7717156526586414,4.510538497327554,170.14870174472674,0.7351351351351352,1.0,8,0.06486486486486487,1.1910163001954828,0.4621939811878445,0.5202702702702703,0.4540540540540541,,unclassified_planar_candidate,dark_ridge,821,BH03,optical,False,provisional_report_ticks,unknown,75.94585844141776,0.016109066061884118,,,
22089.715806003594,3.2462197677690687,-6.6863335879521495,7.432698004764605,295.8966064801085,0.6216216216216216,1.0,8,0.0918918918918919,1.0349510538029059,0.29930722449524677,0.3743243243243243,0.16216216216216217,,unclassified_planar_candidate,dark_ridge,822,BH03,optical,False,provisional_report_ticks,unknown,75.97041359286996,0.02654535001701644,,,
22096.53271660605,1.0975707831452373,-6.798896650548837,6.886919288684763,279.170351369355,0.9459459459459459,1.0,8,0.021621621621621623,1.0388914931144047,0.6546033434279706,0.7337837837837837,0.9783783783783784,,unclassified_planar_candidate,bright_ridge,823,BH03,optical,False,provisional_report_ticks,unknown,75.99475970216444,0.02459614031673129,,,
22111.870741756837,-10.115041770326966,-11.610571621310061,15.398683170616565,228.93786750505657,0.5135135135135135,1.0,7,0.13513513513513514,1.1094321779301524,0.16502309416938157,0.26891891891891884,0.20540540540540542,,unclassified_planar_candidate,dark_ridge,824,BH03,optical,False,provisional_report_ticks,unknown,76.04953836341726,0.05499529703791629,,,
22112.568326364926,0.8923730687375162,-6.999174460520745,7.055832539297817,277.2658338521434,0.6054054054054054,1.0,6,0.1783783783783784,0.7981322117777868,0.27097592435473306,0.35540540540540544,0.3621621621621622,,unclassified_planar_candidate,bright_ridge,825,BH03,optical,False,provisional_report_ticks,unknown,76.05202973701758,0.025199401926063625,,,
22121.264906900513,5.154515152893777,-6.454755932463251,8.260320853882195,308.6094928994798,0.6972972972972973,1.0,7,0.11891891891891893,0.8983124639764181,0.44062700625729495,0.4837837837837837,0.31891891891891894,,unclassified_planar_candidate,dark_ridge,826,BH03,optical,False,provisional_report_ticks,unknown,76.0830889532161,0.029501145906722117,,,
22123.582673598612,-0.022714237014336686,8.459134304493881,8.459164800264167,90.15384869670025,0.7297297297297297,1.0,8,0.08108108108108109,0.9983756245640207,0.48073922410500985,0.5432432432432432,0.5027027027027027,,unclassified_planar_candidate,bright_ridge,827,BH03,optical,False,provisional_report_ticks,unknown,76.0913666914236,0.030211302858086302,,,
22136.348008339166,2.411632007684688,-6.009885088337312,6.475699785776705,291.86448394949184,0.8324324324324325,1.0,8,0.04864864864864865,1.093368090738956,0.5500582578776569,0.7621621621621621,0.44324324324324327,,unclassified_planar_candidate,bright_ridge,828,BH03,optical,False,provisional_report_ticks,unknown,76.13695717263987,0.023127499234916797,,,
22147.419835799374,1.2082020572181218,-8.748495642828964,8.831530344377665,277.863037058037,0.654054054054054,1.0,8,0.06486486486486487,1.2728671138030214,0.282267197914906,0.35270270270270265,0.23783783783783785,,unclassified_planar_candidate,dark_ridge,829,BH03,optical,False,provisional_report_ticks,unknown,76.17649941356918,0.031541179801348795,,,
22152.085072547685,-0.848264488428521,4.056249817020046,4.143997492808611,101.81177124678503,0.6054054054054054,1.0,8,0.0972972972972973,1.03942895792438,0.2914209453174803,0.37702702702702706,0.15675675675675677,,unclassified_planar_candidate,dark_ridge,830,BH03,optical,False,provisional_report_ticks,unknown,76.19316097338458,0.014799991045745036,,,
22160.567919207926,3.0449894798577093,-7.057186476004001,7.686081048853043,293.33892134518067,0.6162162162162163,1.0,7,0.08108108108108109,1.247498958968399,0.2817207421228259,0.37702702702702706,0.3837837837837838,,unclassified_planar_candidate,dark_ridge,831,BH03,optical,False,provisional_report_ticks,unknown,76.22345685431401,0.02745028946018943,,,
22180.396889050186,0.9212484644495715,-5.197455974590974,5.278470170519305,280.05127583211555,0.8810810810810811,1.0,8,0.043243243243243246,0.9877298730936382,0.6064972967086213,0.7581081081081081,0.4702702702702703,,unclassified_planar_candidate,bright_ridge,832,BH03,optical,False,provisional_report_ticks,unknown,76.29427460375065,0.018851679180426083,,,
22193.207289304013,-5.863298842714464,2.428287230230896,6.346247095053833,157.50309178454202,0.6810810810810811,1.0,8,0.10270270270270271,1.001696505835467,0.43764780504920625,0.55,0.2648648648648649,,unclassified_planar_candidate,dark_ridge,833,BH03,optical,False,provisional_report_ticks,unknown,76.34002603322861,0.022665168196620827,,,
22206.54234013837,-2.3566530575603437,-5.335068822183908,5.832389987916387,246.16757611643624,0.9081081081081082,1.0,8,0.021621621621621623,1.1843982064445446,0.5986668325885663,0.7797297297297298,0.8810810810810811,,unclassified_planar_candidate,bright_ridge,834,BH03,optical,False,provisional_report_ticks,unknown,76.38765121477988,0.020829964242558518,,,
22238.281648956097,0.26252396738826905,-7.885943335274723,7.890311851924301,271.90667899953627,0.827027027027027,1.0,8,0.03783783783783784,0.8552374928337608,0.5983560249436699,0.6256756756756756,0.2864864864864865,,unclassified_planar_candidate,dark_ridge,835,BH03,optical,False,provisional_report_ticks,unknown,76.5010058891289,0.028179685185443927,,,
22238.518621502888,-5.850228364725495,-15.224813715185235,16.3101233772627,248.98042115575407,0.5459459459459459,1.0,7,0.16756756756756758,1.1992377802226883,0.1869456313584805,0.30675675675675673,0.23243243243243245,,unclassified_planar_candidate,dark_ridge,836,BH03,optical,False,provisional_report_ticks,unknown,76.50185221965316,0.058250440633081046,,,
22268.274155082938,-2.4860036994968695,-6.4165712299845925,6.881322601315689,248.82189305199802,0.7621621621621621,1.0,8,0.02702702702702703,1.2363911803737837,0.4764912498209831,0.4851351351351351,0.32432432432432434,,unclassified_planar_candidate,bright_ridge,837,BH03,optical,False,provisional_report_ticks,unknown,76.60812198243904,0.024576152147556023,,,
22274.96071742925,-3.2763119714824205,-6.486201988614471,7.266707395484239,243.2007348416235,0.8486486486486486,1.0,8,0.021621621621621623,0.9660355551834459,0.6017094055383364,0.5297297297297296,0.3567567567567568,,unclassified_planar_candidate,dark_ridge,838,BH03,optical,False,provisional_report_ticks,unknown,76.63200256224731,0.025952526412443704,,,
22280.673620496986,-3.564343685803229,-6.952348881125286,7.812790850612179,242.8566052340629,0.8378378378378378,1.0,7,0.11351351351351352,0.6761029278272761,0.5656257171002123,0.47702702702702704,0.6,,unclassified_planar_candidate,bright_ridge,839,BH03,optical,False,provisional_report_ticks,unknown,76.65240578748922,0.02790282446647206,,,
22286.712319036953,-3.431748487002435,-6.5086046433793845,7.357909491279652,242.19896300683797,0.7621621621621621,1.0,7,0.11351351351351352,0.7540554018202583,0.2868854015213616,0.27297297297297296,0.6054054054054054,,unclassified_planar_candidate,dark_ridge,840,BH03,optical,False,provisional_report_ticks,unknown,76.6739725679891,0.026278248183141607,,,
22295.319003041484,4.766784916833642,-3.0026518725715583,5.633662814831058,327.79270895008045,0.7513513513513513,1.0,8,0.06486486486486487,1.2335413845786118,0.2958081799169236,0.31756756756756754,0.33513513513513515,,unclassified_planar_candidate,dark_ridge,841,BH03,optical,False,provisional_report_ticks,unknown,76.70471072514815,0.020120224338682345,,,
22297.426867460676,-10.596572785567576,-5.32660536678068,11.860020216392892,206.68741697357797,0.6918918918918919,1.0,8,0.07567567567567568,1.4061164929681722,0.3104463689676589,0.3878378378378379,0.1945945945945946,,unclassified_planar_candidate,bright_ridge,842,BH03,optical,False,provisional_report_ticks,unknown,76.71223881235954,0.04235721505854603,,,
22300.545198238568,-2.555162238918125,-6.68696778418455,7.158518856154192,249.08760612448907,0.7675675675675676,1.0,8,0.15675675675675677,0.6999443015512289,0.2590490789359079,0.2527027027027028,0.4810810810810811,,unclassified_planar_candidate,dark_ridge,843,BH03,optical,False,provisional_report_ticks,unknown,76.72337570799488,0.02556613877197925,,,
22305.709982193108,-2.0695643931047933,-4.9881293078650435,5.400419499371267,247.46654038321216,0.9297297297297298,1.0,8,0.02702702702702703,0.9580601486861587,0.6573006825171654,0.6905405405405406,0.7513513513513513,,unclassified_planar_candidate,bright_ridge,844,BH03,optical,False,provisional_report_ticks,unknown,76.74182136497537,0.01928721249775452,,,
22314.456725398166,-3.457346079434571,-6.7594495138924096,7.592325048615999,242.911010792383,0.9297297297297298,1.0,8,0.016216216216216217,0.7164790047197489,0.720336495582269,0.591891891891892,0.4972972972972973,,unclassified_planar_candidate,dark_ridge,845,BH03,optical,False,provisional_report_ticks,unknown,76.77305973356486,0.02711544660219999,,,
22340.410153934725,-0.6562342676320168,3.196597388861412,3.263261908043871,101.60115335273785,0.9621621621621622,1.0,8,0.016216216216216217,0.8636885957704755,0.7097676532997764,0.8635135135135136,0.9567567567567568,,unclassified_planar_candidate,bright_ridge,846,BH03,optical,False,provisional_report_ticks,unknown,76.86575054976686,0.011654506814442394,,,
22341.494776799103,-0.6375544946225764,-6.8445090303772504,6.874138462420522,264.67835042581567,0.7621621621621621,1.0,7,0.14054054054054055,0.7172763993628641,0.5157466148094325,0.5986486486486486,0.6324324324324324,,unclassified_planar_candidate,dark_ridge,847,BH03,optical,False,provisional_report_ticks,unknown,76.86962420285393,0.024550494508644712,,,
22355.72552642769,-15.507096137315932,4.092613394905426,16.038064565654985,165.21567455716348,0.5351351351351351,1.0,6,0.16216216216216217,0.9763884828087326,0.19077940738294663,0.2945945945945946,0.22162162162162163,,unclassified_planar_candidate,bright_ridge,848,BH03,optical,False,provisional_report_ticks,unknown,76.9204483086703,0.057278802020196355,,,
22356.016492710423,5.543777395782168,-11.469773794564821,12.739277009017083,295.7962427115425,0.5351351351351351,1.0,6,0.15675675675675677,1.2529086372300904,0.159841882604299,0.26891891891891884,0.2756756756756757,,unclassified_planar_candidate,bright_ridge,849,BH03,optical,False,provisional_report_ticks,unknown,76.92148747396578,0.04549741788934671,,,
22367.466576632632,-0.5040889930937889,-5.032539351986831,5.0577226142063525,264.27999396072704,0.8432432432432433,1.0,8,0.05945945945945946,0.7045321674452684,0.6271030489208859,0.5581081081081081,0.4486486486486487,,unclassified_planar_candidate,dark_ridge,850,BH03,optical,False,provisional_report_ticks,unknown,76.96238063083082,0.018063295050736967,,,
22377.949080156657,-0.3710489721338161,-4.212965686525469,4.229273840219214,264.96676998547804,0.7621621621621621,1.0,7,0.0972972972972973,1.0907344933941059,0.4705348512862782,0.49189189189189186,0.3837837837837838,,unclassified_planar_candidate,dark_ridge,851,BH03,optical,False,provisional_report_ticks,unknown,76.99981814341662,0.015104549429354332,,,
22397.61138606199,-2.50574803597244,-8.976873974252015,9.320034311599015,254.4037907828104,0.5675675675675675,1.0,6,0.24864864864864866,1.2771219889923104,0.1671589169912352,0.29999999999999993,0.20540540540540542,,unclassified_planar_candidate,dark_ridge,852,BH03,optical,False,provisional_report_ticks,unknown,77.0700406645071,0.03328583682713933,,,
22399.933522822335,7.413437255902119,-5.442826464039847,9.196924043659926,323.7144830684065,0.6972972972972973,1.0,8,0.07567567567567568,0.9828090673798344,0.3163479290247098,0.3405405405405405,0.17297297297297298,,unclassified_planar_candidate,dark_ridge,853,BH03,optical,False,provisional_report_ticks,unknown,77.07833401007976,0.03284615729878544,,,
22407.107766234793,3.254166115979551,-4.80421786736646,5.802594801251641,304.1119873165132,0.8108108108108109,1.0,8,0.08108108108108109,0.8956083325739828,0.5467936965408675,0.49459459459459465,0.6216216216216216,,unclassified_planar_candidate,bright_ridge,854,BH03,optical,False,provisional_report_ticks,unknown,77.10395630798139,0.020723552861613,,,
22409.850380821797,-2.8953921393231723,-9.00144708762048,9.455651501175668,252.16917058938236,0.6054054054054054,1.0,7,0.14594594594594595,0.9614452603500263,0.1703945709835574,0.22702702702702704,0.2,,unclassified_planar_candidate,dark_ridge,855,BH03,optical,False,provisional_report_ticks,unknown,77.11375136007783,0.03377018393277023,,,
22413.6793021841,-5.83314929253317,-15.990537571938564,17.02124914653913,249.95865919747985,0.6,1.0,7,0.08648648648648649,1.193044538220558,0.1771632416890813,0.24054054054054053,0.20540540540540542,,unclassified_planar_candidate,bright_ridge,856,BH03,optical,False,provisional_report_ticks,unknown,77.12742607922891,0.06079017552335402,,,
22414.5792388793,-0.1772322554266089,1.187965129179671,1.2011129923993307,98.48535951138645,0.7891891891891892,1.0,8,0.08648648648648649,1.1906933022179254,0.4323523353304516,0.44594594594594594,0.4864864864864865,near_horizontal_check_acquisition_artifact,unclassified_planar_candidate,bright_ridge,857,BH03,optical,False,provisional_report_ticks,unknown,77.13064013885463,0.004289689258569037,,,
22427.70621552462,-7.149002346930954,-5.095215911682249,8.778921331409927,215.47812017636042,0.6648648648648648,1.0,7,0.16756756756756758,0.9898533868605871,0.2882169319491243,0.3621621621621622,0.32432432432432434,,unclassified_planar_candidate,dark_ridge,858,BH03,optical,False,provisional_report_ticks,unknown,77.1775221983022,0.031353290469321164,,,
22428.206498504816,0.9394789368354618,-10.389042046498677,10.431434000973926,275.16719116427646,0.6,1.0,7,0.0972972972972973,1.0847636208035614,0.23248422941868674,0.30810810810810807,0.24864864864864866,,unclassified_planar_candidate,dark_ridge,859,BH03,optical,False,provisional_report_ticks,unknown,77.17930892323147,0.037255121432049725,,,
22436.265751150066,-2.5815707507912444,-5.886640919583127,6.427833916448942,246.32027386249177,0.8,1.0,7,0.06486486486486487,0.8994768205975127,0.554308776742488,0.6202702702702703,0.6,,unclassified_planar_candidate,bright_ridge,860,BH03,optical,False,provisional_report_ticks,unknown,77.20809196839308,0.02295654970160336,,,
22452.56691464147,0.4048025215452757,-2.4233792096651006,2.456955814679308,279.48316219575185,0.7513513513513513,1.0,8,0.07567567567567568,0.8831149001537597,0.5173964896196787,0.5445945945945946,0.3675675675675676,,unclassified_planar_candidate,dark_ridge,861,BH03,optical,False,provisional_report_ticks,unknown,77.2663104094338,0.008774842195283239,,,
22458.97840732036,-1.608840075232165,-4.898859938423701,5.156277250494363,251.81924475595832,0.7621621621621621,1.0,7,0.20540540540540542,0.7153804404419176,0.47712378242770964,0.5891891891891892,0.5945945945945946,,unclassified_planar_candidate,bright_ridge,862,BH03,optical,False,provisional_report_ticks,unknown,77.2892085975727,0.01841527589462272,,,
22479.685882063124,-10.241290984318299,-5.340573788786466,11.550141532420817,207.54089974127737,0.6054054054054054,1.0,7,0.1837837837837838,1.1065261344614543,0.3112387233211571,0.4554054054054054,0.2,,unclassified_planar_candidate,dark_ridge,863,BH03,optical,False,provisional_report_ticks,unknown,77.36316386451114,0.04125050547293148,,,
22487.95325559944,-5.113180447022878,-9.710548609034221,10.97448716670777,242.2305313098218,0.6486486486486487,1.0,7,0.16216216216216217,1.0661829438235333,0.3737047333343853,0.4905405405405406,0.24324324324324326,,unclassified_planar_candidate,bright_ridge,864,BH03,optical,False,provisional_report_ticks,unknown,77.39269019856941,0.03919459702395631,,,
22512.512344191062,-1.4929559420849827,-5.878600035568357,6.065216881793358,255.7501673114515,0.7783783783783784,1.0,8,0.05945945945945946,0.6406166458107749,0.5913294728130681,0.6162162162162163,0.33513513513513515,,unclassified_planar_candidate,bright_ridge,865,BH03,optical,False,provisional_report_ticks,unknown,77.48040122925377,0.0216614888635477,,,
22519.65990281867,9.071531166449258,-0.913430052089734,9.117402709320286,354.250156967078,0.5891891891891892,1.0,8,0.0972972972972973,1.0259415517302188,0.31144214081319205,0.4121621621621621,0.1891891891891892,,unclassified_planar_candidate,dark_ridge,866,BH03,optical,False,provisional_report_ticks,unknown,77.50592822435237,0.03256215253328673,,,
22521.53510234889,2.840665526217316,-7.474182901548889,7.995798313967485,290.8099796152517,0.6972972972972973,1.0,8,0.04864864864864865,0.991398090181487,0.4728285459202206,0.49594594594594593,0.22162162162162163,,unclassified_planar_candidate,dark_ridge,867,BH03,optical,False,provisional_report_ticks,unknown,77.51262536553173,0.028556422549883866,,,
22543.782190801292,-5.009651829623488,1.038446463477091,5.116149187773753,168.28906171420812,0.8378378378378378,1.0,8,0.02702702702702703,0.8405373704209866,0.6159996979307757,0.6310810810810811,0.4864864864864865,,unclassified_planar_candidate,bright_ridge,868,BH03,optical,False,provisional_report_ticks,unknown,77.59207925286174,0.018271961384906256,,,
22552.979637323086,-3.1486872280819527,3.995891726574959,5.087374760207529,128.2374424857859,0.5081081081081081,1.0,6,0.16216216216216217,1.1786300450390377,0.24312775142818496,0.422972972972973,0.24324324324324326,,unclassified_planar_candidate,dark_ridge,869,BH03,optical,False,provisional_report_ticks,unknown,77.62492727615387,0.018169195572169745,,,
22561.973021437498,-4.011807338944896,0.8109588043819457,4.092951539808006,168.57205350790173,0.572972972972973,1.0,8,0.12972972972972974,1.330600741916392,0.2430349283260926,0.37972972972972974,0.15135135135135136,,unclassified_planar_candidate,bright_ridge,870,BH03,optical,False,provisional_report_ticks,unknown,77.6570465051339,0.014617684070742874,,,
22572.7154246995,10.68041950655229,-4.945850271762924,11.769995571224317,335.1522585944818,0.6054054054054054,1.0,7,0.11351351351351352,1.2082793473761222,0.24628278466019263,0.3432432432432433,0.24324324324324326,,unclassified_planar_candidate,bright_ridge,871,BH03,optical,False,provisional_report_ticks,unknown,77.69541223106964,0.04203569846865827,,,
22579.424338726723,-1.5046603508817524,-2.923294266423656,3.2878035433433395,242.76448768469749,0.8108108108108109,1.0,8,0.05945945945945946,0.8161994264473057,0.5809517730766097,0.6662162162162162,0.3837837837837838,,unclassified_planar_candidate,dark_ridge,872,BH03,optical,False,provisional_report_ticks,unknown,77.71937263830971,0.011742155511940494,,,
22594.385570086444,3.418647872027978,-6.416916120882395,7.270761017621319,298.0467086713834,0.5513513513513514,1.0,6,0.15135135135135136,0.8779351034217481,0.23593943133678327,0.3378378378378379,0.31891891891891894,,unclassified_planar_candidate,bright_ridge,873,BH03,optical,False,provisional_report_ticks,unknown,77.77280560745157,0.025967003634361847,,,
22611.223536213543,-2.9628641905725566,2.655706254658807,3.978861636550218,138.12915051508486,0.5945945945945946,1.0,7,0.1837837837837838,1.1820301680094674,0.2750859741199981,0.4202702702702703,0.3945945945945946,,unclassified_planar_candidate,dark_ridge,874,BH03,optical,False,provisional_report_ticks,unknown,77.83294120076265,0.014210220130536489,,,
22647.28733216768,-12.445479285588341,-0.8208881557581097,12.472522279485911,183.77369131486782,0.5837837837837838,1.0,7,0.08108108108108109,1.2312143273367129,0.27507872306812814,0.38648648648648654,0.1783783783783784,,unclassified_planar_candidate,dark_ridge,875,BH03,optical,False,provisional_report_ticks,unknown,77.96174047202742,0.044544722426735385,,,
22647.77927217861,2.034636791168841,-10.079483847581505,10.282788605511362,281.4123243204367,0.6972972972972973,1.0,7,0.17297297297297298,1.0814342748782177,0.4021462638843802,0.518918918918919,0.2972972972972973,,unclassified_planar_candidate,bright_ridge,876,BH03,optical,False,provisional_report_ticks,unknown,77.96349740063788,0.036724245019683424,,,
22661.70770722002,-5.358408291433903,-5.18669362696307,7.457501605610751,224.06708762378474,0.918918918918919,1.0,8,0.06486486486486487,1.104791513935711,0.5945886502830122,0.7405405405405405,0.9081081081081082,,unclassified_planar_candidate,bright_ridge,877,BH03,optical,False,provisional_report_ticks,unknown,78.01324181150005,0.026633934305752675,,,
22663.28890252033,3.5423178304079674,1.9577241258865312,4.047307668648925,28.928004741977812,0.5675675675675675,1.0,6,0.12432432432432433,1.0791083514232096,0.2418588060208784,0.34864864864864864,0.15135135135135136,,unclassified_planar_candidate,dark_ridge,878,BH03,optical,False,provisional_report_ticks,unknown,78.01888893757258,0.014454670245174727,,,
22666.03110986944,-13.463746671814125,0.9463793691590092,13.496966635253854,175.9792392155246,0.6918918918918919,1.0,8,0.07027027027027027,1.009100992575365,0.4272374825158271,0.4648648648648649,0.15675675675675677,,unclassified_planar_candidate,bright_ridge,879,BH03,optical,False,provisional_report_ticks,unknown,78.02868253524798,0.04820345226876375,,,
22693.550092973077,-8.254078139169298,-6.697154578259169,10.62928433021764,219.0550192573127,0.5675675675675675,1.0,7,0.21621621621621623,1.0388614599125938,0.26362294930636976,0.41891891891891886,0.16756756756756758,,unclassified_planar_candidate,dark_ridge,880,BH03,optical,False,provisional_report_ticks,unknown,78.12696461776098,0.03796172975077727,,,
22708.22225471439,1.3340752383083436,5.342012815325891,5.506074614512004,75.97817216772607,0.6162162162162163,1.0,7,0.0972972972972973,1.1951030189499072,0.37247199547318127,0.49864864864864866,0.3081081081081081,,unclassified_planar_candidate,dark_ridge,881,BH03,optical,False,provisional_report_ticks,unknown,78.17936519540852,0.019664552194685724,,,
22710.826871449353,-3.1844063554525177,-6.433378054348726,7.178356150736893,243.66541821967604,0.518918918918919,1.0,8,0.08648648648648649,0.9691652407603943,0.29772599166426567,0.4337837837837838,0.2,,unclassified_planar_candidate,bright_ridge,882,BH03,optical,False,provisional_report_ticks,unknown,78.18866739803339,0.025636986252631753,,,
22724.32620060588,1.2434554429042262,-5.8313320777706465,5.962433667532501,282.03729284547643,0.7135135135135136,1.0,7,0.10270270270270271,0.7994043804072037,0.4904705384924926,0.5040540540540541,0.4,,unclassified_planar_candidate,dark_ridge,883,BH03,optical,False,provisional_report_ticks,unknown,78.23687928787812,0.021294405955473213,,,
22730.38198360811,-1.9573160444500457,-7.287867084254466,7.54613097789995,254.96671862250642,0.7945945945945946,1.0,8,0.06486486486486487,0.7528547707967187,0.5781400959483446,0.5283783783783784,0.5351351351351351,,unclassified_planar_candidate,bright_ridge,884,BH03,optical,False,provisional_report_ticks,unknown,78.25850708431466,0.0269504677782141,,,
22741.905461097922,-2.1835058594191787,-1.2633890221203041,2.5226671717315354,210.05392052626866,0.6864864864864865,1.0,8,0.11351351351351352,1.1448174921494396,0.338017804963495,0.4067567567567567,0.41081081081081083,,unclassified_planar_candidate,bright_ridge,885,BH03,optical,False,provisional_report_ticks,unknown,78.299662361064,0.00900952561332691,,,
22747.56302476403,-2.0412473729148157,-8.958753172664432,9.188359442585854,257.164314680495,0.8540540540540541,1.0,8,0.06486486486486487,0.9559516558083618,0.58072638298268,0.6256756756756757,0.4756756756756757,,unclassified_planar_candidate,bright_ridge,886,BH03,optical,False,provisional_report_ticks,unknown,78.3198679455858,0.03281556943780661,,,
22778.3526642763,4.771737189205449,-6.647566635526469,8.182885675396609,305.6714327834765,0.6972972972972973,1.0,6,0.11351351351351352,0.9481273613311826,0.4506450528959501,0.5283783783783784,0.6756756756756757,,unclassified_planar_candidate,bright_ridge,887,BH03,optical,False,provisional_report_ticks,unknown,78.42983094384391,0.029224591697845023,,,
22809.889147518545,-1.28632833179174,-8.256859824330315,8.356457068387904,261.1451238393061,0.7513513513513513,1.0,8,0.04864864864864865,1.185156902779273,0.4815207169011806,0.6851351351351351,0.34054054054054056,,unclassified_planar_candidate,dark_ridge,888,BH03,optical,False,provisional_report_ticks,unknown,78.54246124113764,0.029844489529956792,,,
22832.0265543247,-2.1152887788945076,-7.1277241091405354,7.434977982088465,253.47073470488226,0.6594594594594595,1.0,8,0.05405405405405406,0.7104626924365511,0.49227118319611357,0.6297297297297297,0.15675675675675677,,unclassified_planar_candidate,dark_ridge,889,BH03,optical,False,provisional_report_ticks,unknown,78.6215234083025,0.02655349279317308,,,
22834.329117542,5.781634506304741,13.237097192464073,14.444654362331898,66.40549242408078,0.7567567567567568,1.0,8,0.043243243243243246,0.6413431666589263,0.5846741762855985,0.6175675675675676,0.2702702702702703,,unclassified_planar_candidate,bright_ridge,890,BH03,optical,False,provisional_report_ticks,unknown,78.62974684836428,0.05158805129404248,,,
22847.306717867606,-1.0299668924665328,-3.420796241673089,3.572489149965594,253.24348713958642,0.5513513513513514,1.0,7,0.1837837837837838,1.273580479469112,0.24184430424174383,0.41081081081081083,0.2864864864864865,,unclassified_planar_candidate,bright_ridge,891,BH03,optical,False,provisional_report_ticks,unknown,78.67609542095572,0.01275888982130569,,,
22853.90155644752,-3.7965101949032256,-6.869650631646172,7.8489228216922085,241.07277987342553,0.8648648648648649,1.0,8,0.02702702702702703,0.96902778649103,0.6092112165503993,0.741891891891892,0.6432432432432432,,unclassified_planar_candidate,dark_ridge,892,BH03,optical,False,provisional_report_ticks,unknown,78.69964841588398,0.02803186722032931,,,
22878.76670106789,-9.201505359788385,-0.3456610219930177,9.207995570608167,182.1513446651903,0.5405405405405406,1.0,6,0.15135135135135136,0.9460548656366188,0.24149617900572443,0.36081081081081084,0.24864864864864866,,unclassified_planar_candidate,bright_ridge,893,BH03,optical,False,provisional_report_ticks,unknown,78.78845250381387,0.03288569846645773,,,
22882.81190873539,-0.2278470260512792,-12.74050064602459,12.742537854706706,268.9754498778483,0.8054054054054054,1.0,8,0.07027027027027027,0.7716698293914299,0.5789760632148633,0.6378378378378378,0.3567567567567568,,unclassified_planar_candidate,bright_ridge,894,BH03,optical,False,provisional_report_ticks,unknown,78.80289967405496,0.04550906376680965,,,
22899.20250650886,-12.923104699072935,-5.412939616436886,14.010943949441554,202.7267394324978,0.6324324324324324,1.0,8,0.0918918918918919,0.9915577401390478,0.4126757997978902,0.5148648648648648,0.2648648648648649,,unclassified_planar_candidate,dark_ridge,895,BH03,optical,False,provisional_report_ticks,unknown,78.86143752324591,0.05003908553371982,,,
22909.563338591463,6.284773578344191,-2.942791835393532,6.939625545914713,334.9090559949904,0.5081081081081081,1.0,6,0.11891891891891893,1.2303223971605122,0.20634596986712112,0.3472972972972973,0.1891891891891892,,unclassified_planar_candidate,dark_ridge,896,BH03,optical,False,provisional_report_ticks,unknown,78.89844049496949,0.024784376949695396,,,
22953.042832709907,9.670151383362638,0.6911180834588057,9.69481675857951,4.087933393215637,0.5135135135135135,1.0,7,0.20540540540540542,1.3620962177683078,0.21640665632886621,0.4175675675675675,0.22702702702702704,,unclassified_planar_candidate,dark_ridge,897,BH03,optical,False,provisional_report_ticks,unknown,79.05372440253537,0.03462434556635538,,,
22962.70431404866,-8.991695984945931,-0.23972975921732473,8.994891163496487,181.52721470334913,0.8702702702702703,1.0,8,0.032432432432432434,0.4904177114529754,0.7150562630412874,0.6689189189189189,0.31891891891891894,,unclassified_planar_candidate,bright_ridge,898,BH03,optical,False,provisional_report_ticks,unknown,79.08822969303091,0.03212461129820173,,,
22992.021904451998,2.911562646111689,-1.5135861871777807,3.2814844488810655,332.5321736019655,0.5621621621621622,1.0,6,0.10810810810810811,0.9424469963056759,0.34048451755973475,0.4648648648648649,0.3081081081081081,,unclassified_planar_candidate,bright_ridge,899,BH03,optical,False,provisional_report_ticks,unknown,79.19293537304283,0.011719587317432374,,,
23047.184215216737,1.086334123781972,-3.17512251216004,3.3558195415901952,288.88783206276025,0.572972972972973,1.0,7,0.12432432432432433,1.2265719597738995,0.2432623988996703,0.3648648648648649,0.22702702702702704,,unclassified_planar_candidate,dark_ridge,900,BH03,optical,False,provisional_report_ticks,unknown,79.38994362577405,0.01198506979139355,,,
23060.77136917869,1.038798954808383,-2.0487311659959953,2.2970421543877464,296.887060722865,0.6054054054054054,1.0,7,0.08648648648648649,0.9685615603728636,0.31278343310842516,0.39054054054054055,0.22162162162162163,,unclassified_planar_candidate,bright_ridge,901,BH03,optical,False,provisional_report_ticks,unknown,79.43846917563816,0.008203721979956235,,,
23066.352133398774,9.109892068008186,0.6796010109880852,9.135206129305157,4.266381688765624,0.6324324324324324,1.0,8,0.04864864864864865,1.272677618675639,0.3723766472347144,0.4729729729729729,0.21621621621621623,,unclassified_planar_candidate,bright_ridge,902,BH03,optical,False,provisional_report_ticks,unknown,79.45840047642417,0.03262573617608984,,,
23076.676722455595,7.68721560165662,3.6340764847955964,8.502928648630263,25.302109774013115,0.5567567567567567,1.0,7,0.10270270270270271,1.148008627103113,0.2707423484053531,0.39729729729729724,0.20540540540540542,,unclassified_planar_candidate,dark_ridge,903,BH03,optical,False,provisional_report_ticks,unknown,79.49527400876997,0.030367602316536645,,,
23091.446695686245,1.7226700909912818,3.668505455951601,4.052841536840859,64.84601871701652,0.6162162162162163,1.0,7,0.12972972972972974,1.062724456756845,0.3020625423425073,0.40135135135135136,0.15675675675675677,,unclassified_planar_candidate,dark_ridge,904,BH03,optical,False,provisional_report_ticks,unknown,79.54802391316515,0.01447443406014592,,,
23107.773471120057,0.7540255054482059,-0.7048079659072054,1.0321379421727868,316.93228916341104,0.7783783783783784,1.0,8,0.04864864864864865,0.7017539271712767,0.5860604537874734,0.5648648648648649,0.32972972972972975,near_horizontal_check_acquisition_artifact,unclassified_planar_candidate,bright_ridge,905,BH03,optical,False,provisional_report_ticks,unknown,79.60633382542876,0.00368620693633138,,,
23127.657488802575,-7.16870501865104,-7.437134423991733,10.32963213696187,226.05287620545423,0.8756756756756757,1.0,8,0.02702702702702703,0.8763004914713177,0.6361896120898629,0.7054054054054054,0.4594594594594595,,unclassified_planar_candidate,bright_ridge,906,BH03,optical,False,provisional_report_ticks,unknown,79.67734817429489,0.03689154334629238,,,
23156.208689613137,-13.577882394269494,-4.17636160406683,14.205663890172017,197.09714560265908,0.5567567567567567,1.0,8,0.11351351351351352,1.2316509354570282,0.2265041284482583,0.3459459459459459,0.1837837837837838,,unclassified_planar_candidate,dark_ridge,907,BH03,optical,False,provisional_report_ticks,unknown,79.77931674861833,0.05073451389347148,,,
23157.45534579362,-4.515999489508694,-2.2109932921977054,5.0281947781869025,206.08596011191264,0.5675675675675675,1.0,7,0.14594594594594595,1.1697653679325415,0.22886534144713516,0.34864864864864864,0.20540540540540542,,unclassified_planar_candidate,dark_ridge,908,BH03,optical,False,provisional_report_ticks,unknown,79.78376909212005,0.01795783849352465,,,
23190.174422823948,-5.256725439396344,-10.295015143353725,11.55943334022387,242.9507430711739,0.7243243243243244,1.0,7,0.06486486486486487,1.0722533815320305,0.4737867042714128,0.6472972972972973,0.3891891891891892,,unclassified_planar_candidate,bright_ridge,909,BH03,optical,False,provisional_report_ticks,unknown,79.90062293865694,0.041283690500799525,,,
23200.6833485485,-4.690173924078773,-7.122859738547341,8.528356365275032,236.63638225309148,0.5513513513513514,1.0,6,0.12432432432432433,0.9162979413859197,0.3115066356873038,0.43783783783783786,0.16756756756756758,,unclassified_planar_candidate,dark_ridge,910,BH03,optical,False,provisional_report_ticks,unknown,79.93815481624463,0.030458415590267962,,,
23223.490521547614,-3.176069927228045,-6.099407347830475,6.876786326287211,242.49320504457083,0.9837837837837838,1.0,8,0.010810810810810811,0.9817860954830457,0.7015375574728698,0.9013513513513514,0.9891891891891892,,unclassified_planar_candidate,bright_ridge,911,BH03,optical,False,provisional_report_ticks,unknown,80.01960900552717,0.02455995116531146,,,
23245.590913609474,-7.869810805707111,-3.99684566788692,8.826590361545666,206.92467674868877,0.7243243243243244,1.0,8,0.03783783783783784,0.7948856065981897,0.5346996087322069,0.5540540540540541,0.17297297297297298,,unclassified_planar_candidate,dark_ridge,912,BH03,optical,False,provisional_report_ticks,unknown,80.09853897717667,0.03152353700552023,,,
23245.816622425154,-1.7482092221039753,-10.139039692579237,10.28865206778549,260.2170500524417,0.518918918918919,1.0,6,0.20540540540540542,1.3072637492877959,0.2183937494763081,0.4094594594594595,0.21081081081081082,,unclassified_planar_candidate,bright_ridge,913,BH03,optical,False,provisional_report_ticks,unknown,80.09934508008982,0.03674518595637674,,,
23268.735977471577,-1.833004142037975,-5.353632840215733,5.658735616068729,251.09956002127353,0.518918918918919,1.0,7,0.22162162162162163,0.9719012725017931,0.2558211427551497,0.43783783783783786,0.16756756756756758,,unclassified_planar_candidate,dark_ridge,914,BH03,optical,False,provisional_report_ticks,unknown,80.18119991954133,0.020209770057388315,,,
23274.795950552692,-6.239181020929839,-8.557444759908796,10.590431560178349,233.90443703413604,0.9675675675675676,1.0,8,0.010810810810810811,0.8960104462218962,0.709986132934907,0.9216216216216216,0.9891891891891892,,unclassified_planar_candidate,bright_ridge,915,BH03,optical,False,provisional_report_ticks,unknown,80.20284268054532,0.037822969857779803,,,
23288.11759634616,-2.988477816718871,-7.197602733476401,7.793361583422634,247.45154992708757,0.5513513513513514,1.0,7,0.11351351351351352,0.8511208769085151,0.2795070664264308,0.37972972972972974,0.22162162162162163,,unclassified_planar_candidate,dark_ridge,916,BH03,optical,False,provisional_report_ticks,unknown,80.25041998695056,0.0278334342265094,,,
23297.143859442298,-2.114355506315782,1.576580075943755,2.6374426899841223,143.28975744543524,0.654054054054054,1.0,7,0.12432432432432433,1.0400592721322766,0.3819588965545522,0.4716216216216216,0.1783783783783784,,unclassified_planar_candidate,dark_ridge,917,BH03,optical,False,provisional_report_ticks,unknown,80.28265664086534,0.00941943817851472,,,
23305.715684227747,2.1904408136563362,0.975188318586571,2.397712079220342,23.998717151356725,0.8216216216216217,1.0,8,0.043243243243243246,0.8534135929691306,0.5914651032219579,0.6972972972972973,0.4702702702702703,,unclassified_planar_candidate,bright_ridge,918,BH03,optical,False,provisional_report_ticks,unknown,80.31327030081337,0.008563257425786935,,,
23317.952289037206,1.064047418395059,-3.951649262482386,4.092398905565142,285.0704058185558,0.7243243243243244,1.0,8,0.08108108108108109,0.9628543593797527,0.45284603404207013,0.46891891891891896,0.3945945945945946,,unclassified_planar_candidate,dark_ridge,919,BH03,optical,False,provisional_report_ticks,unknown,80.35697246084715,0.014615710377018361,,,
23323.623085986317,0.4513764452405142,-5.4986759070258655,5.517171143423474,274.6927859362859,0.5297297297297298,1.0,6,0.17297297297297298,1.0928879718395113,0.2179748869384453,0.3581081081081081,0.3027027027027027,,unclassified_planar_candidate,bright_ridge,920,BH03,optical,False,provisional_report_ticks,unknown,80.37722530709398,0.01970418265508383,,,
23330.236808621106,-0.6771699319396236,-7.8675999170519635,7.896688392707362,265.08063534420063,0.6972972972972973,1.0,8,0.08108108108108109,1.0684790768872219,0.38690642777080697,0.43108108108108106,0.2594594594594595,,unclassified_planar_candidate,dark_ridge,921,BH03,optical,False,provisional_report_ticks,unknown,80.40084574507536,0.02820245854538343,,,
23359.62217860322,-1.1653982806540684,-2.613497216527024,2.8615591647467227,245.9671785728247,0.7297297297297297,1.0,8,0.04864864864864865,0.734006986923591,0.5156440101033029,0.4743243243243243,0.23243243243243245,,unclassified_planar_candidate,bright_ridge,922,BH03,optical,False,provisional_report_ticks,unknown,80.50579349501147,0.010219854159809721,,,
23371.334284909724,6.825134604255967,-3.4868305373145256,7.664231831185782,332.9383813198837,0.5513513513513514,1.0,8,0.11351351351351352,1.0181609783423817,0.21921025222522236,0.31486486486486487,0.20540540540540542,,unclassified_planar_candidate,dark_ridge,923,BH03,optical,False,provisional_report_ticks,unknown,80.54762244610615,0.027372256539949215,,,
23375.10461856792,-6.18497453794685,-5.009881984250416,7.959448946451491,219.00776682645318,0.745945945945946,1.0,8,0.043243243243243246,1.0658310530250836,0.48811204581381024,0.48783783783783785,0.43783783783783786,,unclassified_planar_candidate,bright_ridge,924,BH03,optical,False,provisional_report_ticks,unknown,80.56108792345684,0.028426603380183886,,,
23377.99211358194,-4.1818945685786275,2.80852274253504,5.037463863696093,146.11504615177464,0.5675675675675675,1.0,6,0.14054054054054055,1.2668991050709246,0.15556479372951323,0.2432432432432432,0.20540540540540542,,unclassified_planar_candidate,bright_ridge,925,BH03,optical,False,provisional_report_ticks,unknown,80.57140040564977,0.017990942370343186,,,
23395.11602312384,-1.1326996450639333,8.351601142315053,8.428063248828051,97.72370632128377,0.518918918918919,1.0,8,0.12432432432432433,1.497913906913527,0.19902474677571838,0.36081081081081084,0.2,,unclassified_planar_candidate,dark_ridge,926,BH03,optical,False,provisional_report_ticks,unknown,80.63255722544227,0.030100225888671603,,,
23403.613580603418,-3.7060746802619677,-6.577530730368611,7.549761588594854,240.60114654804985,0.8216216216216217,1.0,8,0.032432432432432434,1.0038156107190297,0.5689000456160578,0.6972972972972973,0.5513513513513514,,unclassified_planar_candidate,bright_ridge,927,BH03,optical,False,provisional_report_ticks,unknown,80.66290564501219,0.026963434244981613,,,
23430.053389783632,-7.523182432259446,-8.349643979412532,11.238986986912881,227.98056785870506,0.8648648648648649,1.0,8,0.02702702702702703,0.6851031513303308,0.6696844142019731,0.7094594594594594,0.44324324324324327,,unclassified_planar_candidate,bright_ridge,928,BH03,optical,False,provisional_report_ticks,unknown,80.75733353494152,0.04013923923897456,,,
23449.929601100856,-0.7151370198028071,-7.296251554815088,7.331214613434395,264.40207439851883,0.5081081081081081,1.0,6,0.25405405405405407,1.0312383189517507,0.1757883492767286,0.327027027027027,0.16216216216216217,,unclassified_planar_candidate,bright_ridge,929,BH03,optical,False,provisional_report_ticks,unknown,80.82832000393161,0.02618290933369426,,,
23464.661034672226,-9.661829001350986,-3.5375124736361534,10.289068672745769,200.10933536290628,0.6,1.0,8,0.0918918918918919,1.0189609346906336,0.36173994729735187,0.4662162162162162,0.1783783783783784,,unclassified_planar_candidate,dark_ridge,930,BH03,optical,False,provisional_report_ticks,unknown,80.88093226668651,0.03674667383123488,,,
23526.452539017635,-1.1092441747402202,-2.875448875221873,3.081984567321817,248.905189424536,0.7351351351351352,1.0,8,0.08108108108108109,1.0013840602482715,0.4838148367704009,0.6067567567567568,0.41081081081081083,,unclassified_planar_candidate,bright_ridge,931,BH03,optical,False,provisional_report_ticks,unknown,81.10161621077725,0.011007087740435057,,,
23571.483263000155,-1.7752862988156655,-7.245774016720421,7.460085960908454,256.2331647179859,0.5243243243243243,1.0,6,0.22162162162162163,0.9115368415003222,0.23280730593636415,0.3864864864864864,0.32972972972972975,,unclassified_planar_candidate,dark_ridge,932,BH03,optical,False,provisional_report_ticks,unknown,81.26244022500053,0.026643164146101617,,,
23596.077735718573,-6.055079881597435,2.400870875485033,6.513691221824863,158.3714148507699,0.8486486486486486,1.0,8,0.0918918918918919,0.3612122891488483,0.6832421374679246,0.7918918918918919,0.4810810810810811,,unclassified_planar_candidate,bright_ridge,933,BH03,optical,False,provisional_report_ticks,unknown,81.35027762756631,0.02326318293508879,,,
23596.151476450515,-3.8056091085002963,-6.554205516378347,7.5789359832119425,239.85899762660432,0.5621621621621622,1.0,7,0.22702702702702704,1.2616739826741716,0.24216302206875873,0.4243243243243243,0.35135135135135137,,unclassified_planar_candidate,dark_ridge,934,BH03,optical,False,provisional_report_ticks,unknown,81.35054098732326,0.027067628511471216,,,
23647.245452774478,-5.720862745101286,-10.359108242445844,11.833824154811378,241.09013321718265,0.6054054054054054,1.0,7,0.11891891891891893,1.0943851421992157,0.3703682028047695,0.5027027027027027,0.2864864864864865,,unclassified_planar_candidate,dark_ridge,935,BH03,optical,False,provisional_report_ticks,unknown,81.53301947419455,0.04226365769575491,,,
23675.482522968487,-2.59324046104339,-5.305727394427622,5.90556003040967,243.95235068166212,0.972972972972973,1.0,8,0.005405405405405406,0.48537663380083695,0.8231545948062495,0.7472972972972973,1.0,,unclassified_planar_candidate,dark_ridge,936,BH03,optical,False,provisional_report_ticks,unknown,81.63386615345887,0.021091285822891673,,,
23692.56829191678,-4.612569383199151,-4.566837921264586,6.490901702685571,224.71455694302233,0.7243243243243244,1.0,8,0.03783783783783784,1.4911347694954806,0.4239527693154413,0.5891891891891892,0.1783783783783784,,unclassified_planar_candidate,bright_ridge,937,BH03,optical,False,provisional_report_ticks,unknown,81.69488675684563,0.023181791795305606,,,
23698.746870460294,3.4913385294367085,6.01493695898784,6.954776153675053,59.86720301834741,0.6270270270270271,1.0,8,0.08108108108108109,1.1472173466446514,0.24647506712357242,0.31351351351351353,0.2702702702702703,,unclassified_planar_candidate,dark_ridge,938,BH03,optical,False,provisional_report_ticks,unknown,81.71695310878675,0.02483848626312518,,,
23699.1387981365,-4.587518356400131,-4.956896860490157,6.753972990458678,227.21629844909666,0.9837837837837838,1.0,8,0.005405405405405406,0.7400119049156209,0.7645714177043026,0.7148648648648649,1.0,,unclassified_planar_candidate,dark_ridge,939,BH03,optical,False,provisional_report_ticks,unknown,81.71835285048749,0.024121332108780986,,,
23734.05855556362,0.07055309922390753,-6.453459537879748,6.453845190803789,270.626366951482,0.6864864864864865,1.0,7,0.10270270270270271,0.7162180701602272,0.3855056729123146,0.39729729729729724,0.3837837837837838,,unclassified_planar_candidate,dark_ridge,940,BH03,optical,False,provisional_report_ticks,unknown,81.84306626987006,0.023049447110013527,,,
23748.315958831823,1.1767020837276834,-6.033184870039056,6.146864848841013,281.036322692266,0.8756756756756757,1.0,8,0.02702702702702703,0.764266243346713,0.6603971526606346,0.5148648648648649,0.5567567567567567,,unclassified_planar_candidate,dark_ridge,941,BH03,optical,False,provisional_report_ticks,unknown,81.8939855672565,0.021953088745860758,,,
23767.417276757915,-4.155416073764262,-6.097988171010428,7.3792237044205065,235.7278981314086,0.7027027027027027,1.0,6,0.10270270270270271,1.0958848995036847,0.41866237546914176,0.4783783783783784,0.3675675675675676,,unclassified_planar_candidate,dark_ridge,942,BH03,optical,False,provisional_report_ticks,unknown,81.96220455984968,0.026354370372930373,,,
23793.693985292142,-3.8778375725119463,-6.772619555528656,7.80422961494051,240.20559496826473,0.9837837837837838,1.0,8,0.005405405405405406,0.4250373242997301,0.8492103905200199,0.8432432432432433,1.0,,unclassified_planar_candidate,bright_ridge,943,BH03,optical,False,provisional_report_ticks,unknown,82.05604994747192,0.02787224862478753,,,
23794.286518941157,0.9794432776802009,2.9108398841940217,3.0712046440456553,71.402874503538,0.5243243243243243,1.0,6,0.10810810810810811,1.2349030518815274,0.19260511061696708,0.31081081081081074,0.16756756756756758,,unclassified_planar_candidate,dark_ridge,944,BH03,optical,False,provisional_report_ticks,unknown,82.05816613907554,0.010968588014448766,,,
23795.90799374373,5.779582940775042,-10.69747414980744,12.158928084132102,298.3812650975681,0.6324324324324324,1.0,7,0.07567567567567568,1.009217280591733,0.3464782693267489,0.41486486486486485,0.2918918918918919,,unclassified_planar_candidate,dark_ridge,945,BH03,optical,False,provisional_report_ticks,unknown,82.06395712051331,0.04342474315761464,,,
23895.71795176011,-4.508439603890839,-6.28173829901567,7.732157766060627,234.33277947052287,0.6054054054054054,1.0,6,0.11891891891891893,0.6874749818596788,0.424170023485838,0.5027027027027027,0.1783783783783784,,unclassified_planar_candidate,bright_ridge,946,BH03,optical,False,provisional_report_ticks,unknown,82.42042125628609,0.02761484916450223,,,
23932.796815554473,-13.867946735280574,5.59102571220236,14.95257553624415,158.042592800115,0.5837837837837838,1.0,7,0.12432432432432433,1.336264443112194,0.2982492764108142,0.4554054054054054,0.16756756756756758,,unclassified_planar_candidate,dark_ridge,947,BH03,optical,False,provisional_report_ticks,unknown,82.55284576983739,0.05340205548658624,,,
23943.865188429532,-6.684082332625333,-4.3502927519163315,7.975086435687696,213.05783644686036,0.5945945945945946,1.0,8,0.13513513513513514,0.9571025774095346,0.32932924436611716,0.4405405405405406,0.2648648648648649,,unclassified_planar_candidate,dark_ridge,948,BH03,optical,False,provisional_report_ticks,unknown,82.5923756729626,0.028482451556027476,,,
23979.305816533582,-3.3510583448649762,-0.5234930756173641,3.3917012001219273,188.87882669642553,0.5621621621621622,1.0,8,0.0918918918918919,1.2160088196364334,0.1941085157072169,0.2851351351351351,0.21621621621621623,,unclassified_planar_candidate,dark_ridge,949,BH03,optical,False,provisional_report_ticks,unknown,82.71894934476278,0.012113218571864023,,,
23984.41506120428,-8.269835792904788,-13.080661721648607,15.475590299494629,237.69817015842307,0.572972972972973,1.0,6,0.24864864864864866,1.1131960061659631,0.267342552702413,0.45,0.4486486486486487,,unclassified_planar_candidate,bright_ridge,950,BH03,optical,False,provisional_report_ticks,unknown,82.73719664715813,0.055269965355337944,,,
24000.059809786333,2.404668709587613,-7.81431959435758,8.175941678218514,287.10448839203286,0.6864864864864865,1.0,8,0.06486486486486487,1.046703537120734,0.3929016194070656,0.43378378378378374,0.2,,unclassified_planar_candidate,dark_ridge,951,BH03,optical,False,provisional_report_ticks,unknown,82.79307074923689,0.029199791707923257,,,
24001.723860217247,-3.383791084070843,5.388594663706358,6.362939144008998,122.12694228478992,0.5243243243243243,1.0,7,0.14054054054054055,1.3054714616015373,0.2774469727234525,0.47567567567567565,0.23783783783783785,,unclassified_planar_candidate,bright_ridge,952,BH03,optical,False,provisional_report_ticks,unknown,82.79901378649015,0.022724782657174987,,,
24002.09927854366,-16.070574384448193,-5.4431634823622534,16.967362486308954,198.71143216712818,0.6054054054054054,1.0,8,0.05405405405405406,1.2745492369217577,0.2307468798972925,0.3081081081081081,0.16756756756756758,,unclassified_planar_candidate,dark_ridge,953,BH03,optical,False,provisional_report_ticks,unknown,82.80035456622734,0.060597723165389104,,,
24004.410234442945,3.4738482739826506,-26.720500284344574,26.945366155914652,277.4072985067125,0.5027027027027027,1.0,7,0.14054054054054055,1.212698830138073,0.2049908629888721,0.3554054054054054,0.17297297297297298,,unclassified_planar_candidate,dark_ridge,954,BH03,optical,False,provisional_report_ticks,unknown,82.80860798015335,0.09623345055683802,,,
24039.5686130444,-0.3659065391190111,-5.461804534921146,5.474047531128612,266.16727038510555,0.8864864864864865,1.0,8,0.032432432432432434,0.529344316632065,0.7189902211095432,0.7027027027027027,0.44324324324324327,,unclassified_planar_candidate,bright_ridge,955,BH03,optical,False,provisional_report_ticks,unknown,82.9341736180157,0.01955016975403075,,,
24052.147528611076,2.442792102262317,-4.5337316536519445,5.149947180525325,298.31595848914714,0.518918918918919,1.0,6,0.15675675675675677,0.9003643514094685,0.20148253050002476,0.31081081081081086,0.2810810810810811,,unclassified_planar_candidate,bright_ridge,956,BH03,optical,False,provisional_report_ticks,unknown,82.97909831646811,0.018392668501876156,,,
24084.91396095685,3.784875696917293,-0.3123400163145316,3.7977414771027433,355.2824590605242,0.5945945945945946,1.0,6,0.14054054054054055,0.9667449472061889,0.33222479872599187,0.4486486486486487,0.3891891891891892,,unclassified_planar_candidate,dark_ridge,957,BH03,optical,False,provisional_report_ticks,unknown,83.09612128913159,0.01356336241822408,,,
24085.56495640823,13.983554736060862,-3.9541916368040804,14.5318764981327,344.2104538294261,0.5621621621621622,1.0,6,0.1891891891891892,1.1275407283398058,0.2698620789448021,0.4310810810810811,0.21621621621621623,,unclassified_planar_candidate,bright_ridge,958,BH03,optical,False,provisional_report_ticks,unknown,83.09844627288652,0.05189955892190248,,,
24098.349587689037,4.271865545732497,5.50762260065619,6.970132133042764,52.20184763175167,0.9405405405405406,1.0,8,0.016216216216216217,0.5552945444010468,0.7689357636099112,0.7851351351351352,0.4702702702702703,,unclassified_planar_candidate,bright_ridge,959,BH03,optical,False,provisional_report_ticks,unknown,83.14410567031797,0.024893329046581293,,,
24107.267479972164,7.538851728873499,-2.5555729255159507,7.960228537395714,341.2740078801099,0.5567567567567567,1.0,6,0.12972972972972974,1.1327661229335009,0.23789159690998873,0.35810810810810806,0.1837837837837838,,unclassified_planar_candidate,dark_ridge,960,BH03,optical,False,provisional_report_ticks,unknown,83.17595528561486,0.02842938763355611,,,
24121.226684547444,-0.48860937647654407,0.28443401867432694,0.5653687590944733,149.79504510252173,0.654054054054054,1.0,7,0.14594594594594595,0.8335504275553842,0.3373265376372578,0.39864864864864863,0.41081081081081083,near_horizontal_check_acquisition_artifact,unclassified_planar_candidate,bright_ridge,961,BH03,optical,False,provisional_report_ticks,unknown,83.22580958766943,0.002019174139623118,,,
24130.03499837684,4.249151199375955,-5.467907154965289,6.924831735896456,307.85104417083664,0.6810810810810811,1.0,7,0.10270270270270271,1.1022131372883754,0.4232271129620418,0.5337837837837838,0.25405405405405407,,unclassified_planar_candidate,dark_ridge,962,BH03,optical,False,provisional_report_ticks,unknown,83.25726785134584,0.024731541913915907,,,
24154.397748488416,2.4174247223015137,1.3920826120060537,2.7895942871041566,29.935641614757987,0.5351351351351351,1.0,7,0.12432432432432433,0.9789000608938931,0.2906175585534419,0.42972972972972967,0.20540540540540542,,unclassified_planar_candidate,dark_ridge,963,BH03,optical,False,provisional_report_ticks,unknown,83.3442776731729,0.009962836739657699,,,
24160.361794370532,-5.955554586440274,-4.428936169511223,7.421866748040855,216.6368821381541,0.7837837837837838,1.0,8,0.043243243243243246,0.9849769188223044,0.540017455595355,0.577027027027027,0.16756756756756758,,unclassified_planar_candidate,bright_ridge,964,BH03,optical,False,provisional_report_ticks,unknown,83.3655778370376,0.02650666695728876,,,
24160.662303540103,8.454262070347173,-3.9324177938755787,9.324079410842668,335.05496435741543,0.5297297297297298,1.0,7,0.11351351351351352,1.2206287160362579,0.18419470063691165,0.2945945945945946,0.1783783783783784,,unclassified_planar_candidate,dark_ridge,965,BH03,optical,False,provisional_report_ticks,unknown,83.36665108407178,0.03330028361015237,,,
24165.459090899356,-2.024304085566409,3.890498384517145,4.385633900677457,117.48886152964963,0.7135135135135136,1.0,7,0.11351351351351352,1.2635391326248784,0.38369194335631496,0.4621621621621622,0.3081081081081081,,unclassified_planar_candidate,bright_ridge,966,BH03,optical,False,provisional_report_ticks,unknown,83.38378246749768,0.0156629782167052,,,
24173.227122156582,-3.0567537740969217,-4.889838264125851,5.76665083777101,237.98952057247192,0.6972972972972973,1.0,8,0.043243243243243246,0.5910150870953522,0.3760913244634004,0.34324324324324323,0.23783783783783785,,unclassified_planar_candidate,bright_ridge,967,BH03,optical,False,provisional_report_ticks,unknown,83.4115254362735,0.020595181563467888,,,
24182.634870834652,-4.288964185840087,1.9223535288759286,4.700069880055047,155.8576348915159,0.7297297297297297,1.0,8,0.10270270270270271,1.1031486506576045,0.4508658798114754,0.49729729729729727,0.23783783783783785,,unclassified_planar_candidate,dark_ridge,968,BH03,optical,False,provisional_report_ticks,unknown,83.44512453869517,0.016785963857339447,,,
24193.148361181942,-4.299914748611814,-10.621304205560445,11.458680983096851,247.9599936144659,0.6918918918918919,1.0,7,0.0972972972972973,1.2411907123507282,0.37947172179438515,0.4594594594594595,0.2702702702702703,,unclassified_planar_candidate,bright_ridge,969,BH03,optical,False,provisional_report_ticks,unknown,83.48267271850692,0.040923860653917316,,,
24199.142115359464,8.176746488156123,-20.351977016031604,21.933129088040587,291.8886183722717,0.5027027027027027,1.0,7,0.0972972972972973,1.0301944825081135,0.17312962521805147,0.26891891891891884,0.1945945945945946,,unclassified_planar_candidate,dark_ridge,970,BH03,optical,False,provisional_report_ticks,unknown,83.50407898342664,0.07833260388585922,,,
24201.742259488237,-1.3156214434506384,-8.358243142591382,8.461151707252565,261.05480506524964,0.7567567567567568,1.0,8,0.08648648648648649,1.0446291031445083,0.4313122175714307,0.4418918918918919,0.2756756756756757,,unclassified_planar_candidate,dark_ridge,971,BH03,optical,False,provisional_report_ticks,unknown,83.51336521245797,0.03021839895447344,,,
24230.08534370824,-1.147555588711611,-6.768250569023975,6.8648451981291325,260.3770261027274,0.9621621621621622,1.0,8,0.016216216216216217,0.8615017573796713,0.7102852243018102,0.7432432432432433,0.9837837837837838,,unclassified_planar_candidate,bright_ridge,972,BH03,optical,False,provisional_report_ticks,unknown,83.6145905132437,0.02451730427903261,,,
24237.811771396213,7.89932842282574,-4.507230617742418,9.094752188662278,330.2916097319037,0.6216216216216216,1.0,7,0.11351351351351352,1.4082778851377018,0.2719632698687433,0.39459459459459456,0.17297297297297298,,unclassified_planar_candidate,bright_ridge,973,BH03,optical,False,provisional_report_ticks,unknown,83.6421848978436,0.03248125781665098,,,
24240.415588243934,-1.4303033719802918,-6.015171166711299,6.1828837851550436,256.62445229614264,0.6594594594594595,1.0,7,0.15135135135135136,1.1839459476817775,0.3710410456556568,0.4918918918918919,0.4486486486486487,,unclassified_planar_candidate,dark_ridge,974,BH03,optical,False,provisional_report_ticks,unknown,83.65148424372832,0.02208172780412515,,,
24249.64396250587,-6.476587224004589,2.0908923361264646,6.805733820199836,162.1079178176726,0.6594594594594595,1.0,8,0.11351351351351352,1.3129710733115465,0.28559098775182623,0.3783783783783784,0.23783783783783785,,unclassified_planar_candidate,dark_ridge,975,BH03,optical,False,provisional_report_ticks,unknown,83.68444272323524,0.024306192214999408,,,
24268.826090989427,1.330526651221726,5.230806653907372,5.397373381578575,75.72869180170837,0.5837837837837838,1.0,7,0.07567567567567568,1.1526134365281886,0.22941868167388563,0.3121621621621622,0.1783783783783784,,unclassified_planar_candidate,dark_ridge,976,BH03,optical,False,provisional_report_ticks,unknown,83.75295032496223,0.019276333505637764,,,
24270.762421677275,1.4236664481912962,-4.703804506130197,4.9145297829595425,286.83910919188304,0.7081081081081081,1.0,7,0.14054054054054055,1.203685873232906,0.4074493089937742,0.5027027027027027,0.3621621621621622,,unclassified_planar_candidate,bright_ridge,977,BH03,optical,False,provisional_report_ticks,unknown,83.75986579170454,0.017551892081998362,,,
24280.324249960642,5.9720456617681785,-8.55247994646567,10.431214819997791,304.9259165558323,0.5135135135135135,1.0,7,0.14054054054054055,1.2523669642005095,0.20350572231554745,0.35,0.16216216216216217,,unclassified_planar_candidate,dark_ridge,978,BH03,optical,False,provisional_report_ticks,unknown,83.79401517843085,0.037254338642849244,,,
24288.22247033838,0.2620479426401782,1.476481720317836,1.4995557324336652,79.9358675692744,0.7027027027027027,1.0,8,0.11351351351351352,1.181813542777923,0.27817818578274706,0.33108108108108114,0.34594594594594597,near_horizontal_check_acquisition_artifact,unclassified_planar_candidate,bright_ridge,979,BH03,optical,False,provisional_report_ticks,unknown,83.82222310835134,0.005355556187263089,,,
24296.023367168757,1.512938301560361,-6.921086335168324,7.084519628258648,282.33079686477697,0.8108108108108109,1.0,8,0.043243243243243246,1.2375281657619632,0.5135355547074504,0.6391891891891892,0.2594594594594595,,unclassified_planar_candidate,bright_ridge,980,BH03,optical,False,provisional_report_ticks,unknown,83.85008345417411,0.02530185581520945,,,
24307.27805648528,-4.924461421159916,-9.053274044157831,10.30592505343961,241.4563470971244,0.6378378378378379,1.0,7,0.14594594594594595,1.2652859463825346,0.2819732196985509,0.3945945945945946,0.23783783783783785,,unclassified_planar_candidate,dark_ridge,981,BH03,optical,False,provisional_report_ticks,unknown,83.8902787731617,0.036806875190855744,,,
24311.855000937383,4.542072108062801,3.4982337111379227,5.73306707902357,37.60290831438399,0.7189189189189189,1.0,8,0.06486486486486487,1.0141512848351077,0.45871441678179903,0.4783783783783784,0.1837837837837838,,unclassified_planar_candidate,dark_ridge,982,BH03,optical,False,provisional_report_ticks,unknown,83.90662500334778,0.020475239567941315,,,
24345.366237305232,-5.675084622936594,-5.24054153513717,7.724626920375457,222.72030071827643,0.6378378378378379,1.0,7,0.0972972972972973,1.2159108795950442,0.2957175020985181,0.38513513513513514,0.3567567567567568,,unclassified_planar_candidate,dark_ridge,983,BH03,optical,False,provisional_report_ticks,unknown,84.02630799037581,0.027587953287055197,,,
24354.18775062191,-1.216956292713598,-3.4013137627005636,3.612467014480754,250.31329492954603,0.8162162162162162,1.0,8,0.05405405405405406,1.1388838881902978,0.5282034211470531,0.6256756756756756,0.6648648648648648,,unclassified_planar_candidate,bright_ridge,984,BH03,optical,False,provisional_report_ticks,unknown,84.05781339507823,0.012901667908859831,,,
24362.733683125647,0.4294186810717479,-2.48716411235591,2.523962306660811,279.79576863387746,0.7783783783783784,1.0,8,0.043243243243243246,1.1762118560823511,0.5031740037970767,0.5108108108108108,0.41081081081081083,,unclassified_planar_candidate,dark_ridge,985,BH03,optical,False,provisional_report_ticks,unknown,84.08833458259159,0.00901415109521718,,,
24372.57278427073,-11.208723351521888,-18.151772565420675,21.333596190931118,238.30466117779065,0.6162162162162163,1.0,8,0.10270270270270271,1.355925866444362,0.296709859990284,0.42162162162162165,0.25405405405405407,,unclassified_planar_candidate,bright_ridge,986,BH03,optical,False,provisional_report_ticks,unknown,84.1234742295383,0.07619141496761112,,,
24379.888936513787,-1.429710005593211,-4.6516924933615975,4.86644775507659,252.915050674515,0.6486486486486487,1.0,8,0.0972972972972973,0.9511521672537268,0.2950523801615733,0.34594594594594597,0.21621621621621623,,unclassified_planar_candidate,dark_ridge,987,BH03,optical,False,provisional_report_ticks,unknown,84.14960334469208,0.01738017055384496,,,
24392.45264989179,4.922571558529711,-10.400407153543565,11.506527699889563,295.32845868399227,0.654054054054054,1.0,8,0.0972972972972973,1.0047891204422346,0.3687237053585501,0.43648648648648647,0.22702702702702704,,unclassified_planar_candidate,bright_ridge,988,BH03,optical,False,provisional_report_ticks,unknown,84.19447374961352,0.041094741785319855,,,
24403.715841935147,2.9663768337969243,7.907959437480795,8.446017640576454,69.43828865943289,0.6918918918918919,1.0,7,0.0972972972972973,1.0515487467427103,0.4399017718736767,0.5054054054054055,0.3027027027027027,,unclassified_planar_candidate,dark_ridge,989,BH03,optical,False,provisional_report_ticks,unknown,84.23469943548265,0.03016434871634447,,,
24415.269585129197,-2.1058060563304584,-7.286126760658653,7.584330050786568,253.87986844219668,0.5513513513513514,1.0,7,0.12972972972972974,1.43477833617248,0.19372803412645453,0.3256756756756757,0.16216216216216217,,unclassified_planar_candidate,dark_ridge,990,BH03,optical,False,provisional_report_ticks,unknown,84.27596280403283,0.02708689303852345,,,
24431.557631276177,0.06979840141336241,0.06745724835919427,0.09706851804810296,,0.654054054054054,1.0,7,0.0918918918918919,0.8435702993805984,0.433823615153775,0.4837837837837838,0.3081081081081081,near_horizontal_check_acquisition_artifact,unclassified_planar_candidate,bright_ridge,991,BH03,optical,False,provisional_report_ticks,unknown,84.3341343974149,0.00034667327874322477,,,
24450.49826235583,-2.738817584198417,0.3950927055103702,2.767168228616026,171.79132980850179,0.5459459459459459,1.0,8,0.13513513513513514,1.28851594995105,0.1777371286909872,0.2891891891891891,0.1891891891891892,,unclassified_planar_candidate,dark_ridge,992,BH03,optical,False,provisional_report_ticks,unknown,84.40177950841367,0.009882743673628661,,,
24462.251215408483,0.5210247763130524,-7.7329318512824905,7.750464620531553,273.85461426127483,0.5243243243243243,1.0,7,0.22162162162162163,1.140644850489761,0.17119443692534778,0.30675675675675673,0.1837837837837838,,unclassified_planar_candidate,bright_ridge,993,BH03,optical,False,provisional_report_ticks,unknown,84.44375434074456,0.027680230787612684,,,
24467.81574321431,0.45591854177573365,-8.470171959247784,8.482433302771225,273.0810501104087,0.8648648648648649,1.0,8,0.021621621621621623,1.0114959728303647,0.6039848718700334,0.6310810810810812,0.3783783783783784,,unclassified_planar_candidate,dark_ridge,994,BH03,optical,False,provisional_report_ticks,unknown,84.4636276543368,0.03029440465275437,,,
24484.114340437176,0.9541679919089534,-8.761711803556572,8.813514071320595,276.21513279208216,0.6810810810810811,1.0,8,0.06486486486486487,1.0340664237951556,0.3121871229843227,0.34594594594594597,0.20540540540540542,,unclassified_planar_candidate,dark_ridge,995,BH03,optical,False,provisional_report_ticks,unknown,84.52183693013275,0.031476835969002116,,,
24498.531477120803,0.40153675073291845,-6.833971518549188,6.845757699373433,273.3626041729521,0.8486486486486486,1.0,8,0.04864864864864865,1.093700016988144,0.48645523080204933,0.4337837837837838,0.4972972972972973,,unclassified_planar_candidate,dark_ridge,996,BH03,optical,False,provisional_report_ticks,unknown,84.57332670400285,0.024449134640619395,,,
24499.53108250824,-8.634495160498181,-7.973950406462361,11.753228992978388,222.72245449320613,0.5405405405405406,1.0,8,0.16756756756756758,1.1897703927161936,0.17668203212133188,0.2918918918918919,0.1837837837837838,,unclassified_planar_candidate,bright_ridge,997,BH03,optical,False,provisional_report_ticks,unknown,84.5768967232437,0.04197581783206566,,,
24501.120358585365,-2.1320173453779843,0.11665058843728528,2.1352061541629537,176.8682576358237,0.572972972972973,1.0,8,0.11891891891891893,1.3333032806020055,0.19596607217400575,0.3027027027027027,0.21081081081081082,,unclassified_planar_candidate,bright_ridge,998,BH03,optical,False,provisional_report_ticks,unknown,84.58257270923343,0.0076257362648676896,,,
24513.556558465512,2.6912179527977926,-7.720582836126851,8.17618819493275,289.21738212491647,0.9081081081081082,1.0,8,0.032432432432432434,0.8703670724468241,0.6573857972611856,0.5418918918918919,0.4,,unclassified_planar_candidate,dark_ridge,999,BH03,optical,False,provisional_report_ticks,unknown,84.62698770880539,0.029200672124759814,,,
24520.543015168005,1.415228038793632,-7.526581153318751,7.6584785864609355,280.6490245455991,0.772972972972973,1.0,8,0.08648648648648649,0.8519195957074879,0.5171923218886179,0.4864864864864865,0.33513513513513515,,unclassified_planar_candidate,bright_ridge,1000,BH03,optical,False,provisional_report_ticks,unknown,84.65193933988571,0.027351709237360477,,,
24525.736069863346,1.7227832994052206,-7.947925343598104,8.132496514854378,282.23016844403435,0.6864864864864865,1.0,8,0.03783783783783784,0.7025781027821353,0.14971861810370632,0.14324324324324322,0.16216216216216217,,unclassified_planar_candidate,dark_ridge,1001,BH03,optical,False,provisional_report_ticks,unknown,84.67048596379765,0.029044630410194196,,,
24534.60457565223,1.5765191480446796,-7.366852336447994,7.533652896914005,282.07919943743013,0.7945945945945946,1.0,8,0.03783783783783784,0.699630521078541,0.47457872204420154,0.3918918918918919,0.3891891891891892,,unclassified_planar_candidate,dark_ridge,1002,BH03,optical,False,provisional_report_ticks,unknown,84.70215919875794,0.026905903203264296,,,
24544.090053510314,1.2785245343571037,-3.608927112192145,3.828704726936851,289.5075669325057,0.6918918918918919,1.0,8,0.07567567567567568,1.1425555100005078,0.354307465083073,0.4054054054054055,0.25405405405405407,,unclassified_planar_candidate,dark_ridge,1003,BH03,optical,False,provisional_report_ticks,unknown,84.73603590539396,0.013673945453345892,,,
24553.72823462054,-2.21590836993941,0.3599382500619278,2.244951101432986,170.77381339898025,0.6324324324324324,1.0,7,0.12432432432432433,0.8274861667778056,0.3669165706126628,0.43648648648648647,0.41081081081081083,,unclassified_planar_candidate,bright_ridge,1004,BH03,optical,False,provisional_report_ticks,unknown,84.77045798078763,0.008017682505117805,,,
24565.65500032687,-0.5355442592147841,-5.795919722896689,5.820609339909416,264.7208474145355,0.5351351351351351,1.0,7,0.17297297297297298,1.282398695778795,0.22310086388265302,0.3864864864864864,0.24864864864864866,,unclassified_planar_candidate,dark_ridge,1005,BH03,optical,False,provisional_report_ticks,unknown,84.81305357259595,0.02078789049967648,,,
24571.61576648956,6.332112054482281,-2.907718111501803,6.967816565214345,335.33532115665446,0.5513513513513514,1.0,7,0.1891891891891892,0.9928749842888043,0.20219424738078587,0.31486486486486487,0.2594594594594595,,unclassified_planar_candidate,bright_ridge,1006,BH03,optical,False,provisional_report_ticks,unknown,84.83434202317699,0.024885059161479796,,,
24578.702303508482,6.044161914326315,-0.8697702835477338,6.106422323483322,351.8112070524038,0.6756756756756757,1.0,7,0.0972972972972973,0.9990012094766855,0.3946458430036129,0.4513513513513513,0.1891891891891892,,unclassified_planar_candidate,dark_ridge,1007,BH03,optical,False,provisional_report_ticks,unknown,84.85965108395885,0.021808651155297572,,,
24591.387339992772,0.287413943186536,-0.5035386670724052,0.5797913107102313,299.71721579690586,0.7513513513513513,1.0,8,0.11891891891891893,0.7959958414517578,0.47067284550388566,0.46351351351351344,0.2594594594594595,near_horizontal_check_acquisition_artifact,unclassified_planar_candidate,bright_ridge,1008,BH03,optical,False,provisional_report_ticks,unknown,84.90495478568846,0.0020706832525365397,,,
24597.00137501383,-0.21669696462525964,-1.7482517555195156,1.7616304309232598,262.9341888808051,0.7513513513513513,1.0,7,0.08108108108108109,1.123991876019644,0.4631388925585645,0.48783783783783785,0.33513513513513515,near_horizontal_check_acquisition_artifact,unclassified_planar_candidate,dark_ridge,1009,BH03,optical,False,provisional_report_ticks,unknown,84.92500491076366,0.006291537253297354,,,
24608.36647381619,3.2324434557186623,-1.0446481034947237,3.3970546587527157,342.0904131631182,0.7081081081081081,1.0,8,0.0972972972972973,1.364360307178167,0.40563266959984995,0.5013513513513513,0.17297297297297298,,unclassified_planar_candidate,bright_ridge,1010,BH03,optical,False,provisional_report_ticks,unknown,84.96559454934352,0.012132338066973981,,,
24616.816751131377,0.5410287618186347,-3.4937855126765425,3.5354277435274355,278.80259751287485,0.5513513513513514,1.0,7,0.15135135135135136,0.8648797656183014,0.19620985591266157,0.27972972972972976,0.17297297297297298,,unclassified_planar_candidate,dark_ridge,1011,BH03,optical,False,provisional_report_ticks,unknown,84.99577411118348,0.012626527655455123,,,
24626.449186972663,1.599661101039982,6.508990046528356,6.702676112120118,76.19253032842987,0.518918918918919,1.0,6,0.0918918918918919,1.0858156020653782,0.19599261139472357,0.29864864864864865,0.1783783783783784,,unclassified_planar_candidate,dark_ridge,1012,BH03,optical,False,provisional_report_ticks,unknown,85.0301756677595,0.02393812897185756,,,
24627.97787933382,-3.8905587082942623,-6.432520534798992,7.517563933435819,238.83334067350737,0.6162162162162163,1.0,7,0.15135135135135136,1.0578693173680422,0.3089423479633652,0.4202702702702703,0.2864864864864865,,unclassified_planar_candidate,bright_ridge,1013,BH03,optical,False,provisional_report_ticks,unknown,85.03563528333505,0.02684844261941363,,,
24641.40498844703,-1.965692318180283,-0.9133527080018246,2.167523808166185,204.92178782526236,0.6378378378378379,1.0,8,0.05945945945945946,1.0996419016335923,0.31242185065992206,0.3756756756756757,0.15135135135135136,,unclassified_planar_candidate,dark_ridge,1014,BH03,optical,False,provisional_report_ticks,unknown,85.08358924445366,0.007741156457736374,,,
24654.218195459234,-0.07596894892597854,-6.076619272979285,6.077094130416627,269.28373439190426,0.5783783783783784,1.0,8,0.07027027027027027,1.013652557705378,0.29751420279109253,0.3878378378378378,0.22162162162162163,,unclassified_planar_candidate,bright_ridge,1015,BH03,optical,False,provisional_report_ticks,unknown,85.12935069806868,0.021703907608630803,,,
24670.0562529807,4.932675537836364,0.8096697447053675,4.998685132818481,9.321640586772906,0.5621621621621622,1.0,7,0.14594594594594595,1.1720093874904094,0.24758744443645697,0.3810810810810811,0.2,,unclassified_planar_candidate,dark_ridge,1016,BH03,optical,False,provisional_report_ticks,unknown,85.18591518921677,0.01785244690292314,,,
24682.977581906198,-0.017436693773265274,-6.061683467491532,6.061708546140263,269.8351866751707,0.7405405405405405,1.0,7,0.10270270270270271,0.8669365870445176,0.49771791493312323,0.5608108108108107,0.4702702702702703,,unclassified_planar_candidate,bright_ridge,1017,BH03,optical,False,provisional_report_ticks,unknown,85.23206279252211,0.021648959093358077,,,
24694.247669248885,-0.2561427652374858,-13.374320058571206,13.376772635627908,268.90281484265944,0.6216216216216216,1.0,7,0.13513513513513514,1.1453398656479046,0.2846751846491691,0.3878378378378378,0.22162162162162163,,unclassified_planar_candidate,dark_ridge,1018,BH03,optical,False,provisional_report_ticks,unknown,85.2723131044603,0.047774187984385375,,,
24701.4190126691,10.565642888334049,-10.158126496666256,14.656750784743423,316.126530606291,0.6648648648648648,1.0,6,0.10270270270270271,1.1571773383527155,0.33219421837356,0.40945945945945944,0.22702702702702704,,unclassified_planar_candidate,dark_ridge,1019,BH03,optical,False,provisional_report_ticks,unknown,85.29792504524677,0.05234553851694078,,,
24714.29077364435,-2.921820369457948,1.8042732408897388,3.434011677203521,148.30397191363497,0.6054054054054054,1.0,8,0.08648648648648649,1.2755399790394812,0.3458672841055809,0.4783783783783784,0.24864864864864866,,unclassified_planar_candidate,bright_ridge,1020,BH03,optical,False,provisional_report_ticks,unknown,85.34389562015838,0.012264327418584001,,,
24715.26038804705,4.642318161620692,-12.64487676272924,13.470116044723714,290.1597190345786,0.5243243243243243,1.0,7,0.14054054054054055,1.1637871373142068,0.19996942588679495,0.32702702702702696,0.2648648648648649,,unclassified_planar_candidate,dark_ridge,1021,BH03,optical,False,provisional_report_ticks,unknown,85.34735852873945,0.048107557302584675,,,
24721.830032152877,-5.3493297136282285,-12.861222923824089,13.929335356771482,247.4162556953465,0.5567567567567567,1.0,8,0.14054054054054055,1.0580026409505927,0.24086487525021977,0.35810810810810806,0.16756756756756758,,unclassified_planar_candidate,bright_ridge,1022,BH03,optical,False,provisional_report_ticks,unknown,85.37082154340311,0.04974762627418385,,,
24738.296120802803,-8.460813015351041,-0.8867950926079308,8.5071594799326,185.98344100024687,0.5891891891891892,1.0,8,0.0972972972972973,1.2313323798328588,0.3327894851762357,0.4716216216216216,0.17297297297297298,,unclassified_planar_candidate,bright_ridge,1023,BH03,optical,False,provisional_report_ticks,unknown,85.42962900286713,0.030382712428330707,,,
24769.459876678528,1.4434192234013903,-9.638137330425936,9.745622107112233,278.5173852122756,0.8324324324324325,1.0,8,0.10270270270270271,0.8540234167305301,0.561891936362443,0.7918918918918919,0.7837837837837838,,unclassified_planar_candidate,bright_ridge,1024,BH03,optical,False,provisional_report_ticks,unknown,85.54092813099473,0.034805793239686536,,,
24791.057222501524,9.22354755996575,-11.149154810698914,14.469881913266635,309.60050207891356,0.5783783783783784,1.0,7,0.0972972972972973,1.116572852481746,0.27717844360170046,0.3851351351351351,0.1783783783783784,,unclassified_planar_candidate,dark_ridge,1025,BH03,optical,False,provisional_report_ticks,unknown,85.61806150893399,0.05167814969023797,,,
24800.673433503853,4.908057881996559,-20.770035635014576,21.342057362232065,283.2953743565273,0.5459459459459459,1.0,7,0.14594594594594595,1.1935210481133525,0.23703443521668333,0.37837837837837834,0.16216216216216217,,unclassified_planar_candidate,bright_ridge,1026,BH03,optical,False,provisional_report_ticks,unknown,85.6524051196566,0.07622163343654306,,,
24813.217349579358,-8.861472677832554,-12.026423307294742,14.938559354442953,233.61596433943933,0.6378378378378379,1.0,8,0.10810810810810811,1.23173961032511,0.36100354007215835,0.4783783783783784,0.16216216216216217,,unclassified_planar_candidate,bright_ridge,1027,BH03,optical,False,provisional_report_ticks,unknown,85.69720481992626,0.0533519976944391,,,
24818.74288438452,0.22156000126949138,-11.905253750702308,11.907315218082282,271.0661669217935,0.518918918918919,1.0,6,0.10810810810810811,1.1341278113760802,0.20484533617214506,0.322972972972973,0.22162162162162163,,unclassified_planar_candidate,dark_ridge,1028,BH03,optical,False,provisional_report_ticks,unknown,85.71693887280183,0.04252612577886528,,,
24868.196019885185,1.2676589724355594,-2.7230047744664376,3.0036168650750703,294.9637116063178,0.7081081081081081,1.0,8,0.0918918918918919,1.0807745354724188,0.4303339506889884,0.4797297297297297,0.3567567567567568,,unclassified_planar_candidate,dark_ridge,1029,BH03,optical,False,provisional_report_ticks,unknown,85.89355721387564,0.01072720308955382,,,
24868.826283597195,7.351690293644612,-7.780548357684456,10.704404837259037,313.37663268603376,0.6594594594594595,1.0,8,0.08648648648648649,1.176413079530531,0.3047038117789092,0.37432432432432433,0.16756756756756758,,unclassified_planar_candidate,dark_ridge,1030,BH03,optical,False,provisional_report_ticks,unknown,85.89580815570424,0.03823001727592512,,,
24882.196696212148,-0.27809275552084584,-3.7538160532353313,3.764102886771356,265.7631147773608,0.572972972972973,1.0,7,0.11891891891891893,1.0684854346834687,0.282853065850333,0.4,0.43783783783783786,,unclassified_planar_candidate,bright_ridge,1031,BH03,optical,False,provisional_report_ticks,unknown,85.94355962932909,0.013443224595611983,,,
24926.460564107427,12.131335315700886,-3.103278607122108,12.521966085858612,345.651050252953,0.6648648648648648,1.0,8,0.08108108108108109,0.940911554148587,0.44647760243196183,0.5256756756756756,0.33513513513513515,,unclassified_planar_candidate,bright_ridge,1032,BH03,optical,False,provisional_report_ticks,unknown,86.10164487181223,0.044721307449495026,,,
24972.548915679243,-3.9857086306100817,-5.082372654345917,6.458822267701973,231.89567586198237,0.5675675675675675,1.0,8,0.07567567567567568,0.9976780825646688,0.3761952064013014,0.518918918918919,0.15675675675675677,,unclassified_planar_candidate,bright_ridge,1033,BH03,optical,False,provisional_report_ticks,unknown,86.26624612742584,0.023067222384649897,,,
24977.65840573537,-3.2525594257239585,-5.118880484822488,6.064823182563715,237.5679414994562,0.6216216216216216,1.0,7,0.10810810810810811,1.165452586557846,0.375942811809229,0.5108108108108108,0.31351351351351353,,unclassified_planar_candidate,dark_ridge,1034,BH03,optical,False,provisional_report_ticks,unknown,86.28449430619773,0.021660082794870403,,,
25003.94973224789,-11.069512343092581,-1.9766550343089595,11.244610648596863,190.1244529636507,0.7945945945945946,1.0,8,0.05405405405405406,1.2216581777084787,0.5002173965155767,0.7581081081081081,0.24324324324324326,,unclassified_planar_candidate,bright_ridge,1035,BH03,optical,False,provisional_report_ticks,unknown,86.3783919008853,0.04015932374498878,,,
25016.18997806412,3.112394021737051,-10.785501994503504,11.225597971599713,286.0966596645945,0.5891891891891892,1.0,7,0.06486486486486487,1.196886494876932,0.3317404559085234,0.4486486486486486,0.17297297297297298,,unclassified_planar_candidate,bright_ridge,1036,BH03,optical,False,provisional_report_ticks,unknown,86.4221070645147,0.04009142132714182,,,
25038.105491615865,-4.003931211597534,-5.561823108683027,6.853126398913523,234.25005764312624,0.5513513513513514,1.0,6,0.12432432432432433,1.1926620825493983,0.26655575816188554,0.41081081081081083,0.1891891891891892,,unclassified_planar_candidate,bright_ridge,1037,BH03,optical,False,provisional_report_ticks,unknown,86.50037675577093,0.02447545142469115,,,
25044.15107146555,4.154400802077246,-11.626737482204243,12.346662322441363,289.6625407505701,0.5837837837837838,1.0,7,0.0918918918918919,1.3489335605735437,0.25315673825788954,0.37432432432432433,0.16216216216216217,,unclassified_planar_candidate,dark_ridge,1038,BH03,optical,False,provisional_report_ticks,unknown,86.52196811237694,0.04409522258014771,,,
25058.141091898462,-2.771426738272928,-8.894333616890593,9.316113817153814,252.69324544721542,0.5891891891891892,1.0,8,0.11891891891891893,1.1971719083205448,0.257935488695015,0.37027027027027026,0.15135135135135136,,unclassified_planar_candidate,dark_ridge,1039,BH03,optical,False,provisional_report_ticks,unknown,86.57193247106592,0.03327183506126361,,,
25071.8852491132,0.8829512707355314,-7.717773936485387,7.7681167267997875,276.52654330134055,0.7297297297297297,1.0,8,0.06486486486486487,1.2577864323586556,0.44869701375897186,0.5283783783783783,0.2648648648648649,,unclassified_planar_candidate,bright_ridge,1040,BH03,optical,False,provisional_report_ticks,unknown,86.62101874683283,0.027743274024284947,,,
25084.601833513538,-8.568899270950773,-7.761731612371893,11.561596444185113,222.17036683529267,0.5459459459459459,1.0,6,0.13513513513513514,1.1879356301573396,0.24477651048794152,0.3851351351351351,0.20540540540540542,,unclassified_planar_candidate,dark_ridge,1041,BH03,optical,False,provisional_report_ticks,unknown,86.66643511969119,0.041291415872089676,,,
25095.781182030983,-7.460578622799776,-8.68781164025393,11.45156340782815,229.3459668689135,0.5243243243243243,1.0,6,0.2756756756756757,1.1904363502814694,0.16841775170440654,0.3297297297297297,0.3081081081081081,,unclassified_planar_candidate,bright_ridge,1042,BH03,optical,False,provisional_report_ticks,unknown,86.70636136439636,0.04089844074224338,,,
25105.452799936756,8.420605912523454,-18.77200814589972,20.574131664878358,294.1596907847928,0.5297297297297298,1.0,6,0.16756756756756758,1.1764941249794114,0.1884093729749637,0.3162162162162162,0.16756756756756758,,unclassified_planar_candidate,dark_ridge,1043,BH03,optical,False,provisional_report_ticks,unknown,86.74090285691697,0.07347904166027983,,,
25514.291157786633,-14.540945748574032,-7.190332482852532,16.221590072398495,206.3118725291609,0.5567567567567567,1.0,6,0.10270270270270271,1.176733904970332,0.33748321320426794,0.5013513513513513,0.3027027027027027,,unclassified_planar_candidate,bright_ridge,1044,BH03,optical,False,provisional_report_ticks,unknown,88.20103984923796,0.057934250258566036,,,
4918.491898499535,-1.1621130876119037,0.025942267518851377,1.1624026108207481,178.7211781492548,0.5108695652173914,1.0,7,0.14673913043478262,1.112727173633954,0.1626722076553733,0.27038043478260876,0.20652173913043478,near_horizontal_check_acquisition_artifact,unclassified_planar_candidate,dark_ridge,1,BH03,acoustic,False,provisional_report_ticks,unknown,14.64461392321262,0.004151437895788385,,,
4929.902600362904,-1.0565415448121185,-0.020192583467785644,1.0567344871542148,181.0949015506875,0.717391304347826,1.0,8,0.09782608695652174,0.608878266847226,0.49243455149781956,0.46603260869565216,0.3532608695652174,near_horizontal_check_acquisition_artifact,unclassified_planar_candidate,dark_ridge,2,BH03,acoustic,False,provisional_report_ticks,unknown,14.68536642986751,0.0037740517398364803,,,
4944.4296608927325,2.5529504008371195,2.7459307556700683,3.749358807058775,47.08573752801089,0.717391304347826,1.0,7,0.10326086956521739,1.1207054883356797,0.44277540903419665,0.5489130434782609,0.5760869565217391,,unclassified_planar_candidate,dark_ridge,3,BH03,acoustic,False,provisional_report_ticks,unknown,14.737248788902612,0.013390567168067049,,,
4969.999166321348,0.677980698759028,-3.568584501086031,3.6324169872525944,280.75718675322156,0.6521739130434783,1.0,7,0.1793478260869565,0.8883494108684015,0.39803457488101807,0.5067934782608696,0.5380434782608695,,unclassified_planar_candidate,dark_ridge,4,BH03,acoustic,False,provisional_report_ticks,unknown,14.828568451147667,0.012972917811616405,,,
4974.532975101489,5.819363495941337,-9.460147912482741,11.10672724180918,301.59754682474164,0.5,1.0,8,0.16304347826086957,1.3144954229348498,0.13060276842667823,0.24184782608695649,0.16304347826086957,,unclassified_planar_candidate,dark_ridge,5,BH03,acoustic,False,provisional_report_ticks,unknown,14.844760625362454,0.039666883006461345,,,
4986.752524897611,2.87560130534963,-0.46898697883641266,2.9135942843241924,350.7370818253558,0.8478260869565217,1.0,8,0.03804347826086957,1.283404866583258,0.5317044986704266,0.6304347826086957,0.41847826086956524,,unclassified_planar_candidate,dark_ridge,6,BH03,acoustic,False,provisional_report_ticks,unknown,14.888401874634319,0.010405693872586398,,,
4991.205456338301,-5.137428586657376,-2.0335404958830305,5.525256503674794,201.59506953311072,0.5,1.0,6,0.28804347826086957,1.210120623252406,0.10469061952191096,0.22010869565217395,0.16847826086956522,,unclassified_planar_candidate,dark_ridge,7,BH03,acoustic,False,provisional_report_ticks,unknown,14.904305201208214,0.019733058941695688,,,
5005.669496092259,0.23081812237062083,0.28762844174236624,0.3687914398597677,,0.6739130434782609,1.0,6,0.2391304347826087,1.0755968129535554,0.2813555665811925,0.39266304347826086,0.4945652173913043,near_horizontal_check_acquisition_artifact,unclassified_planar_candidate,dark_ridge,8,BH03,acoustic,False,provisional_report_ticks,unknown,14.955962486043777,0.0013171122852134558,,,
5016.724979778089,-0.4520501176760844,0.45315607878055353,0.6400779176215415,134.92999730634892,0.8586956521739131,1.0,8,0.043478260869565216,0.7323426684934741,0.643452731488659,0.6426630434782609,0.23369565217391305,near_horizontal_check_acquisition_artifact,unclassified_planar_candidate,dark_ridge,9,BH03,acoustic,False,provisional_report_ticks,unknown,14.995446356350314,0.0022859925629340762,,,
5043.6724124879465,0.629835984659487,-3.365374387825356,3.4238046290352018,280.6003830456533,0.532608695652174,1.0,6,0.16847826086956522,1.078061536042817,0.1377883494412541,0.22282608695652178,0.33152173913043476,,unclassified_planar_candidate,dark_ridge,10,BH03,acoustic,False,provisional_report_ticks,unknown,15.091687187456948,0.012227873675125718,,,
5049.359644588972,-9.891025428944928,-3.6120487653181614,10.52992309179282,200.06140780146904,0.6630434782608695,1.0,7,0.08152173913043478,1.2975682592504771,0.37368018525141794,0.47282608695652173,0.29347826086956524,,unclassified_planar_candidate,dark_ridge,11,BH03,acoustic,False,provisional_report_ticks,unknown,15.111998730674895,0.03760686818497435,,,
5058.407168310753,-3.935701066169807,3.685102608691648,5.391634642558428,136.88340529944693,0.6902173913043478,1.0,7,0.059782608695652176,0.8741687707085362,0.386086919949819,0.3980978260869565,0.34782608695652173,,unclassified_planar_candidate,dark_ridge,12,BH03,acoustic,False,provisional_report_ticks,unknown,15.14431131539554,0.019255838009137237,,,
5077.583448378713,-3.177154728139888,3.29198238656998,4.575091277781092,133.9831024971561,0.8043478260869565,1.0,8,0.04891304347826087,1.0335706983747472,0.542050106902883,0.6834239130434783,0.41847826086956524,,unclassified_planar_candidate,dark_ridge,13,BH03,acoustic,False,provisional_report_ticks,unknown,15.21279802992397,0.01633961170636104,,,
5123.752719885221,1.1716988054910424,-1.2860426793048017,1.7397654622915726,312.3362940132554,0.5706521739130435,1.0,7,0.16847826086956522,1.2233068418576198,0.254719334164319,0.40353260869565216,0.266304347826087,near_horizontal_check_acquisition_artifact,unclassified_planar_candidate,dark_ridge,14,BH03,acoustic,False,provisional_report_ticks,unknown,15.377688285304359,0.006213448079612757,,,
5174.212890271596,-3.9287864991131958,7.4322461625102125,8.406761943564353,117.86153985388044,0.6739130434782609,1.0,6,0.125,1.0464406621767461,0.41602948713894294,0.5788043478260869,0.23369565217391305,,unclassified_planar_candidate,dark_ridge,15,BH03,acoustic,False,provisional_report_ticks,unknown,15.557903179541409,0.03002414979844411,,,
5195.998815690282,-2.747028724468309,6.126916247087653,6.714556538735871,114.14927996579509,0.8260869565217391,1.0,8,0.05434782608695652,1.000374205322285,0.5596779423704695,0.6603260869565217,0.8043478260869565,,unclassified_planar_candidate,dark_ridge,16,BH03,acoustic,False,provisional_report_ticks,unknown,15.635710056036718,0.023980559066913817,,,
5201.9587568652705,0.34627185191787463,-2.104436882749197,2.1327350489232817,279.34393262789257,0.7336956521739131,1.0,8,0.08152173913043478,1.1063610792993184,0.46603942366771317,0.5706521739130435,0.41304347826086957,,unclassified_planar_candidate,dark_ridge,17,BH03,acoustic,False,provisional_report_ticks,unknown,15.656995560233103,0.007616910889011719,,,
5234.708839753987,-4.420817626309648,2.913626041228775,5.294605291541243,146.6123417908851,0.7282608695652174,1.0,8,0.07608695652173914,0.9323807191631709,0.49310810390910775,0.5230978260869565,0.20108695652173914,,unclassified_planar_candidate,dark_ridge,18,BH03,acoustic,False,provisional_report_ticks,unknown,15.77396014197852,0.018909304612647292,,,
5239.035006552695,1.331070090355279,-3.187939233076803,3.454664113807408,292.66215034883203,0.5652173913043478,1.0,8,0.08152173913043478,1.5243080658977086,0.21812402781154663,0.3491847826086956,0.16847826086956522,,unclassified_planar_candidate,dark_ridge,19,BH03,acoustic,False,provisional_report_ticks,unknown,15.789410737688193,0.01233808612074074,,,
5267.400474125242,-7.609847895678315,6.061249120178681,9.728747395848373,141.46265397829936,0.8478260869565217,1.0,8,0.03804347826086957,0.5662722983117158,0.6752831408301333,0.6711956521739131,0.5978260869565217,,unclassified_planar_candidate,dark_ridge,20,BH03,acoustic,False,provisional_report_ticks,unknown,15.890715979018715,0.03474552641374418,,,
5294.192052328378,-9.410801102363195,5.519917800063698,10.910209434639667,149.60618924212673,0.6467391304347826,1.0,7,0.16847826086956522,1.0814256842440286,0.37501647194289733,0.5163043478260869,0.32065217391304346,,unclassified_planar_candidate,dark_ridge,21,BH03,acoustic,False,provisional_report_ticks,unknown,15.98640018688706,0.038965033695141656,,,
5317.334349160672,-11.136613834310944,12.571253248213655,16.794659148827293,131.5370705885382,0.7010869565217391,1.0,7,0.14673913043478262,1.2641547388245578,0.33491176473183987,0.4266304347826087,0.30434782608695654,,unclassified_planar_candidate,dark_ridge,22,BH03,acoustic,False,provisional_report_ticks,unknown,16.069051247002395,0.05998092553152603,,,
5323.715028439507,-0.5011192007017249,0.16955020888504152,0.5290252608759782,161.3071074920123,0.8043478260869565,1.0,8,0.021739130434782608,0.834464351532743,0.5957958677213279,0.5570652173913044,0.2608695652173913,near_horizontal_check_acquisition_artifact,unclassified_planar_candidate,dark_ridge,23,BH03,acoustic,False,provisional_report_ticks,unknown,16.091839387283947,0.0018893759316999216,,,
5335.174428868744,0.4935918206279079,-0.23035372604214704,0.5446978286098388,334.9820697844954,0.875,1.0,8,0.021739130434782608,0.4367177036223456,0.6193615915962297,0.41847826086956524,0.391304347826087,near_horizontal_check_acquisition_artifact,unclassified_planar_candidate,dark_ridge,24,BH03,acoustic,False,provisional_report_ticks,unknown,16.132765817388368,0.001945349387892281,,,
5344.187128577147,-0.1079804600616374,-0.12675041723587405,0.1665096034004977,,0.9402173913043478,1.0,8,0.016304347826086956,0.5474441445640296,0.6784776820288626,0.4402173913043478,0.6141304347826086,near_horizontal_check_acquisition_artifact,unclassified_planar_candidate,dark_ridge,25,BH03,acoustic,False,provisional_report_ticks,unknown,16.16495403063266,0.0005946771550017773,,,
5357.438862862274,-0.27895234330624474,2.06690170437156,2.0856406846266937,97.68628649767484,0.8260869565217391,1.0,8,0.03260869565217391,0.714952306574472,0.5526913920918471,0.43885869565217395,0.6739130434782609,,unclassified_planar_candidate,dark_ridge,26,BH03,acoustic,False,provisional_report_ticks,unknown,16.212281653079543,0.007448716730809619,,,
5363.0038874881275,3.3762920180900853,-7.420200241904771,8.152221747559524,294.46618063736963,0.6141304347826086,1.0,8,0.059782608695652176,1.213652670130145,0.2146350894756779,0.2785326086956521,0.22826086956521738,,unclassified_planar_candidate,dark_ridge,27,BH03,acoustic,False,provisional_report_ticks,unknown,16.232156741029023,0.029115077669855438,,,
5382.895668797455,-0.42446453800596984,1.6392186155800799,1.6932831463428952,104.51748624120741,0.7119565217391305,1.0,7,0.08152173913043478,1.0558584716393793,0.4024197046416855,0.43750000000000006,0.33695652173913043,near_horizontal_check_acquisition_artifact,unclassified_planar_candidate,dark_ridge,28,BH03,acoustic,False,provisional_report_ticks,unknown,16.303198817133765,0.006047439808367481,,,
5387.498078074426,-11.513382950804521,-12.858783759663254,17.25996253616026,228.1596546469342,0.5054347826086957,1.0,7,0.09782608695652174,1.158057984784251,0.16171962903072806,0.26086956521739135,0.19021739130434784,,unclassified_planar_candidate,dark_ridge,29,BH03,acoustic,False,provisional_report_ticks,unknown,16.319635993122947,0.06164272334342948,,,
5395.7449681250855,-0.8742050545715065,-0.17868766019116547,0.8922800890656275,191.55214056409133,0.7336956521739131,1.0,8,0.07608695652173914,0.6615189262736266,0.5171334095695738,0.4755434782608696,0.29347826086956524,near_horizontal_check_acquisition_artifact,unclassified_planar_candidate,dark_ridge,30,BH03,acoustic,False,provisional_report_ticks,unknown,16.3490891718753,0.0031867146038058116,,,
5416.155279848046,-0.5651301946853006,1.4175190879144683,1.5260185128454085,111.73596092454247,0.6521739130434783,1.0,7,0.11413043478260869,1.098234756091706,0.28087903664361746,0.3505434782608696,0.32065217391304346,near_horizontal_check_acquisition_artifact,unclassified_planar_candidate,dark_ridge,31,BH03,acoustic,False,provisional_report_ticks,unknown,16.421983142314446,0.0054500661173050285,,,
5429.514751032776,-1.7068459865390682,3.386291288535454,3.7921355345735774,116.75019786518284,0.6032608695652174,1.0,8,0.09239130434782608,1.1383244473448635,0.26774563028227877,0.35733695652173914,0.15760869565217392,,unclassified_planar_candidate,dark_ridge,32,BH03,acoustic,False,provisional_report_ticks,unknown,16.469695539402768,0.01354334119490563,,,
5459.012518580971,-1.0949406723084412,-5.991885278477152,6.091106982011274,259.64418782352766,0.5054347826086957,1.0,7,0.07608695652173914,1.0021277381596403,0.1980760879002117,0.2961956521739131,0.17391304347826086,,unclassified_planar_candidate,dark_ridge,33,BH03,acoustic,False,provisional_report_ticks,unknown,16.57504470921775,0.021753953507183114,,,
5475.406530524772,6.9018422912977035,-7.804479009393916,10.418508512355105,311.4877363458689,0.5,1.0,6,0.1793478260869565,1.1679517206525183,0.1616652782783528,0.2907608695652174,0.29347826086956524,,unclassified_planar_candidate,dark_ridge,34,BH03,acoustic,False,provisional_report_ticks,unknown,16.63359475187418,0.03720895897269679,,,
5529.174979359991,-1.597232518350012,2.5485995891986937,3.007741941014633,122.07577823294315,0.6358695652173914,1.0,8,0.07065217391304347,1.0198191964768233,0.382921158902863,0.4551630434782609,0.19021739130434784,,unclassified_planar_candidate,dark_ridge,35,BH03,acoustic,False,provisional_report_ticks,unknown,16.825624926285677,0.010741935503623687,,,
5562.039877885675,0.2579217419301728,2.7103357186604797,2.7225802711411675,84.56397252457685,0.842391304347826,1.0,8,0.021739130434782608,0.7869034135986815,0.6339465175532285,0.6983695652173912,0.358695652173913,,unclassified_planar_candidate,dark_ridge,36,BH03,acoustic,False,provisional_report_ticks,unknown,16.942999563877407,0.009723500968361309,,,
5583.080055158096,-7.956024223732892,-3.6704014926959347,8.761858739229314,204.7655832873395,0.6141304347826086,1.0,7,0.10326086956521739,0.9295612769255065,0.3073754493413533,0.3804347826086956,0.2391304347826087,,unclassified_planar_candidate,dark_ridge,37,BH03,acoustic,False,provisional_report_ticks,unknown,17.01814305413605,0.03129235264010469,,,
5604.7225680108295,9.762349989873806,-23.739901916950895,25.668782993185282,292.3535018387352,0.5217391304347826,1.0,6,0.20652173913043478,1.2065097310559754,0.20241035719603767,0.3654891304347826,0.15217391304347827,,unclassified_planar_candidate,dark_ridge,38,BH03,acoustic,False,provisional_report_ticks,unknown,17.095437742895815,0.09167422497566169,,,
5629.982785563734,-5.572921324823968,-8.85799899770226,10.46525672575556,237.8243608070029,0.6086956521739131,1.0,6,0.11413043478260869,1.0623609246936236,0.34654494437634825,0.45788043478260876,0.28804347826086957,,unclassified_planar_candidate,dark_ridge,39,BH03,acoustic,False,provisional_report_ticks,unknown,17.18565280558476,0.03737591687769842,,,
5637.038600875081,-0.129406977234535,-0.33674502355049407,0.3607539003850163,,0.6141304347826086,1.0,7,0.20108695652173914,1.106031639185175,0.31168401853280014,0.4592391304347826,0.29347826086956524,near_horizontal_check_acquisition_artifact,unclassified_planar_candidate,dark_ridge,40,BH03,acoustic,False,provisional_report_ticks,unknown,17.21085214598243,0.0012884067870893435,,,
5661.067398833087,0.832386997394652,-2.2355051013970475,2.385445696678905,290.42273991621414,0.592391304347826,1.0,7,0.11413043478260869,1.2350590705694122,0.20313089615804636,0.29211956521739124,0.30434782608695654,,unclassified_planar_candidate,dark_ridge,41,BH03,acoustic,False,provisional_report_ticks,unknown,17.296669281546734,0.008519448916710373,,,
5664.284517982269,1.100143000098645,6.143111254355868,6.240843733347261,79.84677928696387,0.7391304347826086,1.0,8,0.043478260869565216,1.0592073226143637,0.4467454521835786,0.4497282608695652,0.23369565217391305,,unclassified_planar_candidate,dark_ridge,42,BH03,acoustic,False,provisional_report_ticks,unknown,17.308158992793814,0.022288727619097354,,,
5676.187368230383,-0.019093432401149704,7.573232839031006,7.573256907918712,90.14445228324367,0.7228260869565217,1.0,8,0.09782608695652174,1.0026911623011032,0.40975510565552914,0.4388586956521739,0.2608695652173913,,unclassified_planar_candidate,dark_ridge,43,BH03,acoustic,False,provisional_report_ticks,unknown,17.35066917225136,0.02704734609970968,,,
5703.1152137307035,3.5313786499592044,1.1110852869948964,3.7020461483298965,17.465252005585604,0.8260869565217391,1.0,8,0.02717391304347826,1.0182097697267036,0.5723477915981638,0.7038043478260869,0.4891304347826087,,unclassified_planar_candidate,dark_ridge,44,BH03,acoustic,False,provisional_report_ticks,unknown,17.446840049038222,0.013221593386892484,,,
5732.677027311547,-8.264560109178806,5.1420679388081325,9.733643535981175,148.11083259176158,0.5760869565217391,1.0,6,0.09782608695652174,1.2867829596412106,0.31545956181271134,0.4660326086956522,0.16847826086956522,,unclassified_planar_candidate,dark_ridge,45,BH03,acoustic,False,provisional_report_ticks,unknown,17.552417954684092,0.03476301262850419,,,
5755.572446819076,-12.996612081558519,-18.82363493377809,22.87446518978452,235.37720459854268,0.6141304347826086,1.0,6,0.22826086956521738,1.07920025749891,0.33075079972681565,0.5570652173913043,0.44021739130434784,,unclassified_planar_candidate,dark_ridge,46,BH03,acoustic,False,provisional_report_ticks,unknown,17.63418731006812,0.0816945185349447,,,
5755.816940957161,-1.5154835880032211,3.642688107218976,3.945360205606287,112.58899107716215,0.7445652173913043,1.0,8,0.08152173913043478,0.9091461745364675,0.5050789126141331,0.6100543478260869,0.31521739130434784,,unclassified_planar_candidate,dark_ridge,47,BH03,acoustic,False,provisional_report_ticks,unknown,17.635060503418426,0.014090572162879593,,,
5774.5148668321535,-7.117298761644155,0.4351956682851196,7.130591625678444,176.50093814411142,0.6032608695652174,1.0,6,0.13043478260869565,1.0834263150187324,0.34768465028951473,0.47554347826086957,0.30434782608695654,,unclassified_planar_candidate,dark_ridge,48,BH03,acoustic,False,provisional_report_ticks,unknown,17.70183881011483,0.025466398663137293,,,
5804.742423050618,-0.5092371757568325,2.5165987485248325,2.5676042845909,101.43941497524035,0.5271739130434783,1.0,7,0.1956521739130435,1.0348592240262589,0.23013775723451668,0.38315217391304346,0.33152173913043476,,unclassified_planar_candidate,dark_ridge,49,BH03,acoustic,False,provisional_report_ticks,unknown,17.809794368037917,0.009170015302110354,,,
5815.789706688171,12.74500810408916,9.70463661267781,16.01921356863142,37.287317032838835,0.592391304347826,1.0,7,0.09782608695652174,1.1618167390337524,0.3204381993947503,0.44157608695652173,0.1793478260869565,,unclassified_planar_candidate,dark_ridge,50,BH03,acoustic,False,provisional_report_ticks,unknown,17.849248952457746,0.05721147703082649,,,
5832.280773827679,0.8110338980575926,-5.0182271626530826,5.083343372209643,279.1806230272308,0.5869565217391305,1.0,8,0.08695652173913043,1.150652871060286,0.2758800552395035,0.3777173913043479,0.23369565217391305,,unclassified_planar_candidate,dark_ridge,51,BH03,acoustic,False,provisional_report_ticks,unknown,17.908145620813134,0.018154797757891576,,,
5840.755166727696,-6.01214510079412,20.832442868418624,21.682632787070133,106.09789134091855,0.5217391304347826,1.0,8,0.09782608695652174,1.2096662364075519,0.20511148282047167,0.32608695652173914,0.1793478260869565,,unclassified_planar_candidate,dark_ridge,52,BH03,acoustic,False,provisional_report_ticks,unknown,17.938411309741767,0.07743797423953618,,,
5873.188834467519,-5.715839057682026,23.640103418985973,24.321293259069833,103.59243504525921,0.592391304347826,1.0,8,0.05434782608695652,1.2357433162725793,0.3206470389605648,0.4320652173913043,0.15760869565217392,,unclassified_planar_candidate,dark_ridge,53,BH03,acoustic,False,provisional_report_ticks,unknown,18.05424583738399,0.08686176163953509,,,
5895.23661733539,-5.313633380440098,12.97050822687382,14.016732264159456,112.27746060450445,0.5869565217391305,1.0,6,0.19021739130434784,1.0108594138849563,0.28678079197148054,0.42255434782608703,0.33152173913043476,,unclassified_planar_candidate,dark_ridge,54,BH03,acoustic,False,provisional_report_ticks,unknown,18.132987919054962,0.05005975808628376,,,
5925.3660882824615,-2.22031830923528,13.098092380152016,13.284947775332869,99.62101473164297,0.6902173913043478,1.0,8,0.043478260869565216,1.1506733213852434,0.44988728403455897,0.5258152173913043,0.22826086956521738,,unclassified_planar_candidate,dark_ridge,55,BH03,acoustic,False,provisional_report_ticks,unknown,18.240593172437357,0.04744624205476023,,,
5949.733232828267,-7.495598787571146,16.54246454374655,18.161418842297255,114.37587821708735,0.5978260869565217,1.0,6,0.1358695652173913,0.8779961974745988,0.3216190408054806,0.4171195652173913,0.2717391304347826,,unclassified_planar_candidate,dark_ridge,56,BH03,acoustic,False,provisional_report_ticks,unknown,18.327618688672377,0.06486221015106161,,,
5958.813173958918,4.2357139067262315,10.265820289665363,11.10532928459751,67.57878240644092,0.6413043478260869,1.0,7,0.14130434782608695,1.1040178754083207,0.3428156708677757,0.4497282608695652,0.29891304347826086,,unclassified_planar_candidate,dark_ridge,57,BH03,acoustic,False,provisional_report_ticks,unknown,18.360047049853275,0.03966189030213395,,,
5974.256020084182,-3.2401829725714495,13.943176104454796,14.314710810057646,103.08247370513065,0.6141304347826086,1.0,7,0.11956521739130435,1.0014941025989146,0.20729799361587173,0.2676630434782608,0.21739130434782608,,unclassified_planar_candidate,dark_ridge,58,BH03,acoustic,False,provisional_report_ticks,unknown,18.415200071729217,0.05112396717877729,,,
5978.355920736633,-3.625589605003142,5.596888322204121,6.668587472256152,122.93462804956448,0.6032608695652174,1.0,7,0.09239130434782608,1.2901301688373872,0.25356645877703,0.35597826086956524,0.22282608695652173,,unclassified_planar_candidate,dark_ridge,59,BH03,acoustic,False,provisional_report_ticks,unknown,18.4298425740594,0.02381638382948625,,,
5988.637926068797,-3.5869751785788178,16.208448231791106,16.600607971227824,102.47859862366892,0.6141304347826086,1.0,8,0.11956521739130435,1.0809475822013048,0.23774685911667165,0.3152173913043478,0.27717391304347827,,unclassified_planar_candidate,dark_ridge,60,BH03,acoustic,False,provisional_report_ticks,unknown,18.46656402167427,0.059287885611527924,,,
6003.633298784416,1.4376637888811774,9.469471729276473,9.5779837127355,81.36722722446372,0.5380434782608695,1.0,8,0.10869565217391304,1.081168769454311,0.19721507160718404,0.294836956521739,0.15760869565217392,,unclassified_planar_candidate,dark_ridge,61,BH03,acoustic,False,provisional_report_ticks,unknown,18.52011892423005,0.03420708468834106,,,
6029.71231922843,-2.60881787830271,8.710956453122563,9.093222368904737,106.6722725822576,0.5108695652173914,1.0,7,0.10869565217391304,1.0721772314045126,0.22849600540553117,0.3586956521739131,0.1793478260869565,,unclassified_planar_candidate,dark_ridge,62,BH03,acoustic,False,provisional_report_ticks,unknown,18.61325828295867,0.03247579417465977,,,
6057.827901551074,-5.805945771228416,11.290819634324857,12.69612595689334,117.21305560808428,0.6195652173913043,1.0,6,0.19021739130434784,0.8918418607953025,0.31800208697666466,0.42663043478260865,0.266304347826087,,unclassified_planar_candidate,dark_ridge,63,BH03,acoustic,False,provisional_report_ticks,unknown,18.71367107696812,0.04534330698890477,,,
6087.466118388895,-8.72353044309603,7.442347201966644,11.466844172057277,139.53135201849375,0.5652173913043478,1.0,6,0.20108695652173914,1.0490786927408093,0.18510207486739932,0.29076086956521735,0.18478260869565216,,unclassified_planar_candidate,dark_ridge,64,BH03,acoustic,False,provisional_report_ticks,unknown,18.819521851388906,0.040953014900204546,,,
6097.355052029875,-0.8389807676641919,1.622273297576753,1.8263787615226337,117.34636177763367,0.7608695652173914,1.0,7,0.125,0.8114614152928606,0.5079806787644774,0.5625,0.5,near_horizontal_check_acquisition_artifact,unclassified_planar_candidate,dark_ridge,65,BH03,acoustic,False,provisional_report_ticks,unknown,18.85483947153526,0.006522781291152261,,,
6100.3627865248645,-7.20546471111518,10.693455259730543,12.894522367850039,123.97288037732923,0.625,1.0,7,0.18478260869565216,1.2926053251478185,0.25736404939274493,0.38858695652173914,0.18478260869565216,,unclassified_planar_candidate,dark_ridge,66,BH03,acoustic,False,provisional_report_ticks,unknown,18.86558138044594,0.04605186559946441,,,
6122.97608391827,-2.222471365786149,5.125658252234261,5.586747845610765,113.44142274689902,0.6195652173913043,1.0,7,0.10869565217391304,0.8027764692585264,0.36974925656214047,0.4375,0.3967391304347826,,unclassified_planar_candidate,dark_ridge,67,BH03,acoustic,False,provisional_report_ticks,unknown,18.946343156850958,0.0199526708771813,,,
6167.172289652821,-14.827977043113094,1.1366788639073793,14.871480828442833,175.61640953485573,0.5434782608695652,1.0,6,0.16304347826086957,1.2913903521882746,0.259592342343946,0.4388586956521739,0.2391304347826087,,unclassified_planar_candidate,dark_ridge,68,BH03,acoustic,False,provisional_report_ticks,unknown,19.104186748760068,0.05311243153015296,,,
6348.387328087963,-12.564114415389149,18.973769572267877,22.75655735880337,123.51186297767751,0.5978260869565217,1.0,7,0.059782608695652176,1.0424868974917003,0.3895355420983217,0.4904891304347826,0.15760869565217392,,unclassified_planar_candidate,dark_ridge,69,BH03,acoustic,False,provisional_report_ticks,unknown,19.751383314599863,0.08127341913858344,,,
6431.3779615237545,-2.8193608495933837,-11.205787563745213,11.555019278391828,255.87758194322942,0.5,1.0,6,0.10869565217391304,1.1589191612522685,0.1925720864591663,0.3179347826086957,0.20108695652173914,,unclassified_planar_candidate,dark_ridge,70,BH03,acoustic,False,provisional_report_ticks,unknown,20.047778434013402,0.04126792599425652,,,
6480.9310578129625,-10.92341655271039,17.45586604733538,20.59194717957832,122.03723712021635,0.6521739130434783,1.0,8,0.04891304347826087,1.0941939112734838,0.4307079183423323,0.5801630434782609,0.23369565217391305,,unclassified_planar_candidate,dark_ridge,71,BH03,acoustic,False,provisional_report_ticks,unknown,20.22475377790343,0.07354266849849397,,,
6491.8385891192265,-3.2031657663859994,4.934476596799912,5.882969506236901,122.98921163017174,0.5217391304347826,1.0,7,0.09782608695652174,1.2244309457319213,0.1930488323625105,0.3084239130434782,0.15760869565217392,,unclassified_planar_candidate,dark_ridge,72,BH03,acoustic,False,provisional_report_ticks,unknown,20.263709246854376,0.0210106053794175,,,
6521.082038592664,-5.500876846140999,-2.7474418168705443,6.14882774303355,206.54007620641417,0.7717391304347826,1.0,8,0.03804347826086957,0.714751387078574,0.5659229194788296,0.483695652173913,0.3695652173913043,,unclassified_planar_candidate,dark_ridge,73,BH03,acoustic,False,provisional_report_ticks,unknown,20.368150137830934,0.021960099082262673,,,
6541.568358727658,0.3363664220015126,-3.7924549096294244,3.8073424604863724,275.06850530449697,0.8695652173913043,1.0,8,0.016304347826086956,0.8444372158759316,0.6455324875534375,0.6127717391304347,0.9021739130434783,,unclassified_planar_candidate,dark_ridge,74,BH03,acoustic,False,provisional_report_ticks,unknown,20.441315566884487,0.013597651644594184,,,
6549.010561197849,15.511347449309449,3.787466481266044,15.967053643046125,13.721641326430854,0.5815217391304348,1.0,8,0.07608695652173914,1.3755725906046057,0.21875755053519,0.3220108695652174,0.17391304347826086,,unclassified_planar_candidate,dark_ridge,75,BH03,acoustic,False,provisional_report_ticks,unknown,20.467894861420884,0.05702519158230757,,,
6585.100003451875,-5.9694884071269225,-6.602452856952068,8.900964867422926,227.88225931697588,0.7228260869565217,1.0,8,0.043478260869565216,0.9514147258308843,0.502129249143656,0.49864130434782605,0.2608695652173913,,unclassified_planar_candidate,dark_ridge,76,BH03,acoustic,False,provisional_report_ticks,unknown,20.59678572661383,0.03178916024079616,,,
6600.3836285990365,4.748535662522703,8.282780355828226,9.547410191310725,60.17426067289508,0.5815217391304348,1.0,7,0.10326086956521739,1.1932167212536218,0.29131971144064683,0.4157608695652174,0.21739130434782608,,unclassified_planar_candidate,dark_ridge,77,BH03,acoustic,False,provisional_report_ticks,unknown,20.65137010213941,0.034097893540395434,,,
6643.313086322696,-4.094665846880034,-1.0458517417418525,4.22612047430149,194.32804198590753,0.5054347826086957,1.0,6,0.16304347826086957,1.240871233850676,0.18775116828344726,0.33559782608695654,0.22826086956521738,,unclassified_planar_candidate,dark_ridge,78,BH03,acoustic,False,provisional_report_ticks,unknown,20.804689594009623,0.015093287408219604,,,
7264.801380060988,-1.8856474678459925,7.819462347051138,8.043609747491763,103.55790863389973,0.5108695652173914,1.0,7,0.10326086956521739,1.4307966474200942,0.1939425158475992,0.3410326086956522,0.20108695652173914,,unclassified_planar_candidate,dark_ridge,79,BH03,acoustic,False,provisional_report_ticks,unknown,23.02429064307495,0.02872717766961343,,,
7270.280441942555,-10.64121535570147,-11.816265069044682,15.901559182304807,227.99517350986528,0.6630434782608695,1.0,8,0.08152173913043478,0.5837838806968519,0.4822308163321588,0.4809782608695652,0.23369565217391305,,unclassified_planar_candidate,dark_ridge,80,BH03,acoustic,False,provisional_report_ticks,unknown,23.043858721223405,0.05679128279394572,,,
7413.628188872741,-6.622870061267555,-7.900140332806863,10.308958488929706,230.02611924935792,0.5108695652173914,1.0,6,0.09782608695652174,0.9380982804071153,0.22353146669218285,0.3315217391304348,0.1956521739130435,,unclassified_planar_candidate,dark_ridge,81,BH03,acoustic,False,provisional_report_ticks,unknown,23.55581496025978,0.036817708889034656,,,
7439.243565120095,-10.387275182807768,-2.7734939798769718,10.751174567450198,194.94971748918056,0.6413043478260869,1.0,6,0.15760869565217392,0.8632147794158666,0.3467988559413222,0.4279891304347826,0.2554347826086957,,unclassified_planar_candidate,dark_ridge,82,BH03,acoustic,False,provisional_report_ticks,unknown,23.647298446857477,0.03839705202660784,,,
7462.929594017536,-8.624603155992226,-5.401642981706454,10.176518387944359,212.05917159994985,0.6902173913043478,1.0,8,0.08152173913043478,0.9131320010010046,0.3062207437858892,0.32744565217391297,0.33152173913043476,,unclassified_planar_candidate,dark_ridge,83,BH03,acoustic,False,provisional_report_ticks,unknown,23.73189140720548,0.0363447085283727,,,
7474.455659514797,1.1046358829026193,-6.862336983306854,6.95067545683562,279.14450310745747,0.657608695652174,1.0,8,0.05434782608695652,1.1212157234504105,0.31630601984960427,0.3695652173913044,0.21739130434782608,,unclassified_planar_candidate,dark_ridge,84,BH03,acoustic,False,provisional_report_ticks,unknown,23.773055926838556,0.024823840917270065,,,
7479.9384759093655,-13.789265608591199,-8.214493537784692,16.05059968059083,210.78295632329684,0.6793478260869565,1.0,8,0.03804347826086957,1.1079848807426078,0.27740291085171304,0.3070652173913044,0.30434782608695654,,unclassified_planar_candidate,dark_ridge,85,BH03,acoustic,False,provisional_report_ticks,unknown,23.792637413962012,0.05732357028782439,,,
7480.742702122313,-4.956955702242741,-13.243730269150944,14.140997181105078,249.47977992979634,0.7554347826086957,1.0,8,0.059782608695652176,1.0043306897177975,0.4322450389343624,0.4252717391304348,0.31521739130434784,,unclassified_planar_candidate,dark_ridge,86,BH03,acoustic,False,provisional_report_ticks,unknown,23.795509650436824,0.05050356136108955,,,
7529.317165264703,-4.063259019322859,-8.794346968680063,9.687652577567013,245.20160941726857,0.7880434782608695,1.0,8,0.043478260869565216,0.9273562305970168,0.5533455981070581,0.5285326086956521,0.3967391304347826,,unclassified_planar_candidate,dark_ridge,87,BH03,acoustic,False,provisional_report_ticks,unknown,23.96898987594536,0.03459875920559646,,,
7532.766770843166,-1.2722335016482147,10.960566442940808,11.034155827830066,96.62090449817869,0.6032608695652174,1.0,8,0.08695652173913043,1.2439052791842427,0.30057208677949854,0.4130434782608696,0.16847826086956522,,unclassified_planar_candidate,dark_ridge,88,BH03,acoustic,False,provisional_report_ticks,unknown,23.981309895868446,0.03940769938510737,,,
7542.248422180711,5.555077089899183,-19.66970516234256,20.43908468225053,285.77063025315147,0.6739130434782609,1.0,8,0.059782608695652176,1.1367064018959052,0.3548098870109471,0.40896739130434784,0.19021739130434784,,unclassified_planar_candidate,dark_ridge,89,BH03,acoustic,False,provisional_report_ticks,unknown,24.015172936359676,0.0729967310080376,,,
7549.781997206808,-3.764585928726494,-18.660151982555128,19.036107249824518,258.59398313916836,0.625,1.0,8,0.09782608695652174,1.0490854929691962,0.27757791342773735,0.3491847826086957,0.2391304347826087,,unclassified_planar_candidate,dark_ridge,90,BH03,acoustic,False,provisional_report_ticks,unknown,24.04207856145288,0.06798609732080182,,,
7616.633083859878,2.658841805335699,6.84999626364373,7.347917293882251,68.78616289093338,0.625,1.0,6,0.09782608695652174,1.1167910726607897,0.3273498081795653,0.421195652173913,0.2391304347826087,,unclassified_planar_candidate,dark_ridge,91,BH03,acoustic,False,provisional_report_ticks,unknown,24.2808324423567,0.026242561763865174,,,
7617.113231522905,-15.555314558532107,3.8430920523697156,16.023019925652846,166.1224204232448,0.5978260869565217,1.0,8,0.1358695652173913,1.1421485672913358,0.26189430326084,0.37092391304347827,0.22282608695652173,,unclassified_planar_candidate,dark_ridge,92,BH03,acoustic,False,provisional_report_ticks,unknown,24.28254725543894,0.057225071163045864,,,
7636.066375471888,-10.410521919355348,-10.47293437635098,14.766899508181542,225.1712340944777,0.7663043478260869,1.0,8,0.11413043478260869,1.2194917025055039,0.43366907339349015,0.4796195652173913,0.3641304347826087,,unclassified_planar_candidate,dark_ridge,93,BH03,acoustic,False,provisional_report_ticks,unknown,24.350237055256738,0.05273892681493406,,,
7665.4416599713795,-4.860713623207603,6.82013695763073,8.37501074910812,125.47748330889115,0.5869565217391305,1.0,7,0.07065217391304347,1.1964349937172862,0.2576525588830032,0.35190217391304357,0.16304347826086957,,unclassified_planar_candidate,dark_ridge,94,BH03,acoustic,False,provisional_report_ticks,unknown,24.455148785612064,0.02991075267538613,,,
7675.783745273718,-11.735866585058655,-7.715257978001191,14.044777327156432,213.32125778027017,0.6902173913043478,1.0,7,0.09782608695652174,1.0665715728650709,0.4340176390253449,0.4972826086956521,0.22826086956521738,,unclassified_planar_candidate,dark_ridge,95,BH03,acoustic,False,provisional_report_ticks,unknown,24.492084804548984,0.05015991902555867,,,
7683.323305279935,-2.8765304098329536,-9.226711376912657,9.664710550841304,252.68454870589053,0.6467391304347826,1.0,8,0.08152173913043478,0.9896599103315443,0.399246114170935,0.46739130434782605,0.27717391304347827,,unclassified_planar_candidate,dark_ridge,96,BH03,acoustic,False,provisional_report_ticks,unknown,24.51901180457119,0.03451682339586179,,,
7713.871864708331,5.165093088846716,-9.52572982432407,10.835945519541394,298.46767584450515,0.5815217391304348,1.0,7,0.14130434782608695,1.058504900008503,0.25553942599705937,0.3641304347826087,0.19021739130434784,,unclassified_planar_candidate,dark_ridge,97,BH03,acoustic,False,provisional_report_ticks,unknown,24.628113802529747,0.03869980542693354,,,
7722.6991943337725,-7.171853239036704,-9.012087654772746,11.517517214208477,231.48709386633178,0.5597826086956522,1.0,6,0.15760869565217392,1.1078856422845431,0.2524337648599666,0.3872282608695653,0.22826086956521738,,unclassified_planar_candidate,dark_ridge,98,BH03,acoustic,False,provisional_report_ticks,unknown,24.659639979763465,0.04113399005074455,,,
7724.197495338599,16.03860746399022,-5.816135193548155,17.06060837055913,340.06766271175843,0.592391304347826,1.0,6,0.16304347826086957,0.9869270050083097,0.267608878945367,0.375,0.1793478260869565,,unclassified_planar_candidate,dark_ridge,99,BH03,acoustic,False,provisional_report_ticks,unknown,24.664991054780703,0.060930744180568305,,,
7753.974469253483,-6.611723480756752,2.6468894770982656,7.121861504548071,158.18215665528854,0.625,1.0,8,0.10326086956521739,1.1982943415889753,0.3493442122710812,0.46467391304347827,0.16847826086956522,,unclassified_planar_candidate,dark_ridge,100,BH03,acoustic,False,provisional_report_ticks,unknown,24.771337390191004,0.025435219659100245,,,
7764.715000457071,-5.7047329581018955,-10.12461593062757,11.621180054795278,240.60083727358796,0.6086956521739131,1.0,7,0.10326086956521739,0.9982248493616256,0.36156765395081114,0.4619565217391305,0.32065217391304346,,unclassified_planar_candidate,dark_ridge,101,BH03,acoustic,False,provisional_report_ticks,unknown,24.809696430203818,0.0415042144814117,,,
7800.037467440694,-1.4663132437380522,1.9082865575065011,2.406581000989084,127.53840838468811,0.7771739130434783,1.0,8,0.03260869565217391,0.9917682164246655,0.5401908693373498,0.5923913043478262,0.32065217391304346,,unclassified_planar_candidate,dark_ridge,102,BH03,acoustic,False,provisional_report_ticks,unknown,24.93584809800247,0.008594932146389584,,,
7811.428239566237,9.977037226083969,-2.4776379785606397,10.280075960977689,346.05362922110623,0.6739130434782609,1.0,7,0.10869565217391304,1.107468207156866,0.3498012190085558,0.4211956521739131,0.29347826086956524,,unclassified_planar_candidate,dark_ridge,103,BH03,acoustic,False,provisional_report_ticks,unknown,24.976529427022268,0.036714557003491737,,,
7819.108389147703,-3.5236003450272055,7.83726570524219,8.592932743018602,114.20847488851346,0.592391304347826,1.0,7,0.08695652173913043,1.2404682819162365,0.22842519306071138,0.3192934782608695,0.21195652173913043,,unclassified_planar_candidate,dark_ridge,104,BH03,acoustic,False,provisional_report_ticks,unknown,25.00395853267036,0.030689045510780714,,,
7834.016970739668,-12.129513240034402,-8.621708716080665,14.881496988714247,215.40537390945275,0.5489130434782609,1.0,8,0.08695652173913043,1.1232314077658054,0.2837823746851435,0.4116847826086957,0.16304347826086957,,unclassified_planar_candidate,dark_ridge,105,BH03,acoustic,False,provisional_report_ticks,unknown,25.05720346692738,0.0531482035311223,,,
7844.086891517514,3.864715736453876,2.281906318717578,4.488109197757718,30.559560734024775,0.5652173913043478,1.0,8,0.08152173913043478,1.0940904963305618,0.28212608690212476,0.3913043478260869,0.16847826086956522,,unclassified_planar_candidate,dark_ridge,106,BH03,acoustic,False,provisional_report_ticks,unknown,25.0931674697054,0.016028961420563276,,,
7863.121450032163,19.99832437139815,12.631859941788692,23.65368603944474,32.27838718379307,0.5271739130434783,1.0,7,0.08695652173913043,1.2098741905918702,0.2551720921996188,0.3967391304347826,0.15217391304347827,,unclassified_planar_candidate,dark_ridge,107,BH03,acoustic,False,provisional_report_ticks,unknown,25.161148035829147,0.08447745014087404,,,
7884.364171167303,8.323666626380502,-1.591701714369577,8.474487621953768,349.1742494393611,0.717391304347826,1.0,8,0.03804347826086957,0.9718800557767165,0.4991344010823247,0.5244565217391304,0.20652173913043478,,unclassified_planar_candidate,dark_ridge,108,BH03,acoustic,False,provisional_report_ticks,unknown,25.237014897026075,0.03026602722126345,,,
7905.941445308622,0.5846785234001711,-0.7336635179633507,0.938142384350992,308.55239529002836,0.6521739130434783,1.0,8,0.06521739130434782,1.231994622288408,0.36256900889965016,0.44836956521739135,0.15217391304347827,near_horizontal_check_acquisition_artifact,unclassified_planar_candidate,dark_ridge,109,BH03,acoustic,False,provisional_report_ticks,unknown,25.314076590387927,0.003350508515539256,,,
7907.539975281277,9.15980183405717,0.2943450113502046,9.164529918381184,1.8405338685355492,0.6304347826086957,1.0,7,0.07065217391304347,0.7969838381037964,0.36375726119760404,0.4048913043478261,0.18478260869565216,,unclassified_planar_candidate,dark_ridge,110,BH03,acoustic,False,provisional_report_ticks,unknown,25.319785626004556,0.03273046399421851,,,
7940.936650915332,8.629727802700321,-2.73917635947841,9.054020602860604,342.38995402114136,0.6630434782608695,1.0,8,0.043478260869565216,0.7885375363181066,0.487623191045964,0.53125,0.21195652173913043,,unclassified_planar_candidate,dark_ridge,111,BH03,acoustic,False,provisional_report_ticks,unknown,25.439059467554753,0.032335787867359286,,,
7990.400637364585,-3.5378080210752296,-0.5382378321581243,3.578517228958177,188.65057493414224,0.8586956521739131,1.0,8,0.02717391304347826,0.849767358962348,0.6293004567323978,0.580163043478261,0.27717391304347827,,unclassified_planar_candidate,dark_ridge,112,BH03,acoustic,False,provisional_report_ticks,unknown,25.61571656201637,0.012780418674850628,,,
8002.484676479682,-1.9324664349138962,-2.6586880615319135,3.286799161890052,233.98848516491947,0.625,1.0,7,0.09782608695652174,0.8562412171486832,0.229203860482348,0.2703804347826087,0.33152173913043476,,unclassified_planar_candidate,dark_ridge,113,BH03,acoustic,False,provisional_report_ticks,unknown,25.658873844570287,0.01173856843532161,,,
8016.803721151609,-1.7572056039876212,-10.421982103900548,10.569081441104936,260.42961604727435,0.6086956521739131,1.0,7,0.15760869565217392,0.9188735419075578,0.34978410120720377,0.4633152173913044,0.20108695652173914,,unclassified_planar_candidate,dark_ridge,114,BH03,acoustic,False,provisional_report_ticks,unknown,25.71001328982717,0.03774671943251762,,,
8029.667179492414,-7.465699965332089,1.099392483609933,7.546213607192521,171.62288041542098,0.5760869565217391,1.0,7,0.10326086956521739,0.9469160056551222,0.3593629744249541,0.47690217391304346,0.16847826086956522,,unclassified_planar_candidate,dark_ridge,115,BH03,acoustic,False,provisional_report_ticks,unknown,25.7559542124729,0.026950762882830423,,,
8057.740352998265,8.994014460195658,-23.32338900324125,24.99745528462294,291.0877420096982,0.6304347826086957,1.0,8,0.059782608695652176,1.1718822444938808,0.40107086586047963,0.5421195652173914,0.30434782608695654,,unclassified_planar_candidate,dark_ridge,116,BH03,acoustic,False,provisional_report_ticks,unknown,25.856215546422366,0.08927662601651047,,,
8113.559594779479,-1.6390372580531694,-2.106536575044242,2.6690709011349956,232.11451197089053,0.6739130434782609,1.0,7,0.09782608695652174,0.891531367732734,0.4504535234050125,0.4986413043478261,0.31521739130434784,,unclassified_planar_candidate,dark_ridge,117,BH03,acoustic,False,provisional_report_ticks,unknown,26.055569981355276,0.009532396075482124,,,
8132.316008971947,1.3971417118180054,1.8156134988164427,2.2909511867314483,52.421180314175764,0.6521739130434783,1.0,7,0.07065217391304347,1.1183513804816048,0.3834534482503001,0.45923913043478265,0.3858695652173913,,unclassified_planar_candidate,dark_ridge,118,BH03,acoustic,False,provisional_report_ticks,unknown,26.122557174899804,0.008181968524040885,,,
8214.21931847325,-4.5456151610293105,17.213346949819496,17.80342468198295,104.79269649928698,0.5163043478260869,1.0,6,0.13043478260869565,1.219416911195353,0.18687847468814234,0.31249999999999994,0.20108695652173914,,unclassified_planar_candidate,dark_ridge,119,BH03,acoustic,False,provisional_report_ticks,unknown,26.415068994547312,0.06358365957851052,,,
8326.751808272928,-7.269082475889797,8.35289616278895,11.072959602004447,131.0313217991413,0.5,1.0,7,0.10869565217391304,1.117711827778344,0.21359093470987744,0.34782608695652173,0.15760869565217392,,unclassified_planar_candidate,dark_ridge,120,BH03,acoustic,False,provisional_report_ticks,unknown,26.816970743831877,0.03954628429287301,,,
8401.642781582263,-7.482263072794836,-0.5882004197029541,7.505347455264676,184.49492796978123,0.5108695652173914,1.0,6,0.28804347826086957,1.062474114995399,0.17686707078225597,0.3464673913043479,0.24456521739130435,,unclassified_planar_candidate,dark_ridge,121,BH03,acoustic,False,provisional_report_ticks,unknown,27.08443850565093,0.02680481234023098,,,
8418.187558318776,-1.9904418148047789,5.638408182263378,5.979423504648082,109.44378831136225,0.6358695652173914,1.0,8,0.07065217391304347,1.3473772992592206,0.3761072712319684,0.49864130434782616,0.15760869565217392,,unclassified_planar_candidate,dark_ridge,122,BH03,acoustic,False,provisional_report_ticks,unknown,27.14352699399562,0.021355083945171716,,,
8447.08388306243,5.8508693501966125,-4.427975885101579,7.337550176462935,322.88132755275524,0.5380434782608695,1.0,7,0.09239130434782608,1.3769064159291164,0.23563885373604532,0.3817934782608695,0.16847826086956522,,unclassified_planar_candidate,dark_ridge,123,BH03,acoustic,False,provisional_report_ticks,unknown,27.246728153794386,0.026205536344510477,,,
8458.908864219577,-21.42929997409579,8.667967266553813,23.115980487832008,157.97709198208702,0.5163043478260869,1.0,7,0.1793478260869565,1.0036579815343987,0.22000572129475912,0.3627717391304347,0.19021739130434784,,unclassified_planar_candidate,dark_ridge,124,BH03,acoustic,False,provisional_report_ticks,unknown,27.288960229355624,0.08255707317082858,,,
8460.067553921775,-0.6505751371274702,9.471695247356156,9.494011737291967,93.92926028826967,0.5815217391304348,1.0,7,0.06521739130434782,1.0322335789434192,0.3214667204066006,0.41711956521739135,0.40217391304347827,,unclassified_planar_candidate,dark_ridge,125,BH03,acoustic,False,provisional_report_ticks,unknown,27.293098406863475,0.03390718477604273,,,
8473.86313254406,7.199881883013376,-8.263314827469076,10.959957621597564,311.0658566007783,0.5271739130434783,1.0,6,0.21739130434782608,1.0538018471003507,0.21540707638760234,0.37092391304347827,0.20652173913043478,,unclassified_planar_candidate,dark_ridge,126,BH03,acoustic,False,provisional_report_ticks,unknown,27.342368330514493,0.03914270579141986,,,
8590.54020832793,-1.5019254539445266,6.514634285630814,6.685524657401466,102.98249424018687,0.592391304347826,1.0,7,0.15760869565217392,1.1817063670098609,0.2597308598806807,0.38586956521739124,0.29347826086956524,,unclassified_planar_candidate,dark_ridge,127,BH03,acoustic,False,provisional_report_ticks,unknown,27.75907217259974,0.0238768737764338,,,
8605.025967998345,-7.585993376859563,5.5053833939960715,9.373182054598367,144.03047996097365,0.5434782608695652,1.0,7,0.10869565217391304,1.2242696955516479,0.23106444262911274,0.358695652173913,0.15760869565217392,,unclassified_planar_candidate,dark_ridge,128,BH03,acoustic,False,provisional_report_ticks,unknown,27.81080702856551,0.033475650194994155,,,
8662.07119359728,3.4530747104519723,-0.5140635619665039,3.4911296598242614,351.53249411800664,0.6141304347826086,1.0,8,0.07608695652173914,0.839868221331429,0.3950574174464223,0.46059782608695643,0.23369565217391305,,unclassified_planar_candidate,dark_ridge,129,BH03,acoustic,False,provisional_report_ticks,unknown,28.014539977133133,0.012468320213658074,,,
8765.80005483857,3.4335334395934556,-0.4118437834171321,3.458145049408108,353.16019142070354,0.5978260869565217,1.0,7,0.06521739130434782,0.8222066171474901,0.4248727592029474,0.5394021739130435,0.16847826086956522,,unclassified_planar_candidate,dark_ridge,130,BH03,acoustic,False,provisional_report_ticks,unknown,28.385000195852026,0.012350518033600382,,,
8846.512869486809,-2.9056984062242006,1.6070637172610136,3.320502525111319,151.0541974626825,0.5489130434782609,1.0,6,0.20652173913043478,0.9732504731797208,0.23530492763004024,0.37364130434782605,0.20108695652173914,,unclassified_planar_candidate,dark_ridge,131,BH03,acoustic,False,provisional_report_ticks,unknown,28.673260248167168,0.01185893758968328,,,
8855.473369386864,2.344333296367644,-12.045090030728323,12.271108036881136,281.0137729176292,0.6467391304347826,1.0,8,0.08152173913043478,1.2584421817349025,0.3607870604310594,0.46195652173913043,0.15217391304347827,,unclassified_planar_candidate,dark_ridge,132,BH03,acoustic,False,provisional_report_ticks,unknown,28.705262033524505,0.043825385846004046,,,
8868.330059289685,-7.738691338993156,0.44119496522817075,7.751257745524295,176.73700968551194,0.7391304347826086,1.0,7,0.07608695652173914,1.0186428628011341,0.4624968203136329,0.4755434782608695,0.3804347826086957,,unclassified_planar_candidate,dark_ridge,133,BH03,acoustic,False,provisional_report_ticks,unknown,28.751178783177437,0.02768306337687247,,,
8889.972900493769,-2.566291025021444,3.8091712536832505,4.592998504788832,123.96869062893765,0.6684782608695652,1.0,8,0.08695652173913043,0.981657939206914,0.4400167460844321,0.5163043478260869,0.1793478260869565,,unclassified_planar_candidate,dark_ridge,134,BH03,acoustic,False,provisional_report_ticks,unknown,28.828474644620595,0.016403566088531538,,,
8906.383351581522,11.378086167604547,-6.822437145986302,13.266743890207861,329.05259188576764,0.532608695652174,1.0,6,0.10869565217391304,1.1536566774602,0.23622716033547786,0.36548913043478265,0.16304347826086957,,unclassified_planar_candidate,dark_ridge,135,BH03,acoustic,False,provisional_report_ticks,unknown,28.88708339850543,0.04738122817931378,,,
8953.915776836224,-2.4192679273915574,6.733044886365806,7.154491648350858,109.76400276680623,0.592391304347826,1.0,6,0.2391304347826087,0.7171660208052197,0.32499789991785283,0.45788043478260865,0.29891304347826086,,unclassified_planar_candidate,dark_ridge,136,BH03,acoustic,False,provisional_report_ticks,unknown,29.056842060129362,0.025551755886967342,,,
8988.315235500759,4.492938809774129,0.2631064628032946,4.500635972742455,3.35141294339901,0.8152173913043478,1.0,8,0.021739130434782608,0.8065362432296981,0.6094948469549115,0.5326086956521738,0.21739130434782608,,unclassified_planar_candidate,dark_ridge,137,BH03,acoustic,False,provisional_report_ticks,unknown,29.17969726964556,0.01607369990265162,,,
9002.031250271008,-1.5247385356075365,-2.286732088073851,2.7484488797489415,236.30558784986067,0.6521739130434783,1.0,8,0.059782608695652176,1.088734632858191,0.23762233788274445,0.27853260869565216,0.24456521739130435,,unclassified_planar_candidate,dark_ridge,138,BH03,acoustic,False,provisional_report_ticks,unknown,29.228683036682163,0.009815888856246216,,,
9013.969329539425,6.6106644307634035,-1.1900030936155925,6.716918309684517,349.79532531599375,0.6684782608695652,1.0,8,0.059782608695652176,1.064999667256303,0.33291859481181235,0.3777173913043478,0.15760869565217392,,unclassified_planar_candidate,dark_ridge,139,BH03,acoustic,False,provisional_report_ticks,unknown,29.271319034069364,0.023988993963158983,,,
9018.785219168285,0.08312935707682044,-3.9191685001355494,3.9200500280561137,271.2151167302732,0.75,1.0,8,0.06521739130434782,1.2442101219913109,0.42532695358612643,0.4592391304347826,0.22282608695652173,,unclassified_planar_candidate,dark_ridge,140,BH03,acoustic,False,provisional_report_ticks,unknown,29.288518639886725,0.014000178671628973,,,
9080.19914564514,-0.9169469598903787,2.1946619202759345,2.378514803729727,112.67555460937005,0.6739130434782609,1.0,7,0.21195652173913043,0.5699361234399273,0.42128328051711406,0.4796195652173913,0.3641304347826087,,unclassified_planar_candidate,dark_ridge,141,BH03,acoustic,False,provisional_report_ticks,unknown,29.507854091589778,0.008494695727606165,,,
9107.254360659272,0.39320495926764226,0.1322461878403324,0.414848399045927,,0.8043478260869565,1.0,7,0.10869565217391304,0.312949573945564,0.6459008058676692,0.6902173913043479,0.592391304347826,near_horizontal_check_acquisition_artifact,unclassified_planar_candidate,dark_ridge,142,BH03,acoustic,False,provisional_report_ticks,unknown,29.60447985949739,0.0014816014251640246,,,
9132.264262282257,-3.1681830485524576,3.557913491361588,4.764045784955047,131.683816609173,0.8695652173913043,1.0,8,0.02717391304347826,0.7398012817067237,0.6610589094586331,0.7404891304347826,0.43478260869565216,,unclassified_planar_candidate,dark_ridge,143,BH03,acoustic,False,provisional_report_ticks,unknown,29.69380093672234,0.017014449231982306,,,
9155.069640966438,5.476485190954504,-19.694183682113064,20.441447134475396,285.53998716278136,0.6413043478260869,1.0,7,0.10326086956521739,1.1402674917265145,0.393241803293788,0.5217391304347826,0.18478260869565216,,unclassified_planar_candidate,dark_ridge,144,BH03,acoustic,False,provisional_report_ticks,unknown,29.77524871773727,0.07300516833741211,,,
9182.224839945407,-2.1954920449115933,9.214838693825369,9.472773483647297,103.40122272080794,0.6141304347826086,1.0,7,0.10326086956521739,1.0668601954911263,0.3502527532574333,0.4538043478260869,0.1793478260869565,,unclassified_planar_candidate,dark_ridge,145,BH03,acoustic,False,provisional_report_ticks,unknown,29.87223157123359,0.03383133387016891,,,
9188.117910993053,7.66576273486907,6.099683244465522,9.796430676022812,38.50943009811329,0.5489130434782609,1.0,6,0.10326086956521739,1.182193017809458,0.22819304647924696,0.34375,0.2391304347826087,,unclassified_planar_candidate,dark_ridge,146,BH03,acoustic,False,provisional_report_ticks,unknown,29.89327825354661,0.034987252414367176,,,
9336.766067488132,6.33313042275772,-2.4723823703027317,6.798618649155365,338.6748896837994,0.625,1.0,7,0.11956521739130435,1.074522500617976,0.33131079621244464,0.4307065217391305,0.24456521739130435,,unclassified_planar_candidate,dark_ridge,147,BH03,acoustic,False,provisional_report_ticks,unknown,30.42416452674332,0.024280780889840585,,,
9350.212919607533,-5.931637677426283,-18.36353074601475,19.29776119129087,252.09892960634298,0.5108695652173914,1.0,6,0.2391304347826087,0.935786409027919,0.15000481394209153,0.26358695652173914,0.23369565217391305,,unclassified_planar_candidate,dark_ridge,148,BH03,acoustic,False,provisional_report_ticks,unknown,30.472188998598327,0.06892057568318166,,,
9351.594893741489,-8.01818383744789,-8.299646276474753,11.54016465938471,225.9881835201877,0.8858695652173914,1.0,8,0.02717391304347826,0.52813099987172,0.7226869232223218,0.6521739130434783,0.30434782608695654,,unclassified_planar_candidate,dark_ridge,149,BH03,acoustic,False,provisional_report_ticks,unknown,30.477124620505307,0.041214873783516806,,,
9377.52554705744,-2.363913840986106,-0.3696488494262063,2.3926405746555,188.8874568322243,0.7989130434782609,1.0,8,0.043478260869565216,0.8597462804669657,0.5737640517211245,0.5801630434782609,0.2554347826086957,,unclassified_planar_candidate,dark_ridge,150,BH03,acoustic,False,provisional_report_ticks,unknown,30.569734096633702,0.008545144909483927,,,
9419.509538751596,3.983768450682968,-8.933433094694001,9.781443550214407,294.033968130173,0.5434782608695652,1.0,8,0.16304347826086957,1.1977532897291594,0.2139264153406256,0.3505434782608695,0.21739130434782608,,unclassified_planar_candidate,dark_ridge,151,BH03,acoustic,False,provisional_report_ticks,unknown,30.719676924112832,0.03493372696505145,,,
9472.109254097973,2.2430325497794903,6.357310811684898,6.741409034892927,70.56576936802936,0.5434782608695652,1.0,7,0.10326086956521739,1.1454527696410877,0.25674237077582607,0.38586956521739124,0.21739130434782608,,unclassified_planar_candidate,dark_ridge,152,BH03,acoustic,False,provisional_report_ticks,unknown,30.907533050349898,0.024076460838903302,,,
9519.430052290705,-2.8996305369409217,7.163304164036729,7.727922346741473,112.03758700166782,0.6956521739130435,1.0,8,0.09782608695652174,1.1680751436849974,0.41017269819358504,0.48233695652173914,0.4076086956521739,,unclassified_planar_candidate,dark_ridge,153,BH03,acoustic,False,provisional_report_ticks,unknown,31.076535901038227,0.027599722666933824,,,
9551.118405953821,-2.3341902592082513,0.7245083970568905,2.44404512715879,162.75620036356844,0.6195652173913043,1.0,8,0.08695652173913043,1.203392119535818,0.3345069742781231,0.44157608695652173,0.17391304347826086,,unclassified_planar_candidate,dark_ridge,154,BH03,acoustic,False,provisional_report_ticks,unknown,31.189708592692206,0.008728732596995676,,,
9575.584027812673,8.388507152086985,2.0793121184471217,8.642371846115832,13.921664930119388,0.5434782608695652,1.0,7,0.16304347826086957,1.2897677355166304,0.22193885171562638,0.375,0.15760869565217392,,unclassified_planar_candidate,dark_ridge,155,BH03,acoustic,False,provisional_report_ticks,unknown,31.27708581361668,0.030865613736127964,,,
9584.563205918002,-2.3313747005812777,6.383366925553057,6.795784082852776,110.0635326612604,0.8043478260869565,1.0,8,0.043478260869565216,1.185033667564352,0.5183075593825293,0.6100543478260869,0.21739130434782608,,unclassified_planar_candidate,dark_ridge,156,BH03,acoustic,False,provisional_report_ticks,unknown,31.309154306849997,0.024270657438759904,,,
9603.454348191375,10.960285838234098,3.6981407848448122,11.567372688745165,18.645053587157587,0.5163043478260869,1.0,6,0.20108695652173914,1.217928127977576,0.1897046764268708,0.3451086956521739,0.2391304347826087,,unclassified_planar_candidate,dark_ridge,157,BH03,acoustic,False,provisional_report_ticks,unknown,31.37662267211205,0.041312045316947,,,
9640.03706616731,-3.5896512927778352,10.585306594760244,11.177401849661498,108.73264155394548,0.8858695652173914,1.0,8,0.03260869565217391,1.0300540878800635,0.607933895918061,0.7894021739130436,0.532608695652174,,unclassified_planar_candidate,dark_ridge,158,BH03,acoustic,False,provisional_report_ticks,unknown,31.507275236311813,0.039919292320219624,,,
9655.240402794227,13.616909528179313,5.857906383183187,14.823470993419823,23.277062305891192,0.5,1.0,6,0.1358695652173913,1.101675001415292,0.22282722843138839,0.37228260869565216,0.16304347826086957,,unclassified_planar_candidate,dark_ridge,159,BH03,acoustic,False,provisional_report_ticks,unknown,31.56157286712223,0.05294096783364221,,,
9690.395277748145,10.213493077529456,-12.158705782483281,15.879218089998464,310.03075719065885,0.6358695652173914,1.0,6,0.11413043478260869,1.133159257710394,0.314752836024017,0.40760869565217395,0.2554347826086957,,unclassified_planar_candidate,dark_ridge,160,BH03,acoustic,False,provisional_report_ticks,unknown,31.68712599195765,0.05671149317856593,,,
9700.16363573402,5.131339467494201,-3.5176359352792343,6.22128662768655,325.568582159814,0.6956521739130435,1.0,6,0.09239130434782608,0.7339680096401616,0.429873033652889,0.43478260869565216,0.33152173913043476,,unclassified_planar_candidate,dark_ridge,161,BH03,acoustic,False,provisional_report_ticks,unknown,31.722012984764348,0.022218880813166243,,,
9715.925678715003,3.674969060219776,-10.706191574567342,11.319361096144489,288.94511279581434,0.5217391304347826,1.0,6,0.1358695652173913,0.9882034138107313,0.23530928135938117,0.36277173913043476,0.24456521739130435,,unclassified_planar_candidate,dark_ridge,162,BH03,acoustic,False,provisional_report_ticks,unknown,31.77830599541071,0.040426289629087446,,,
9724.507720875878,3.6937988222948124,9.143030571134027,9.86099172316243,68.00121381452206,0.5815217391304348,1.0,6,0.08695652173913043,1.0347106874874865,0.31679737516558043,0.4211956521739131,0.2717391304347826,,unclassified_planar_candidate,dark_ridge,163,BH03,acoustic,False,provisional_report_ticks,unknown,31.80895614598527,0.03521782758272295,,,
9776.646130894263,5.503151295550552,-28.38954452229459,28.918003256882493,280.9704039260359,0.5054347826086957,1.0,6,0.16304347826086957,1.2393071327810028,0.22283312046334355,0.39809782608695654,0.21739130434782608,,unclassified_planar_candidate,dark_ridge,164,BH03,acoustic,False,provisional_report_ticks,unknown,31.99516475319379,0.10327858306029458,,,
9787.360412803682,-3.977351853443604,12.106046679261658,12.742672167428363,108.18755403094256,0.6684782608695652,1.0,8,0.08152173913043478,0.7055428309091758,0.4853090431703244,0.5434782608695652,0.23369565217391305,,unclassified_planar_candidate,dark_ridge,165,BH03,acoustic,False,provisional_report_ticks,unknown,32.03343004572743,0.04550954345510128,,,
9817.020505655788,1.786287920681979,5.193925147174933,5.492511535721204,71.02094892268089,0.5978260869565217,1.0,7,0.17391304347826086,0.9232189270538231,0.32653607911463667,0.4497282608695652,0.15760869565217392,,unclassified_planar_candidate,dark_ridge,166,BH03,acoustic,False,provisional_report_ticks,unknown,32.13935894877066,0.019616112627575722,,,
9824.261201442536,-4.297380185989013,-16.912596685772087,17.450025877302302,255.7432284725419,0.5543478260869565,1.0,6,0.1358695652173913,1.4326814540166204,0.2244691923931214,0.37771739130434784,0.20108695652173914,,unclassified_planar_candidate,dark_ridge,167,BH03,acoustic,False,provisional_report_ticks,unknown,32.16521857658048,0.06232152099036535,,,
9848.372866168344,4.882078371127112,3.042769819759013,5.752663504661424,31.933346288639815,0.592391304347826,1.0,8,0.1358695652173913,1.1118944293595558,0.2919110507076315,0.4130434782608695,0.20108695652173914,,unclassified_planar_candidate,dark_ridge,168,BH03,acoustic,False,provisional_report_ticks,unknown,32.25133166488693,0.02054522680236222,,,
9891.448340774641,-2.6806782169404006,16.09843005821723,16.320094547584297,99.45403369885895,0.6739130434782609,1.0,8,0.04891304347826087,1.009022872120259,0.457881467447779,0.6059782608695652,0.16847826086956522,,unclassified_planar_candidate,dark_ridge,169,BH03,acoustic,False,provisional_report_ticks,unknown,32.40517264562371,0.05828605195565819,,,
10011.091023295658,13.825094910660251,-1.17054877655392,13.874560667893448,355.1604001483191,0.7608695652173914,1.0,8,0.06521739130434782,0.8902508824956133,0.5286202811067774,0.6005434782608696,0.42391304347826086,,unclassified_planar_candidate,dark_ridge,170,BH03,acoustic,False,provisional_report_ticks,unknown,32.83246794034162,0.04955200238533373,,,
10021.72438945745,-5.893163663804717,-20.72501851031337,21.546595327828943,254.12688657522386,0.5,1.0,7,0.10869565217391304,1.2089305242772368,0.22257187579219875,0.3736413043478261,0.16847826086956522,,unclassified_planar_candidate,dark_ridge,171,BH03,acoustic,False,provisional_report_ticks,unknown,32.87044424806231,0.07695212617081763,,,
10034.633116200035,-10.67181554930437,-5.148863574394113,11.848984902771083,205.75605744519157,0.5,1.0,6,0.1358695652173913,1.166724147876315,0.23078036989134174,0.3940217391304348,0.20652173913043478,,unclassified_planar_candidate,dark_ridge,172,BH03,acoustic,False,provisional_report_ticks,unknown,32.916546843571545,0.042317803224182424,,,
10066.103662884472,-0.48577254238135537,-5.432718517704146,5.454393225239373,264.8904229460316,0.5271739130434783,1.0,7,0.13043478260869565,1.0856214619371518,0.19604550447225608,0.3070652173913044,0.16304347826086957,,unclassified_planar_candidate,dark_ridge,173,BH03,acoustic,False,provisional_report_ticks,unknown,33.02894165315882,0.019479975804426328,,,
10082.502988852517,2.7229765657257508,-7.026074447160327,7.535271960223525,291.1839920611788,0.532608695652174,1.0,7,0.06521739130434782,1.1563989850849774,0.19691505990028096,0.2907608695652174,0.15760869565217392,,unclassified_planar_candidate,dark_ridge,174,BH03,acoustic,False,provisional_report_ticks,unknown,33.087510674473265,0.026911685572226868,,,
10192.75847540036,-0.9358675088931555,-12.959023278353405,12.992772310908373,265.8694162457649,0.6086956521739131,1.0,7,0.10869565217391304,1.1332392329136995,0.2930375145194746,0.3940217391304348,0.2391304347826087,,unclassified_planar_candidate,dark_ridge,175,BH03,acoustic,False,provisional_report_ticks,unknown,33.48128026928699,0.04640275825324418,,,
10208.054960094578,-5.833826022282239,13.929174106706762,15.101503810985433,112.72494303837973,0.6956521739130435,1.0,7,0.1358695652173913,1.102495008882167,0.4162640912647554,0.5638586956521738,0.33152173913043476,,unclassified_planar_candidate,dark_ridge,176,BH03,acoustic,False,provisional_report_ticks,unknown,33.53591057176634,0.05393394218209081,,,
10246.911674585028,-8.031013976220132,-11.313636066935079,13.874276433072009,234.6308634691768,0.6521739130434783,1.0,6,0.11413043478260869,0.9576699136779712,0.37649776805637003,0.4483695652173913,0.21739130434782608,,unclassified_planar_candidate,dark_ridge,177,BH03,acoustic,False,provisional_report_ticks,unknown,33.674684552089374,0.049550987260971444,,,
10274.982634684946,8.485720752096864,-15.184335223251065,17.394582284568674,299.1985124142882,0.5869565217391305,1.0,6,0.20108695652173914,1.0022464897296726,0.3092910007209232,0.46059782608695654,0.483695652173913,,unclassified_planar_candidate,dark_ridge,178,BH03,acoustic,False,provisional_report_ticks,unknown,33.77493798101766,0.06212350815917382,,,
10378.546559405826,2.6639255736733616,2.049762329828824,3.3612534969645234,37.57654748248203,0.6684782608695652,1.0,8,0.059782608695652176,1.2098041179814176,0.4199315300542377,0.5,0.23369565217391305,,unclassified_planar_candidate,dark_ridge,179,BH03,acoustic,False,provisional_report_ticks,unknown,34.144809140735084,0.012004476774873294,,,
10388.341010406311,-7.779931893631516,8.379415613783719,11.434244456808996,132.8754004401646,0.5271739130434783,1.0,6,0.10326086956521739,1.089843332796625,0.2009943039843887,0.30570652173913043,0.21739130434782608,,unclassified_planar_candidate,dark_ridge,180,BH03,acoustic,False,provisional_report_ticks,unknown,34.17978932287967,0.040836587345746404,,,
10500.197236295046,-10.34880624587972,2.4365458716881925,10.631770619214839,166.7514400959665,0.625,1.0,8,0.05434782608695652,0.8856462892170839,0.3694125718440239,0.41983695652173914,0.16847826086956522,,unclassified_planar_candidate,dark_ridge,181,BH03,acoustic,False,provisional_report_ticks,unknown,34.579275843910864,0.0379706093543387,,,
10533.684503405806,-12.16398000456475,12.34736806602437,17.332625528445753,134.57133463834643,0.7771739130434783,1.0,8,0.02717391304347826,1.3823247999963304,0.4769154714728458,0.6059782608695652,0.29891304347826086,,unclassified_planar_candidate,dark_ridge,182,BH03,acoustic,False,provisional_report_ticks,unknown,34.6988732264493,0.061902234030163386,,,
10547.505670313141,2.6557705072962245,9.191590562739826,9.567573049654351,73.884153180535,0.592391304347826,1.0,6,0.08695652173913043,1.2571026439727162,0.30062732801572684,0.4225543478260869,0.22826086956521738,,unclassified_planar_candidate,dark_ridge,183,BH03,acoustic,False,provisional_report_ticks,unknown,34.74823453683264,0.03416990374876553,,,
10591.698630942139,0.1127550687591105,0.06882786641808207,0.13210216018876106,,0.7010869565217391,1.0,8,0.07065217391304347,0.9713148574361368,0.47134396093325365,0.5366847826086957,0.22826086956521738,near_horizontal_check_acquisition_artifact,unclassified_planar_candidate,dark_ridge,184,BH03,acoustic,False,provisional_report_ticks,unknown,34.906066539079056,0.0004717934292455751,,,
10657.611452595542,-1.8131826779007965,0.2737276874399539,1.8337279706408822,171.4151508529255,0.8695652173913043,1.0,8,0.02717391304347826,0.889410157393846,0.6289006734419985,0.7567934782608695,0.4782608695652174,near_horizontal_check_acquisition_artifact,unclassified_planar_candidate,dark_ridge,185,BH03,acoustic,False,provisional_report_ticks,unknown,35.141469473555496,0.006549028466574578,,,
10729.26421522543,-1.0562988996452771,-2.178274381191945,2.4208772470220326,244.13011087872115,0.75,1.0,7,0.09782608695652174,1.069421582756708,0.47373655514795876,0.6358695652173914,0.3423913043478261,,unclassified_planar_candidate,dark_ridge,186,BH03,acoustic,False,provisional_report_ticks,unknown,35.39737219723367,0.008645990167935828,,,
10749.504982845416,-0.4504270989962976,0.681300127904062,0.8167340055319797,123.4698368218755,0.6521739130434783,1.0,6,0.29347826086956524,0.5524501115782542,0.3718210772450382,0.485054347826087,0.375,near_horizontal_check_acquisition_artifact,unclassified_planar_candidate,dark_ridge,187,BH03,acoustic,False,provisional_report_ticks,unknown,35.46966065301933,0.0029169071626142123,,,
10760.098252089918,0.010466661819821222,-0.07373534146652132,0.07447450295795871,,0.7771739130434783,1.0,8,0.06521739130434782,0.4526960959192822,0.6247328836355431,0.595108695652174,0.3423913043478261,near_horizontal_check_acquisition_artifact,unclassified_planar_candidate,dark_ridge,188,BH03,acoustic,False,provisional_report_ticks,unknown,35.50749375746398,0.0002659803677069953,,,
10792.442999423944,5.216605077650507,4.974085508246961,7.207946668748422,43.63672384797527,0.9293478260869565,1.0,8,0.016304347826086956,0.6209795619986863,0.743263900630478,0.7554347826086957,0.8858695652173914,,unclassified_planar_candidate,dark_ridge,189,BH03,acoustic,False,provisional_report_ticks,unknown,35.62301071222836,0.025742666674101498,,,
10840.090275394694,-6.452947508119365,-0.4153293785172297,6.466299562748654,183.68263374831818,0.6630434782608695,1.0,8,0.07608695652173914,1.0560703591725669,0.39920670149349086,0.4633152173913043,0.3858695652173913,,unclassified_planar_candidate,dark_ridge,190,BH03,acoustic,False,provisional_report_ticks,unknown,35.79317955498104,0.023093927009816616,,,
10862.742760433095,4.386072814316865,1.6441041309039823,4.684091494168854,20.54833523597255,0.7608695652173914,1.0,8,0.04891304347826087,1.013944250033531,0.5161155856628378,0.6331521739130435,0.2391304347826087,,unclassified_planar_candidate,dark_ridge,191,BH03,acoustic,False,provisional_report_ticks,unknown,35.87408128726104,0.016728898193460188,,,
11173.71341627993,-15.65996299541515,30.636629363297047,34.40693970352212,117.07392085190554,0.5108695652173914,1.0,6,0.1358695652173913,1.336181604839921,0.2658799036689921,0.47010869565217395,0.20108695652173914,,unclassified_planar_candidate,dark_ridge,192,BH03,acoustic,False,provisional_report_ticks,unknown,36.98469077242831,0.12288192751257897,,,
11206.795260532317,0.23351835040502675,-0.18547521439367387,0.29821447840482884,,0.7065217391304348,1.0,6,0.15760869565217392,0.26142674151114853,0.545499061029196,0.5529891304347826,0.6630434782608695,near_horizontal_check_acquisition_artifact,unclassified_planar_candidate,dark_ridge,193,BH03,acoustic,False,provisional_report_ticks,unknown,37.102840216186834,0.001065051708588674,,,
11241.235932809834,-5.264013598700576,5.460717698282787,7.584805663142823,133.9492462897374,0.5054347826086957,1.0,6,0.13043478260869565,1.1513315787760916,0.26037370783227587,0.4347826086956522,0.20108695652173914,,unclassified_planar_candidate,dark_ridge,194,BH03,acoustic,False,provisional_report_ticks,unknown,37.22584261717797,0.027088591654081503,,,
11467.851414738197,-11.308086819835593,-9.897501176049307,15.027752894389662,221.1943185326387,0.5271739130434783,1.0,6,0.11956521739130435,0.9285889980536695,0.3267013759454843,0.4796195652173913,0.20652173913043478,,unclassified_planar_candidate,dark_ridge,195,BH03,acoustic,False,provisional_report_ticks,unknown,38.03518362406498,0.053670546051391634,,,
11509.314500800852,-7.988024766771097,9.088867554094739,12.100250125118261,131.31159509668615,0.5108695652173914,1.0,6,0.1956521739130435,1.0790821797109666,0.18001344314628068,0.31385869565217395,0.3641304347826087,,unclassified_planar_candidate,dark_ridge,196,BH03,acoustic,False,provisional_report_ticks,unknown,38.183266074288746,0.043215179018279495,,,
11513.469528765232,-10.933426520653345,-2.5271198155341925,11.22168213970577,193.0146234234517,0.6684782608695652,1.0,8,0.07608695652173914,1.0917437107919077,0.4082183497623543,0.4755434782608695,0.16304347826086957,,unclassified_planar_candidate,dark_ridge,197,BH03,acoustic,False,provisional_report_ticks,unknown,38.19810545987582,0.04007743621323488,,,
11530.369165074699,-3.2862883618146745,0.6230665224040937,3.3448322959962145,169.26438574731898,0.5489130434782609,1.0,7,0.1956521739130435,0.6195906385275768,0.2722757079751945,0.37907608695652173,0.2391304347826087,,unclassified_planar_candidate,dark_ridge,198,BH03,acoustic,False,provisional_report_ticks,unknown,38.258461303838196,0.011945829628557905,,,
11559.315624354127,1.9643192764074333,-10.208452783332026,10.395723084479751,280.8917797803891,0.532608695652174,1.0,6,0.22826086956521738,1.1186757144375563,0.21155278773013717,0.3736413043478261,0.31521739130434784,,unclassified_planar_candidate,dark_ridge,199,BH03,acoustic,False,provisional_report_ticks,unknown,38.361841515550445,0.03712758244457053,,,
11571.362585882593,-6.058701994617089,4.878098688932326,7.778413506528203,141.16109468622167,0.6521739130434783,1.0,7,0.17391304347826086,1.055778327911455,0.3789218252928562,0.5163043478260869,0.2717391304347826,,unclassified_planar_candidate,dark_ridge,200,BH03,acoustic,False,provisional_report_ticks,unknown,38.40486637815211,0.02778004823760072,,,
11633.951859232067,-2.0366093251636905,-9.267891797138441,9.489025024037492,257.6063032287566,0.6956521739130435,1.0,8,0.07065217391304347,0.6531157860502379,0.5200226260012282,0.5747282608695652,0.2554347826086957,,unclassified_planar_candidate,dark_ridge,201,BH03,acoustic,False,provisional_report_ticks,unknown,38.62839949725737,0.033889375085848175,,,
11635.265633802106,2.0881224187793626,2.803423426841616,3.4956312943406034,53.319515400267015,0.5,1.0,7,0.1793478260869565,0.9838208332065196,0.1959965754760471,0.3315217391304348,0.16304347826086957,,unclassified_planar_candidate,dark_ridge,202,BH03,acoustic,False,provisional_report_ticks,unknown,38.633091549293226,0.012484397479787865,,,
11672.493172374827,-3.958069593405077,6.0330605936155814,7.215548144976584,123.26740998813618,0.5815217391304348,1.0,8,0.07065217391304347,1.2125183299902855,0.3538943414949035,0.49048913043478265,0.15760869565217392,,unclassified_planar_candidate,dark_ridge,203,BH03,acoustic,False,provisional_report_ticks,unknown,38.7660470441958,0.025769814803487792,,,
11706.020170121565,-2.3521384612901914,-8.363181574044942,8.68765568962798,254.29140252630188,0.7336956521739131,1.0,8,0.08152173913043478,0.8172351360814007,0.5131896911251809,0.6956521739130435,0.43478260869565216,,unclassified_planar_candidate,dark_ridge,204,BH03,acoustic,False,provisional_report_ticks,unknown,38.88578632186272,0.03102734174867135,,,
11806.476563917435,-3.3635421269269066,-2.8722244949475666,4.423018108598334,220.49495792327465,0.842391304347826,1.0,8,0.03804347826086957,0.7335747828206446,0.634561167793854,0.7581521739130435,0.21195652173913043,,unclassified_planar_candidate,dark_ridge,205,BH03,acoustic,False,provisional_report_ticks,unknown,39.24455915684797,0.015796493244994044,,,
11913.975267186288,1.539973825818967,2.1215334190782182,2.6215307422330985,54.02493883560567,0.5652173913043478,1.0,6,0.2826086956521739,0.871711807941456,0.30323436332315223,0.5163043478260869,0.358695652173913,,unclassified_planar_candidate,dark_ridge,206,BH03,acoustic,False,provisional_report_ticks,unknown,39.62848309709388,0.009362609793689634,,,
11981.572022060705,-1.5359879481829803,-7.392429254759627,7.550315838664587,258.26218104496763,0.8478260869565217,1.0,8,0.043478260869565216,0.7871297927235866,0.6238108319466443,0.6480978260869565,0.3858695652173913,,unclassified_planar_candidate,dark_ridge,207,BH03,acoustic,False,provisional_report_ticks,unknown,39.86990007878822,0.026965413709516373,,,
11986.160750724976,-8.938830679164196,14.178154681148552,16.76075070136602,122.22999746245239,0.592391304347826,1.0,6,0.16304347826086957,1.183217088894825,0.2969773237379053,0.4442934782608695,0.29891304347826086,,unclassified_planar_candidate,dark_ridge,208,BH03,acoustic,False,provisional_report_ticks,unknown,39.88628839544633,0.05985982393345006,,,
12004.343215798304,-8.343659190100833,-2.8747530949025415,8.825012976602688,199.0110548396039,0.8804347826086957,1.0,8,0.021739130434782608,0.684411540222125,0.6856037039839897,0.6616847826086957,0.5597826086956522,,unclassified_planar_candidate,dark_ridge,209,BH03,acoustic,False,provisional_report_ticks,unknown,39.95122577070822,0.03151790348786673,,,
12025.649278702682,-5.2795569308428885,-5.470929400918387,7.602946132641241,226.01983078087713,0.8641304347826086,1.0,8,0.03804347826086957,0.745560121111077,0.6483415612564334,0.513586956521739,0.3858695652173913,,unclassified_planar_candidate,dark_ridge,210,BH03,acoustic,False,provisional_report_ticks,unknown,40.027318852509566,0.027153379045147284,,,
12036.591252898617,-2.433006996978297,1.8821813128389449,3.076057467237159,142.27435930521946,0.5760869565217391,1.0,7,0.15217391304347827,1.0188142929368154,0.15026424309033554,0.2160326086956521,0.18478260869565216,,unclassified_planar_candidate,dark_ridge,211,BH03,acoustic,False,provisional_report_ticks,unknown,40.06639733178076,0.010985919525846993,,,
12043.13957725032,2.9606466193422287,-12.947016985273823,13.281215201237853,282.8805884742579,0.6467391304347826,1.0,8,0.14130434782608695,1.0005522964254245,0.27784905663450443,0.3491847826086957,0.24456521739130435,,unclassified_planar_candidate,dark_ridge,212,BH03,acoustic,False,provisional_report_ticks,unknown,40.08978420446542,0.04743291143299232,,,
12050.278955740225,2.408270935339803,1.691933847340701,2.9431970783111954,35.09000871610335,0.8586956521739131,1.0,8,0.08152173913043478,0.6867325610410604,0.6273261984337715,0.5353260869565217,0.40217391304347827,,unclassified_planar_candidate,dark_ridge,213,BH03,acoustic,False,provisional_report_ticks,unknown,40.115281984786506,0.010511418136825695,,,
12064.41208959368,-12.732142076149017,-1.8943779618277432,12.872300093980984,188.4627863515023,0.6793478260869565,1.0,8,0.08695652173913043,1.401591564068946,0.33594005525176507,0.4320652173913043,0.30978260869565216,,unclassified_planar_candidate,dark_ridge,214,BH03,acoustic,False,provisional_report_ticks,unknown,40.165757462834556,0.04597250033564636,,,
12082.132595726162,1.4797239515212581,1.3214021026755276,1.983856469017099,41.76503932610841,0.6684782608695652,1.0,7,0.14130434782608695,1.178612536314725,0.37383972322377895,0.48233695652173914,0.30434782608695654,near_horizontal_check_acquisition_artifact,unclassified_planar_candidate,dark_ridge,215,BH03,acoustic,False,provisional_report_ticks,unknown,40.22904498473628,0.007085201675061066,,,
12119.286498154126,8.284851660074043,-6.344482999560561,10.435096145275548,322.55535351173273,0.6467391304347826,1.0,7,0.18478260869565216,1.10213965331676,0.36513336358518617,0.5149456521739131,0.4076086956521739,,unclassified_planar_candidate,dark_ridge,216,BH03,acoustic,False,provisional_report_ticks,unknown,40.36173749340758,0.03726820051884123,,,
12157.841851276735,-1.8123942378538753,-8.775620783637358,8.960819885011297,258.33098947764483,0.5380434782608695,1.0,6,0.16304347826086957,1.3694510078982272,0.22248770120683833,0.38994565217391297,0.19021739130434784,,unclassified_planar_candidate,dark_ridge,217,BH03,acoustic,False,provisional_report_ticks,unknown,40.49943518313118,0.032002928160754625,,,
12161.866835160583,-2.073741985486088,-0.08481212175536289,2.0754755884771154,182.34198372997585,0.7445652173913043,1.0,7,0.15217391304347827,0.7309386527836675,0.4947608325533719,0.6019021739130435,0.3804347826086957,,unclassified_planar_candidate,dark_ridge,218,BH03,acoustic,False,provisional_report_ticks,unknown,40.5138101255735,0.007412412815989696,,,
12192.508808381359,-7.338126250060972,-9.057803257765656,11.657267978313959,230.98754094051543,0.6521739130434783,1.0,7,0.16304347826086957,1.1277555668554826,0.3707324028150165,0.4945652173913043,0.2608695652173913,,unclassified_planar_candidate,dark_ridge,219,BH03,acoustic,False,provisional_report_ticks,unknown,40.623245744219126,0.04163309992254984,,,
12206.522774128105,-11.13653099189049,4.059532478329166,11.853359290764232,159.97198963727027,0.8532608695652174,1.0,8,0.04891304347826087,0.8937176440693889,0.6024530046125463,0.7078804347826086,0.6141304347826086,,unclassified_planar_candidate,dark_ridge,220,BH03,acoustic,False,provisional_report_ticks,unknown,40.673295621886076,0.04233342603844367,,,
12207.962763995663,-6.130261991748399,-2.0886405721718897,6.4763053917490305,198.81448171536067,0.5163043478260869,1.0,6,0.1793478260869565,1.175844059429681,0.16727640472440583,0.29211956521739124,0.22826086956521738,,unclassified_planar_candidate,dark_ridge,221,BH03,acoustic,False,provisional_report_ticks,unknown,40.678438442841646,0.023129662113389387,,,
12240.668444508008,-1.9665363049466815,-4.815524892611007,5.201590624994397,247.7861606435211,0.5978260869565217,1.0,6,0.125,1.2206173516173635,0.3482414440699589,0.5,0.24456521739130435,,unclassified_planar_candidate,dark_ridge,222,BH03,acoustic,False,provisional_report_ticks,unknown,40.79524444467145,0.018577109374979986,,,
12275.789586887468,-5.496656549137502,0.24110017497053474,5.501941703939348,177.48844169007523,0.7989130434782609,1.0,8,0.059782608695652176,1.1620937138286709,0.5099146576448079,0.7010869565217391,0.32065217391304346,,unclassified_planar_candidate,dark_ridge,223,BH03,acoustic,False,provisional_report_ticks,unknown,40.92067709602666,0.01964979179978338,,,
12373.320671638385,1.6285994798090426,-10.984681111038041,11.10475372877896,278.4332943212074,0.5706521739130435,1.0,6,0.21195652173913043,1.2300370149449595,0.2838414292006106,0.4755434782608695,0.43478260869565216,,unclassified_planar_candidate,dark_ridge,224,BH03,acoustic,False,provisional_report_ticks,unknown,41.26900239870851,0.03965983474563913,,,
12421.498870261517,3.2123638122924003,-6.353400123548362,7.119338058585932,296.8217692691391,0.5108695652173914,1.0,6,0.19021739130434784,1.235071312293018,0.21822444238681227,0.39809782608695654,0.17391304347826086,,unclassified_planar_candidate,dark_ridge,225,BH03,acoustic,False,provisional_report_ticks,unknown,41.44106739379112,0.025426207352092604,,,
12459.001166375085,-2.7037684695470974,-3.8570138706060244,4.710299346640754,234.96952692747294,0.9239130434782609,1.0,8,0.016304347826086956,0.8356174476125641,0.6878976641322702,0.7690217391304348,0.44021739130434784,,unclassified_planar_candidate,dark_ridge,226,BH03,acoustic,False,provisional_report_ticks,unknown,41.57500416562529,0.016822497666574118,,,
12495.150819646355,-4.161603014376848,-3.5375654413463185,5.461987632819964,220.3661581205787,0.5163043478260869,1.0,6,0.23369565217391305,1.016602426805214,0.18769688400398743,0.33288043478260865,0.23369565217391305,,unclassified_planar_candidate,dark_ridge,227,BH03,acoustic,False,provisional_report_ticks,unknown,41.70411007016554,0.019507098688642723,,,
12555.06655951413,8.061356781119638,-3.0397608357128596,8.615429129813402,339.33964085496393,0.532608695652174,1.0,6,0.14130434782608695,0.9934231856970116,0.22311407622853355,0.33967391304347827,0.28804347826086957,,unclassified_planar_candidate,dark_ridge,228,BH03,acoustic,False,provisional_report_ticks,unknown,41.918094855407595,0.03076938974933357,,,
12571.090294056186,-0.26354198200782875,-0.10023898706064174,0.28196139949921906,,0.8315217391304348,1.0,8,0.07065217391304347,0.5665507026013805,0.639786807423793,0.5978260869565217,0.8043478260869565,near_horizontal_check_acquisition_artifact,unclassified_planar_candidate,dark_ridge,229,BH03,acoustic,False,provisional_report_ticks,unknown,41.975322478772085,0.0010070049982114962,,,
12580.274452982183,-1.0955459961648273,-1.1930708141290567,1.6197651055752973,227.44006856523856,0.6630434782608695,1.0,6,0.17391304347826086,0.8631021015426898,0.27683742951152185,0.3369565217391304,0.391304347826087,near_horizontal_check_acquisition_artifact,unclassified_planar_candidate,dark_ridge,230,BH03,acoustic,False,provisional_report_ticks,unknown,42.00812304636493,0.0057848753770546315,,,
12627.688140618118,-9.007997673920348,13.404283681540429,16.149886783150073,123.90204020777314,0.5706521739130435,1.0,8,0.07608695652173914,1.2313376229743946,0.3316849792152716,0.4741847826086956,0.20108695652173914,,unclassified_planar_candidate,dark_ridge,231,BH03,acoustic,False,provisional_report_ticks,unknown,42.1774576450647,0.05767816708267882,,,
12711.671985330748,21.256558978470604,6.200258155679787,22.14236890674241,16.261269031700316,0.5217391304347826,1.0,6,0.22826086956521738,1.194884204662646,0.23436329228546268,0.43342391304347827,0.20652173913043478,,unclassified_planar_candidate,dark_ridge,232,BH03,acoustic,False,provisional_report_ticks,unknown,42.477399947609804,0.07907988895265143,,,
12731.72093506719,7.264610362211481,-9.788971889428149,12.190099850565824,306.5799189494851,0.6684782608695652,1.0,7,0.09239130434782608,1.2262817016913707,0.403147042176645,0.5815217391304348,0.29891304347826086,,unclassified_planar_candidate,dark_ridge,233,BH03,acoustic,False,provisional_report_ticks,unknown,42.54900333952566,0.04353607089487793,,,
12781.172789298793,6.479005292539679,-0.7987755379993914,6.5280588187349675,352.9716554726132,0.6630434782608695,1.0,8,0.07608695652173914,0.9144902121700583,0.45163447761108666,0.5380434782608695,0.1956521739130435,,unclassified_planar_candidate,dark_ridge,234,BH03,acoustic,False,provisional_report_ticks,unknown,42.72561710463853,0.023314495781196307,,,
12817.617798899735,5.177329613497229,-9.016247341697772,10.396992740858654,299.86540015456535,0.5489130434782609,1.0,7,0.20108695652173914,1.1461969955256524,0.2659340737284177,0.44429347826086957,0.20652173913043478,,unclassified_planar_candidate,dark_ridge,235,BH03,acoustic,False,provisional_report_ticks,unknown,42.855777853213326,0.03713211693163804,,,
12869.034797811175,1.2603356077768002,1.3460031227612763,1.8439550565871239,46.882572100246776,0.7282608695652174,1.0,8,0.09239130434782608,1.15247550909519,0.4501401024562206,0.5081521739130435,0.17391304347826086,near_horizontal_check_acquisition_artifact,unclassified_planar_candidate,dark_ridge,236,BH03,acoustic,False,provisional_report_ticks,unknown,43.039409992182755,0.006585553773525441,,,
12883.022825599113,-9.635236221474802,7.345707831570225,12.11598945981764,142.67884086117556,0.8532608695652174,1.0,8,0.021739130434782608,1.0375020449740087,0.5906669989252843,0.6861413043478262,0.5271739130434783,,unclassified_planar_candidate,dark_ridge,237,BH03,acoustic,False,provisional_report_ticks,unknown,43.089367234282534,0.043271390927920136,,,
12972.623992892255,-10.309387058983381,0.21696397241956478,10.311669840392588,178.79437205350618,0.532608695652174,1.0,7,0.09239130434782608,1.2342210732435708,0.30817013147878314,0.48097826086956524,0.1956521739130435,,unclassified_planar_candidate,dark_ridge,238,BH03,acoustic,False,provisional_report_ticks,unknown,43.40937140318661,0.03682739228711637,,,
13102.679930171475,3.298056504972788,48.61203159267851,48.723780562242574,86.11874707576989,0.5,1.0,7,0.09239130434782608,1.0684409253162659,0.2772382827906945,0.43614130434782605,0.22826086956521738,,unclassified_planar_candidate,dark_ridge,239,BH03,acoustic,False,provisional_report_ticks,unknown,43.87385689346954,0.17401350200800914,,,
13208.163961497494,5.7317071582675165,-8.631035553649244,10.36085139727872,303.58738325092645,0.5434782608695652,1.0,7,0.22826086956521738,1.0295379317145252,0.26928256305990617,0.452445652173913,0.42934782608695654,,unclassified_planar_candidate,dark_ridge,240,BH03,acoustic,False,provisional_report_ticks,unknown,44.25058557677675,0.03700304070456685,,,
13275.27157600934,6.057597733113949,-1.0400871292719178,6.1462404388946865,350.25733646663866,0.5108695652173914,1.0,7,0.1956521739130435,1.219862607066066,0.12268652027935119,0.22418478260869568,0.29891304347826086,,unclassified_planar_candidate,dark_ridge,241,BH03,acoustic,False,provisional_report_ticks,unknown,44.49025562860477,0.02195085871033816,,,
13278.895185379524,-6.4248720942328905,1.5307739695597378,6.604714253708044,166.59870435215936,0.9347826086956522,1.0,8,0.021739130434782608,0.9495066286900221,0.666361877047454,0.7228260869565217,0.9782608695652174,,unclassified_planar_candidate,dark_ridge,242,BH03,acoustic,False,provisional_report_ticks,unknown,44.503197090641144,0.023588265191814436,,,
13291.360014202175,-4.415366686700312,-9.777628434203184,10.72834939659226,245.6970884564786,0.6413043478260869,1.0,7,0.14130434782608695,1.2655151787999623,0.3268118359786708,0.45244565217391297,0.1956521739130435,,unclassified_planar_candidate,dark_ridge,243,BH03,acoustic,False,provisional_report_ticks,unknown,44.54771433643633,0.038315533559258055,,,
13307.332567894791,5.403503851366417,3.704857799712748,6.551627674694593,34.43609000672379,0.592391304347826,1.0,7,0.16304347826086957,1.0917654414850118,0.2865074669196809,0.41576086956521735,0.20652173913043478,,unclassified_planar_candidate,dark_ridge,244,BH03,acoustic,False,provisional_report_ticks,unknown,44.60475917105281,0.023398670266766397,,,
13338.895377793993,-2.119260186636305,-13.921924651246583,14.08230271417459,261.3446166918284,0.5706521739130435,1.0,6,0.2608695652173913,1.1697886996499591,0.20333014716576694,0.3559782608695652,0.1956521739130435,,unclassified_planar_candidate,dark_ridge,245,BH03,acoustic,False,provisional_report_ticks,unknown,44.71748349212139,0.05029393826490924,,,
13340.10431238634,4.93806496400088,-7.307659762922762,8.819658542105435,304.0483973927518,0.6141304347826086,1.0,6,0.09782608695652174,1.2808305327472567,0.31829430351629245,0.4402173913043478,0.1956521739130435,,unclassified_planar_candidate,dark_ridge,246,BH03,acoustic,False,provisional_report_ticks,unknown,44.721801115665485,0.0314987805075194,,,
13352.02481666348,4.5423441121944395,-1.4239775410608069,4.760315333151058,342.59433562130494,0.5652173913043478,1.0,6,0.19021739130434784,1.1422599659878214,0.20143058884740878,0.32201086956521735,0.15217391304347827,,unclassified_planar_candidate,dark_ridge,247,BH03,acoustic,False,provisional_report_ticks,unknown,44.7643743452267,0.017001126189825203,,,
13374.9176191411,-5.124341200667311,-9.065413836213738,10.41348168302379,240.52213927559833,0.657608695652174,1.0,8,0.07065217391304347,1.1633535582660386,0.36511556651760724,0.44021739130434784,0.28804347826086957,,unclassified_planar_candidate,dark_ridge,248,BH03,acoustic,False,provisional_report_ticks,unknown,44.846134354075346,0.037191006010799235,,,
13388.532550766522,-1.9414725630207654,4.881803170115481,5.253695642565525,111.68750743579238,0.7934782608695652,1.0,8,0.06521739130434782,1.0096212709211072,0.529770788591015,0.5244565217391304,0.5271739130434783,,unclassified_planar_candidate,dark_ridge,249,BH03,acoustic,False,provisional_report_ticks,unknown,44.894759109880425,0.018763198723448296,,,
13421.257077656042,-1.430985261331014,-11.459326080045956,11.548327715603156,262.8820261096929,0.782608695652174,1.0,8,0.02717391304347826,1.0360813207268142,0.5390036964906582,0.6222826086956522,0.2717391304347826,,unclassified_planar_candidate,dark_ridge,250,BH03,acoustic,False,provisional_report_ticks,unknown,45.01163242020014,0.041244027555725545,,,
13433.013095471546,3.5200491046890647,1.0462920704111132,3.6722571799953583,16.553945475470382,0.7119565217391305,1.0,8,0.10326086956521739,1.0189917787944924,0.44345755161778605,0.4877717391304348,0.31521739130434784,,unclassified_planar_candidate,dark_ridge,251,BH03,acoustic,False,provisional_report_ticks,unknown,45.05361819811265,0.013115204214269134,,,
13495.268219765263,-14.248901396512368,8.78453460318464,16.739152881853983,148.34591463200385,0.5163043478260869,1.0,6,0.16304347826086957,1.0254438922326108,0.22942743371354782,0.37364130434782605,0.1793478260869565,,unclassified_planar_candidate,dark_ridge,252,BH03,acoustic,False,provisional_report_ticks,unknown,45.27595792773307,0.059782688863764206,,,
13515.672461043805,-8.961468267593913,29.58097732723325,30.908609369322654,106.85402705146019,0.532608695652174,1.0,7,0.18478260869565216,1.0403932029252674,0.2126971683449986,0.3464673913043479,0.20652173913043478,,unclassified_planar_candidate,dark_ridge,253,BH03,acoustic,False,provisional_report_ticks,unknown,45.348830218013575,0.11038789060472373,,,
13518.228250747756,-4.9694376540677885,1.5317792517450255,5.200159446953845,162.86861119255536,0.6467391304347826,1.0,6,0.2608695652173913,0.6064229090122031,0.3905363977259011,0.5149456521739131,0.2717391304347826,,unclassified_planar_candidate,dark_ridge,254,BH03,acoustic,False,provisional_report_ticks,unknown,45.35795803838483,0.018571998024835154,,,
13637.843810069813,4.19657127369864,-2.4370275817788545,4.852866564164269,329.8554617647091,0.592391304347826,1.0,6,0.18478260869565216,0.8892023855212934,0.31221879327581653,0.4347826086956521,0.483695652173913,,unclassified_planar_candidate,dark_ridge,255,BH03,acoustic,False,provisional_report_ticks,unknown,45.785156464535035,0.01733166630058667,,,
13668.036111024066,-8.830326219849836,11.882885234870482,14.804648683912442,126.61651936934814,0.8315217391304348,1.0,8,0.03804347826086957,0.9033216813997837,0.5919156789878586,0.6657608695652174,0.5434782608695652,,unclassified_planar_candidate,dark_ridge,256,BH03,acoustic,False,provisional_report_ticks,unknown,45.89298611080022,0.052873745299687275,,,
13721.840767992384,-11.939736690861121,17.287575690377075,21.009940159305824,124.63106083308452,0.5,1.0,6,0.14130434782608695,0.9684863796683263,0.16980666930279714,0.2730978260869565,0.21739130434782608,,unclassified_planar_candidate,dark_ridge,257,BH03,acoustic,False,provisional_report_ticks,unknown,46.08514559997279,0.07503550056894935,,,
13725.547790452996,-4.577728840661028,-1.327690151080624,4.766378339567292,196.17387678682982,0.6358695652173914,1.0,6,0.16847826086956522,1.0405254917497633,0.3250216667387122,0.4347826086956522,0.2717391304347826,,unclassified_planar_candidate,dark_ridge,258,BH03,acoustic,False,provisional_report_ticks,unknown,46.09838496590355,0.017022779784168895,,,
13752.518596516726,5.1328823635580845,1.0441481655938065,5.238007898985886,11.498407668908959,0.5543478260869565,1.0,6,0.15760869565217392,1.0748951937072557,0.2899940857460981,0.44429347826086957,0.1956521739130435,,unclassified_planar_candidate,dark_ridge,259,BH03,acoustic,False,provisional_report_ticks,unknown,46.19470927327401,0.01870717106780673,,,
13763.61386282275,-4.253796630141107,8.577570893852492,9.57441947115674,116.37777384893486,0.5706521739130435,1.0,7,0.1793478260869565,0.7077590440035527,0.3115916849763768,0.421195652173913,0.2608695652173913,,unclassified_planar_candidate,dark_ridge,260,BH03,acoustic,False,provisional_report_ticks,unknown,46.23433522436695,0.034194355254131205,,,
13796.28773825573,6.789367091793742,1.6917521753425546,6.996965837411818,13.99183876210072,0.5271739130434783,1.0,6,0.30978260869565216,0.9254910082219817,0.2425827479405819,0.453804347826087,0.1956521739130435,,unclassified_planar_candidate,dark_ridge,261,BH03,acoustic,False,provisional_report_ticks,unknown,46.3510276366276,0.024989163705042203,,,
13891.101441529261,-9.839237940631811,14.101810826342165,17.195106043124877,124.90458690547416,0.5543478260869565,1.0,6,0.125,1.1632926470538971,0.25669689807182205,0.3899456521739131,0.29347826086956524,,unclassified_planar_candidate,dark_ridge,262,BH03,acoustic,False,provisional_report_ticks,unknown,46.689648005461635,0.06141109301116026,,,
13924.220775263588,-6.209676425750403,7.036219939566863,9.384480398534519,131.4293747513994,0.5869565217391305,1.0,7,0.21195652173913043,0.7398952665960435,0.3300173403420998,0.4565217391304348,0.33152173913043476,,unclassified_planar_candidate,dark_ridge,263,BH03,acoustic,False,provisional_report_ticks,unknown,46.807931340227086,0.033516001423337556,,,
13966.161131485627,-1.135961535000367,-3.5197171250181025,3.6984885087216486,252.11291558605745,0.5163043478260869,1.0,6,0.18478260869565216,1.1420065152658476,0.18837621491229464,0.327445652173913,0.266304347826087,,unclassified_planar_candidate,dark_ridge,264,BH03,acoustic,False,provisional_report_ticks,unknown,46.95771832673437,0.013208887531148742,,,
13988.229050882579,-13.072944597644344,16.959385958115426,21.413142051772812,127.62641289855668,0.5054347826086957,1.0,6,0.14130434782608695,1.341932594847504,0.2224405429426129,0.4008152173913044,0.2608695652173913,,unclassified_planar_candidate,dark_ridge,265,BH03,acoustic,False,provisional_report_ticks,unknown,47.03653232458063,0.07647550732776003,,,
14059.447389939409,-7.636406910107737,9.458197342662972,12.156159240051855,128.91688701716845,0.6684782608695652,1.0,6,0.125,0.6359257327527552,0.47319011389809373,0.5869565217391304,0.3641304347826087,,unclassified_planar_candidate,dark_ridge,266,BH03,acoustic,False,provisional_report_ticks,unknown,47.290883535497876,0.04341485442875661,,,
14124.10142025657,-9.469462343931776,10.405660033961194,14.0694163996066,132.30313322817778,0.7336956521739131,1.0,8,0.05434782608695652,0.9221330648683967,0.5102170141373445,0.6331521739130435,0.3695652173913043,,unclassified_planar_candidate,dark_ridge,267,BH03,acoustic,False,provisional_report_ticks,unknown,47.52179078663059,0.0502479157128807,,,
14162.621186740987,-8.744198047782486,9.40290787528864,12.840392361996116,132.92117097355234,0.6902173913043478,1.0,8,0.07608695652173914,0.6886250216154147,0.5069070296988667,0.6331521739130435,0.43478260869565216,,unclassified_planar_candidate,dark_ridge,268,BH03,acoustic,False,provisional_report_ticks,unknown,47.6593613812178,0.045858544149986115,,,
14189.31555021652,-10.24197903655572,9.577466686204716,14.022339416467139,136.92031081116846,0.5652173913043478,1.0,6,0.09782608695652174,0.9052763907702629,0.34635581429002754,0.45923913043478254,0.2391304347826087,,unclassified_planar_candidate,dark_ridge,269,BH03,acoustic,False,provisional_report_ticks,unknown,47.75469839363041,0.050079783630239766,,,
14212.8880326041,-4.302544349166656,14.956956536585173,15.56349693076218,106.04850319126834,0.5163043478260869,1.0,7,0.21195652173913043,0.9445698114116267,0.23644780001787652,0.3980978260869565,0.1793478260869565,,unclassified_planar_candidate,dark_ridge,270,BH03,acoustic,False,provisional_report_ticks,unknown,47.83888583072891,0.05558391760986492,,,
14226.934396728357,-9.301414111827112,-0.19223640683185295,9.303400416826536,181.18398845783227,0.5163043478260869,1.0,7,0.14130434782608695,1.3089454800707376,0.18378919017661707,0.32065217391304346,0.16847826086956522,,unclassified_planar_candidate,dark_ridge,271,BH03,acoustic,False,provisional_report_ticks,unknown,47.88905141688697,0.033226430060094764,,,
14245.236853574752,-9.582144615176023,2.9955231139691416,10.039454873272266,162.63996744546873,0.592391304347826,1.0,6,0.2826086956521739,0.765124180252877,0.2577189672815947,0.3913043478260869,0.30434782608695654,,unclassified_planar_candidate,dark_ridge,272,BH03,acoustic,False,provisional_report_ticks,unknown,47.954417334195526,0.03585519597597237,,,
14272.18629481635,1.5355223278772594,-9.817571864703188,9.936928405600053,278.88935662664363,0.5652173913043478,1.0,6,0.2608695652173913,0.8735965464108825,0.28338000042780503,0.4538043478260869,0.28804347826086957,,unclassified_planar_candidate,dark_ridge,273,BH03,acoustic,False,provisional_report_ticks,unknown,48.05066533862981,0.03548903002000018,,,
14289.297531647857,-9.650003911841548,4.434438102073334,10.62011378374436,155.31993795379083,0.7934782608695652,1.0,8,0.03804347826086957,0.6741048244328922,0.6096826097677563,0.6005434782608695,0.32065217391304346,,unclassified_planar_candidate,dark_ridge,274,BH03,acoustic,False,provisional_report_ticks,unknown,48.111776898742335,0.03792897779908699,,,
14317.96682582382,1.3232375977491293,-6.410992846593648,6.546127635417125,281.6621583841363,0.625,1.0,7,0.15217391304347827,0.898534942074333,0.3052310786514567,0.38858695652173914,0.1956521739130435,,unclassified_planar_candidate,dark_ridge,275,BH03,acoustic,False,provisional_report_ticks,unknown,48.21416723508506,0.02337902726934687,,,
14359.2164387245,-18.104568001584667,-11.882728297739387,21.655821718925832,213.27843940513918,0.6467391304347826,1.0,8,0.06521739130434782,1.114347775545708,0.37279448444948576,0.4470108695652174,0.1956521739130435,,unclassified_planar_candidate,dark_ridge,276,BH03,acoustic,False,provisional_report_ticks,unknown,48.361487281158915,0.0773422204247351,,,
14359.703572269556,-1.3801898328150333,-6.882130230891778,7.019162378059116,258.65994123340784,0.5054347826086957,1.0,7,0.15217391304347827,1.0981536310701805,0.11305196025047999,0.19021739130434784,0.21195652173913043,,unclassified_planar_candidate,dark_ridge,277,BH03,acoustic,False,provisional_report_ticks,unknown,48.36322704381983,0.025068437064496837,,,
14377.763867790905,0.6882196877731658,-11.752195442100072,11.772329593073595,273.35146741557054,0.5,1.0,6,0.125,1.1429853097131315,0.19980266417272785,0.3342391304347826,0.16304347826086957,,unclassified_planar_candidate,dark_ridge,278,BH03,acoustic,False,provisional_report_ticks,unknown,48.42772809925322,0.042044034260977116,,,
14388.66078156098,-14.740304022643494,-10.026980721863909,17.827420034222296,214.2252006089192,0.5,1.0,6,0.2717391304347826,1.2685051526562354,0.18022665719627728,0.37771739130434784,0.16847826086956522,,unclassified_planar_candidate,dark_ridge,279,BH03,acoustic,False,provisional_report_ticks,unknown,48.466645648432056,0.0636693572650796,,,
14400.196678097269,2.024392925038391,-11.07008507467906,11.253663860075864,280.3632043127739,0.5815217391304348,1.0,6,0.2608695652173913,1.287183829401649,0.24640260038600464,0.44021739130434784,0.15760869565217392,,unclassified_planar_candidate,dark_ridge,280,BH03,acoustic,False,provisional_report_ticks,unknown,48.5078452789188,0.04019165664312808,,,
14432.922993333095,-16.818869813302154,-13.92120284888429,21.832871331013482,219.61501107106895,0.5978260869565217,1.0,7,0.08152173913043478,1.2205800869360408,0.32184285327964535,0.4402173913043478,0.1793478260869565,,unclassified_planar_candidate,dark_ridge,281,BH03,acoustic,False,provisional_report_ticks,unknown,48.62472497618961,0.07797454046790528,,,
14439.5725824189,-8.712427217164016,-0.9319898557365196,8.76213404973789,186.10585170323478,0.6413043478260869,1.0,8,0.08695652173913043,1.034920459819247,0.3730059302215803,0.4497282608695652,0.18478260869565216,,unclassified_planar_candidate,dark_ridge,282,BH03,acoustic,False,provisional_report_ticks,unknown,48.648473508638915,0.03129333589192103,,,
14482.109477484742,-15.80656409929248,-7.070023931935998,17.3156780699801,204.09820619188704,0.7608695652173914,1.0,7,0.08152173913043478,1.1535546367350855,0.4757567475507528,0.5883152173913044,0.592391304347826,,unclassified_planar_candidate,dark_ridge,283,BH03,acoustic,False,provisional_report_ticks,unknown,48.800390991016926,0.06184170739278605,,,
14493.587406452918,-4.056256587827119,-1.3651416235371912,4.279816486556948,198.60076718574734,0.6413043478260869,1.0,6,0.08695652173913043,1.1753990983702955,0.3365857415190024,0.4252717391304347,0.41304347826086957,,unclassified_planar_candidate,dark_ridge,284,BH03,acoustic,False,provisional_report_ticks,unknown,48.84138359447469,0.015285058880560524,,,
14520.040625946485,-1.2206926282475925,-1.0699399884554495,1.623225822722785,221.23464203052023,0.6467391304347826,1.0,8,0.08152173913043478,1.3732330574852691,0.2767729519470074,0.36820652173913043,0.23369565217391305,near_horizontal_check_acquisition_artifact,unclassified_planar_candidate,dark_ridge,285,BH03,acoustic,False,provisional_report_ticks,unknown,48.93585937838029,0.005797235081152802,,,
14529.245951845713,-4.357856345344628,-13.99875420749407,14.661378901334395,252.70846991653713,0.7717391304347826,1.0,8,0.02717391304347826,1.3092062949216168,0.4852647066217473,0.5760869565217391,0.17391304347826086,,unclassified_planar_candidate,dark_ridge,286,BH03,acoustic,False,provisional_report_ticks,unknown,48.968735542306106,0.05236206750476568,,,
14539.808583578235,8.27896160276763,-0.21182851276319045,8.281671119944345,358.53432919898125,0.5978260869565217,1.0,7,0.08152173913043478,1.141398467158617,0.2763954337929034,0.3682065217391304,0.2608695652173913,,unclassified_planar_candidate,dark_ridge,287,BH03,acoustic,False,provisional_report_ticks,unknown,49.00645922706511,0.029577396856944084,,,
14555.707327664679,-0.8111870912331302,-14.15876464059961,14.181982958841726,266.72098201005394,0.8369565217391305,1.0,8,0.059782608695652176,0.8299650861328028,0.5967348825719843,0.6385869565217392,0.3695652173913043,,unclassified_planar_candidate,dark_ridge,288,BH03,acoustic,False,provisional_report_ticks,unknown,49.06324045594527,0.050649939138720436,,,
14578.385149855818,4.645059641024503,-17.116005358336775,17.735112587612402,285.1836134943261,0.5815217391304348,1.0,8,0.07608695652173914,1.1214627686830032,0.2099651209435513,0.28396739130434784,0.1793478260869565,,unclassified_planar_candidate,dark_ridge,289,BH03,acoustic,False,provisional_report_ticks,unknown,49.144232678056476,0.06333968781290142,,,
14583.977078358925,1.0688243955822692,-6.1955215728968795,6.287040094418233,279.78807411032193,0.7010869565217391,1.0,8,0.07608695652173914,0.9124745563964283,0.37788002411337446,0.3953804347826087,0.41847826086956524,,unclassified_planar_candidate,dark_ridge,290,BH03,acoustic,False,provisional_report_ticks,unknown,49.16420385128186,0.022453714622922255,,,
14589.846618196614,14.416007039671983,-1.3539645036953836,14.479450225928444,354.6344679904811,0.5815217391304348,1.0,8,0.08152173913043478,1.1527182796781452,0.2144735245247983,0.2948369565217392,0.1956521739130435,,unclassified_planar_candidate,dark_ridge,291,BH03,acoustic,False,provisional_report_ticks,unknown,49.18516649355932,0.05171232223545871,,,
14622.381844692758,4.929995354940614,-12.814472120606112,13.730096501100322,291.04277777441825,0.7010869565217391,1.0,8,0.07608695652173914,1.2996296277415162,0.3538149684790433,0.421195652173913,0.20652173913043478,,unclassified_planar_candidate,dark_ridge,292,BH03,acoustic,False,provisional_report_ticks,unknown,49.30136373104555,0.04903605893250113,,,
14636.441132583739,6.1711711226163715,0.9836483717817532,6.249073302812434,9.056425694379588,0.7336956521739131,1.0,7,0.059782608695652176,1.0042106025557467,0.46006177694788375,0.4660326086956522,0.28804347826086957,,unclassified_planar_candidate,dark_ridge,293,BH03,acoustic,False,provisional_report_ticks,unknown,49.35157547351334,0.02231811893861583,,,
14662.046534175708,3.952766776895219,4.015160160201943,5.634347904114505,45.44864925294642,0.6956521739130435,1.0,8,0.08695652173913043,1.1134050469279486,0.3929776373118941,0.4483695652173913,0.15760869565217392,,unclassified_planar_candidate,dark_ridge,294,BH03,acoustic,False,provisional_report_ticks,unknown,49.4430233363418,0.02012267108612323,,,
14662.611644580276,-18.164851872434774,-1.710465039705575,18.245205786714276,185.3793064354215,0.6195652173913043,1.0,7,0.07608695652173914,1.0842622073784465,0.31860648201795577,0.3994565217391304,0.17391304347826086,,unclassified_planar_candidate,dark_ridge,295,BH03,acoustic,False,provisional_report_ticks,unknown,49.44504158778669,0.06516144923826525,,,
14677.625050801194,-15.868088496489419,14.750509838658871,21.665035726552404,137.09036764520658,0.5760869565217391,1.0,8,0.08152173913043478,1.1081283884039674,0.2951532296311358,0.4035326086956522,0.20108695652173914,,unclassified_planar_candidate,dark_ridge,296,BH03,acoustic,False,provisional_report_ticks,unknown,49.49866089571854,0.07737512759482999,,,
14710.019950732345,-9.036544369418552,6.910130027704805,11.375809032339536,142.59531794944547,0.5978260869565217,1.0,8,0.125,1.235861778526733,0.31069890268971717,0.4483695652173913,0.20652173913043478,,unclassified_planar_candidate,dark_ridge,297,BH03,acoustic,False,provisional_report_ticks,unknown,49.61435696690122,0.04062788940121262,,,
14724.437803165405,-3.4224526941189977,-4.91689931765567,5.990749647869219,235.15980068868913,0.6086956521739131,1.0,7,0.125,1.101958117724734,0.2716470219668278,0.3682065217391305,0.1793478260869565,,unclassified_planar_candidate,dark_ridge,298,BH03,acoustic,False,provisional_report_ticks,unknown,49.66584929701929,0.021395534456675774,,,
14746.159686546689,-9.628798318320909,-3.5892716265831295,10.27602198636682,200.44365592667134,0.8043478260869565,1.0,8,0.021739130434782608,0.5687560351662698,0.6509725942284584,0.6698369565217391,0.46195652173913043,,unclassified_planar_candidate,dark_ridge,299,BH03,acoustic,False,provisional_report_ticks,unknown,49.74342745195245,0.03670007852273863,,,
14775.668599090213,-7.717695456939903,6.480892901043533,10.077936096288132,139.97832219180893,0.5434782608695652,1.0,6,0.10869565217391304,1.262129385947066,0.26273747651441065,0.4130434782608695,0.1956521739130435,,unclassified_planar_candidate,dark_ridge,300,BH03,acoustic,False,provisional_report_ticks,unknown,49.84881642532218,0.035992628915314746,,,
14812.526686250121,-18.649951680591126,14.131768951914413,23.39930749827174,142.84742349363768,0.5217391304347826,1.0,7,0.25,1.3937721924508832,0.14967376465454357,0.30434782608695654,0.2391304347826087,,unclassified_planar_candidate,dark_ridge,301,BH03,acoustic,False,provisional_report_ticks,unknown,49.980452450893274,0.08356895535097048,,,
14815.34502149418,-11.903433735395913,25.50846064933345,28.14912608575184,115.0159443689656,0.7608695652173914,1.0,8,0.05434782608695652,1.064495138686057,0.5045917934974123,0.6277173913043479,0.2554347826086957,,unclassified_planar_candidate,dark_ridge,302,BH03,acoustic,False,provisional_report_ticks,unknown,49.990517933907775,0.1005325931633994,,,
14847.704687159821,-13.40606412210509,13.198634983308335,18.812934929686115,135.44670955841283,0.8369565217391305,1.0,8,0.03804347826086957,0.6384705642632844,0.6507740999676471,0.71875,0.30434782608695654,,unclassified_planar_candidate,dark_ridge,303,BH03,acoustic,False,provisional_report_ticks,unknown,50.10608816842792,0.06718905332030753,,,
14863.752911908967,2.1451219886075386,5.887444515520188,6.26606345877029,69.98051737920504,0.5163043478260869,1.0,6,0.2391304347826087,1.1377210106974558,0.17972202269462387,0.3342391304347826,0.27717391304347827,,unclassified_planar_candidate,dark_ridge,304,BH03,acoustic,False,provisional_report_ticks,unknown,50.16340325681772,0.022378798067036746,,,
14875.92765805435,-2.4825915467071673,1.2805895908823604,2.793415559500257,152.71406088221235,0.5869565217391305,1.0,7,0.1358695652173913,1.0263107994582332,0.2829186338009853,0.392663043478261,0.20652173913043478,,unclassified_planar_candidate,dark_ridge,305,BH03,acoustic,False,provisional_report_ticks,unknown,50.206884493051234,0.009976484141072344,,,
14923.838190793083,9.752039241770929,-6.032450972196091,11.467028128725842,328.25974693726164,0.5597826086956522,1.0,6,0.21739130434782608,1.3065652402994725,0.22642214020511103,0.3994565217391305,0.16304347826086957,,unclassified_planar_candidate,dark_ridge,306,BH03,acoustic,False,provisional_report_ticks,unknown,50.37799353854671,0.040953671888306564,,,
14967.864696859971,2.2864018194199565,-1.618447830462407,2.8012509098214244,324.70692584270887,0.5163043478260869,1.0,7,0.13043478260869565,1.1370987362290397,0.20209873124046673,0.3288043478260869,0.1793478260869565,,unclassified_planar_candidate,dark_ridge,307,BH03,acoustic,False,provisional_report_ticks,unknown,50.53523106021417,0.010004467535076514,,,
14977.70753556372,-10.239592730121272,-3.020053686210473,10.675672510261162,196.432835935174,0.5978260869565217,1.0,8,0.07065217391304347,1.2795776942836956,0.2966429166283961,0.40896739130434784,0.15760869565217392,,unclassified_planar_candidate,dark_ridge,308,BH03,acoustic,False,provisional_report_ticks,unknown,50.570384055584704,0.03812740182236128,,,
14988.880762377754,-2.4024246892299934,-6.094408080530878,6.550836148115894,248.48556768877734,0.6793478260869565,1.0,7,0.16304347826086957,1.0725975579490645,0.33931457667940557,0.4266304347826087,0.27717391304347827,,unclassified_planar_candidate,dark_ridge,309,BH03,acoustic,False,provisional_report_ticks,unknown,50.610288437063396,0.023395843386128188,,,
15006.408594481845,-22.555025062298313,-6.356098538862138,23.43350473566919,195.73805397231408,0.7228260869565217,1.0,8,0.07608695652173914,1.375138996020369,0.42227284772455775,0.6331521739130435,0.30978260869565216,,unclassified_planar_candidate,dark_ridge,310,BH03,acoustic,False,provisional_report_ticks,unknown,50.67288783743515,0.08369108834167566,,,
15022.741235301206,-8.075463495909997,4.979907408309603,9.487496427884006,148.33905227436586,0.657608695652174,1.0,7,0.07065217391304347,1.0065927845901705,0.4310080785927466,0.4932065217391305,0.2717391304347826,,unclassified_planar_candidate,dark_ridge,311,BH03,acoustic,False,provisional_report_ticks,unknown,50.731218697504296,0.03388391581387144,,,
15044.422575694683,-4.690657601184571,6.235566338286388,7.802855649742657,126.95203766800886,0.5543478260869565,1.0,6,0.16847826086956522,1.2614284199197427,0.24760771143319582,0.40896739130434784,0.16304347826086957,,unclassified_planar_candidate,dark_ridge,312,BH03,acoustic,False,provisional_report_ticks,unknown,50.80865205605242,0.02786734160622377,,,
15051.367000444596,0.054357992405983935,-1.1982115905666693,1.1994439574680913,272.5974958012764,0.6521739130434783,1.0,7,0.19021739130434784,0.8408776067929962,0.39902707706036705,0.501358695652174,0.3532608695652174,near_horizontal_check_acquisition_artifact,unclassified_planar_candidate,dark_ridge,313,BH03,acoustic,False,provisional_report_ticks,unknown,50.8334535730164,0.0042837284195288965,,,
15080.492047531045,-9.856261364030788,3.3880838481805116,10.422331804274306,161.0296233621186,0.6086956521739131,1.0,7,0.15760869565217392,1.006968314906299,0.31276799784233045,0.4266304347826087,0.21739130434782608,,unclassified_planar_candidate,dark_ridge,314,BH03,acoustic,False,provisional_report_ticks,unknown,50.937471598325146,0.03722261358669394,,,
15091.8292659474,1.3559566428522627,-1.1157972038758361,1.7560244353289371,320.549527393247,0.7065217391304348,1.0,8,0.07065217391304347,1.2181798576970038,0.41013373810884324,0.46875000000000006,0.19021739130434784,near_horizontal_check_acquisition_artifact,unclassified_planar_candidate,dark_ridge,315,BH03,acoustic,False,provisional_report_ticks,unknown,50.97796166409784,0.006271515840460488,,,
15108.002248109353,-5.217434250128289,-0.1327641405734646,5.219123151587242,181.45764821606062,0.625,1.0,7,0.08695652173913043,0.9090759758673974,0.32412151951809376,0.3845108695652174,0.2391304347826087,,unclassified_planar_candidate,dark_ridge,316,BH03,acoustic,False,provisional_report_ticks,unknown,51.03572231467625,0.018639725541383004,,,
15126.961122916475,-2.4442457891670704,3.5376326495614427,4.299904910704894,124.64164070356696,0.6358695652173914,1.0,8,0.04891304347826087,1.1269965929550312,0.3747391456228601,0.4510869565217392,0.27717391304347827,,unclassified_planar_candidate,dark_ridge,317,BH03,acoustic,False,provisional_report_ticks,unknown,51.10343258184454,0.015356803252517476,,,
15145.745237277688,1.696663854460661,-1.5172066590207016,2.2760896909414767,318.1959823858732,0.6467391304347826,1.0,7,0.10869565217391304,1.0151449133555608,0.3897404602100242,0.4741847826086957,0.358695652173913,,unclassified_planar_candidate,dark_ridge,318,BH03,acoustic,False,provisional_report_ticks,unknown,51.17051870456316,0.008128891753362415,,,
15179.412484294116,-9.143469291152488,0.27339319066254547,9.147555657931207,178.2873447865532,0.5380434782608695,1.0,7,0.09239130434782608,0.7348001704061092,0.25552305334857284,0.33423913043478254,0.21739130434782608,,unclassified_planar_candidate,dark_ridge,319,BH03,acoustic,False,provisional_report_ticks,unknown,51.290758872478975,0.032669841635468586,,,
15191.608659482506,-2.9008263816912416,1.0674468739701244,3.090992805793066,159.7973804742001,0.6956521739130435,1.0,8,0.10869565217391304,0.6934122093491007,0.48405780240789603,0.4918478260869565,0.41304347826086957,,unclassified_planar_candidate,dark_ridge,320,BH03,acoustic,False,provisional_report_ticks,unknown,51.33431664100894,0.011039260020689518,,,
15218.932483723673,-9.461956129561937,9.544985344591025,13.440065439803934,134.7497128433729,0.6521739130434783,1.0,7,0.11956521739130435,1.0508056080903116,0.2715126426466574,0.33559782608695654,0.21195652173913043,,unclassified_planar_candidate,dark_ridge,321,BH03,acoustic,False,provisional_report_ticks,unknown,51.43190172758453,0.048000233713585465,,,
15219.894739233108,-3.785341229451397,-0.1737503826134196,3.7893267764660945,182.62808036646814,0.8913043478260869,1.0,8,0.02717391304347826,0.9584093567500077,0.62996622815515,0.6725543478260869,0.5706521739130435,,unclassified_planar_candidate,dark_ridge,322,BH03,acoustic,False,provisional_report_ticks,unknown,51.435338354403946,0.013533309915950333,,,
15253.031619187113,-1.3837881432350405,4.571427069439131,4.7762762772434675,106.84126100894174,0.7065217391304348,1.0,8,0.09782608695652174,1.0153953190821525,0.45438320060119136,0.5557065217391305,0.2554347826086957,,unclassified_planar_candidate,dark_ridge,323,BH03,acoustic,False,provisional_report_ticks,unknown,51.55368435423968,0.01705812956158381,,,
15264.830294065396,-4.382532423783571,-6.554947336156881,7.88504438955828,236.23394916017924,0.9130434782608695,1.0,8,0.03260869565217391,0.6803418797605576,0.7040509085836848,0.6983695652173912,0.9021739130434783,,unclassified_planar_candidate,dark_ridge,324,BH03,acoustic,False,provisional_report_ticks,unknown,51.59582247880497,0.02816087281985099,,,
15277.797215197044,-4.004806847069438,-3.8905785925349314,5.583464844254447,224.17111832577032,0.5271739130434783,1.0,7,0.1793478260869565,1.3393822029536033,0.09177610332072919,0.1657608695652174,0.16304347826086957,,unclassified_planar_candidate,dark_ridge,325,BH03,acoustic,False,provisional_report_ticks,unknown,51.642132911418,0.019940945872337305,,,
15290.43803604816,-7.055365108497376,0.4598238487232746,7.070333428209512,176.27109896954545,0.8097826086956522,1.0,8,0.03260869565217391,0.7926404387792041,0.6014841236133656,0.6521739130434783,0.358695652173913,,unclassified_planar_candidate,dark_ridge,326,BH03,acoustic,False,provisional_report_ticks,unknown,51.68727870017198,0.025251190815033964,,,
15322.051166444036,2.216189676814151,-2.020145401844934,2.9987470930728453,317.6495783063673,0.6630434782608695,1.0,7,0.08695652173913043,1.0193747401900919,0.43098668994869177,0.53125,0.23369565217391305,,unclassified_planar_candidate,dark_ridge,327,BH03,acoustic,False,provisional_report_ticks,unknown,51.80018273730012,0.01070981104668873,,,
15342.543086454483,-0.6071776904291396,7.7132885846899235,7.737149703764477,94.50095022217317,0.6032608695652174,1.0,6,0.14130434782608695,1.0039112364610443,0.2840630021321868,0.3831521739130435,0.41304347826086957,,unclassified_planar_candidate,dark_ridge,328,BH03,acoustic,False,provisional_report_ticks,unknown,51.87336816590886,0.027632677513444556,,,
15359.630158893284,19.63325639780327,8.810245195581714,21.51941396014663,24.167724567897636,0.5108695652173914,1.0,7,0.08695652173913043,1.5459599140193905,0.20517400763096463,0.3682065217391305,0.2608695652173913,,unclassified_planar_candidate,dark_ridge,329,BH03,acoustic,False,provisional_report_ticks,unknown,51.934393424618854,0.07685504985766652,,,
15428.50133257607,-17.479306307541385,0.10325332722731648,17.479611272635314,179.6615477207158,0.8260869565217391,1.0,8,0.059782608695652176,0.8172952540499493,0.5914777862441184,0.7024456521739131,0.5271739130434783,,unclassified_planar_candidate,dark_ridge,330,BH03,acoustic,False,provisional_report_ticks,unknown,52.18036190205738,0.06242718311655467,,,
15454.77201197604,-7.501039123861335,4.38557108151219,8.689005791728674,149.68680454903688,0.8967391304347826,1.0,8,0.02717391304347826,0.923766161125222,0.6411689468343326,0.7649456521739131,0.5054347826086957,,unclassified_planar_candidate,dark_ridge,331,BH03,acoustic,False,provisional_report_ticks,unknown,52.27418575705727,0.031032163541888112,,,
15480.964992041632,0.5876376640022861,3.0190382349652034,3.0756966508964885,78.98544267230209,0.6086956521739131,1.0,8,0.08695652173913043,1.287249810711242,0.36186215218123,0.5095108695652174,0.15217391304347827,,unclassified_planar_candidate,dark_ridge,332,BH03,acoustic,False,provisional_report_ticks,unknown,52.36773211443439,0.010984630896058884,,,
15517.867063956737,-4.369081769015504,3.723798869229392,5.74069277377023,139.55881344824877,0.9510869565217391,1.0,8,0.016304347826086956,0.938655849243612,0.684221356492865,0.6440217391304348,0.4945652173913043,,unclassified_planar_candidate,dark_ridge,333,BH03,acoustic,False,provisional_report_ticks,unknown,52.49952522841691,0.020502474192036532,,,
15531.162970142275,-4.88852355117194,4.2311115109936726,6.4652894079713,139.12317937087863,0.7228260869565217,1.0,7,0.18478260869565216,0.8655091260237103,0.3107877699844515,0.3519021739130435,0.2608695652173913,,unclassified_planar_candidate,dark_ridge,334,BH03,acoustic,False,provisional_report_ticks,unknown,52.54701060765097,0.023090319314183205,,,
15554.493214314254,-1.172018763972905,-4.140098356535444,4.302794717958557,254.19373431292468,0.5108695652173914,1.0,7,0.25,1.3060835625940346,0.17515472681285799,0.3532608695652174,0.1793478260869565,,unclassified_planar_candidate,dark_ridge,335,BH03,acoustic,False,provisional_report_ticks,unknown,52.63033290826518,0.015367123992709128,,,
15568.254855771052,7.415045930884425,3.8402823976837692,8.350489509668607,27.379822462369397,0.6358695652173914,1.0,7,0.08695652173913043,0.9955183738984967,0.37020594271575363,0.4442934782608696,0.24456521739130435,,unclassified_planar_candidate,dark_ridge,336,BH03,acoustic,False,provisional_report_ticks,unknown,52.679481627753745,0.029823176820245018,,,
15582.693882790438,-6.756003924662911,4.7444387348318084,8.255500465667307,144.92135208484848,0.5597826086956522,1.0,7,0.07608695652173914,1.1280460972145328,0.2132522178718658,0.3002717391304348,0.21739130434782608,,unclassified_planar_candidate,dark_ridge,337,BH03,acoustic,False,provisional_report_ticks,unknown,52.73104958139441,0.029483930234526088,,,
15605.67653092254,3.3726577564844136,-4.035001727338477,5.25890285915218,309.89057721838634,0.5815217391304348,1.0,7,0.059782608695652176,1.065800054033341,0.26141456242945166,0.3410326086956522,0.20652173913043478,,unclassified_planar_candidate,dark_ridge,338,BH03,acoustic,False,provisional_report_ticks,unknown,52.813130467580486,0.018781795925543493,,,
15606.940132494654,1.057904516426263,3.491208119778076,3.647971505025698,73.14216246870433,0.6195652173913043,1.0,7,0.125,1.1760801829352086,0.28567623584871166,0.389945652173913,0.18478260869565216,,unclassified_planar_candidate,dark_ridge,339,BH03,acoustic,False,provisional_report_ticks,unknown,52.817643330338036,0.01302846966080606,,,
15618.710658767379,-8.191483059719335,-4.239659234165148,9.223616706016715,207.36469152631125,0.6630434782608695,1.0,8,0.059782608695652176,1.024716780232334,0.4261699105827428,0.4809782608695652,0.22282608695652173,,unclassified_planar_candidate,dark_ridge,340,BH03,acoustic,False,provisional_report_ticks,unknown,52.8596809241692,0.032941488235773975,,,
15639.997185514148,-9.22126991446944,-0.882963517271107,9.26344662684095,185.46956273066547,0.5,1.0,6,0.2608695652173913,0.9878953072320571,0.17845459324221558,0.33559782608695654,0.33152173913043476,,unclassified_planar_candidate,dark_ridge,341,BH03,acoustic,False,provisional_report_ticks,unknown,52.93570423397909,0.033083737953003386,,,
15661.583662592473,-8.031397605973249,6.703620493696758,10.461447090567537,140.14903425525796,0.7119565217391305,1.0,8,0.09782608695652174,1.2442184932755622,0.4242527463696293,0.6508152173913044,0.33152173913043476,,unclassified_planar_candidate,dark_ridge,342,BH03,acoustic,False,provisional_report_ticks,unknown,53.0127987949731,0.037362311037741194,,,
15662.142643306719,15.216579355044033,-1.2842032997060915,15.270673376879236,355.17595381218814,0.592391304347826,1.0,7,0.20108695652173914,1.2950431269888854,0.29398578854016305,0.47826086956521735,0.30434782608695654,,unclassified_planar_candidate,dark_ridge,343,BH03,acoustic,False,provisional_report_ticks,unknown,53.01479515466684,0.05453811920314011,,,
15699.154754196517,3.355632573785944,-3.011174102783166,4.508596172593559,318.0968105740783,0.6521739130434783,1.0,7,0.16304347826086957,0.8216314559344076,0.3485247672102512,0.41983695652173914,0.20108695652173914,,unclassified_planar_candidate,dark_ridge,344,BH03,acoustic,False,provisional_report_ticks,unknown,53.146981264987545,0.016102129187834133,,,
15723.394650569591,-9.025296814444765,-0.33734528301979616,9.031599217680252,182.14059079177434,0.7445652173913043,1.0,8,0.03804347826086957,0.5403420248784488,0.5981852053076084,0.5543478260869565,0.22826086956521738,,unclassified_planar_candidate,dark_ridge,345,BH03,acoustic,False,provisional_report_ticks,unknown,53.23355232346281,0.032255711491715175,,,
15776.12381644803,-10.339136747316159,-1.387202119142633,10.43178212958156,187.64173910087138,0.9619565217391305,1.0,8,0.005434782608695652,0.7417230670878456,0.7471594579548174,0.892663043478261,1.0,,unclassified_planar_candidate,dark_ridge,346,BH03,acoustic,False,provisional_report_ticks,unknown,53.42187077302866,0.03725636474850556,,,
15839.68436324251,-1.081903257136093,-6.937921017460759,7.021770624445478,261.1366489904331,0.6793478260869565,1.0,7,0.1358695652173913,1.1600681896202094,0.394446389486823,0.4945652173913043,0.25,,unclassified_planar_candidate,dark_ridge,347,BH03,acoustic,False,provisional_report_ticks,unknown,53.64887272586609,0.02507775223016241,,,
15871.167398244947,-11.369830938083172,-1.48665645929158,11.46661253328753,187.4494187506371,0.5597826086956522,1.0,7,0.14673913043478262,1.032013739375426,0.234635814029377,0.34646739130434784,0.25,,unclassified_planar_candidate,dark_ridge,348,BH03,acoustic,False,provisional_report_ticks,unknown,53.761312136589076,0.04095218761888402,,,
15900.718625647076,-11.724130371593192,11.160327659385468,16.186665698498818,136.41130641504668,0.5652173913043478,1.0,8,0.11413043478260869,1.2429890764921037,0.24904403782616769,0.37635869565217384,0.22282608695652173,,unclassified_planar_candidate,dark_ridge,349,BH03,acoustic,False,provisional_report_ticks,unknown,53.86685223445383,0.057809520351781475,,,
15933.17233221117,6.97435686013823,-13.95151979317433,15.597645916993127,296.5604414254885,0.5217391304347826,1.0,7,0.09782608695652174,0.9038933780060671,0.2640268479015349,0.37907608695652173,0.29347826086956524,,unclassified_planar_candidate,dark_ridge,350,BH03,acoustic,False,provisional_report_ticks,unknown,53.98275832932559,0.05570587827497544,,,
15964.722364330253,-6.068725686400001,-9.737438407103408,11.473758677473729,238.06733886222753,0.625,1.0,8,0.10326086956521739,1.2119825109257198,0.3396192884999147,0.4538043478260869,0.20652173913043478,,unclassified_planar_candidate,dark_ridge,351,BH03,acoustic,False,provisional_report_ticks,unknown,54.09543701546517,0.040977709562406164,,,
15973.142429404104,-4.232792369541187,2.865332531707456,5.111424631245887,145.9044864691051,0.5217391304347826,1.0,6,0.10869565217391304,0.8257652886600186,0.2245461971637045,0.3179347826086957,0.16847826086956522,,unclassified_planar_candidate,dark_ridge,352,BH03,acoustic,False,provisional_report_ticks,unknown,54.12550867644322,0.018255087968735307,,,
16002.053945802876,-10.250342550421664,0.7488854703307243,10.2776627619638,175.82141993159456,0.7880434782608695,1.0,8,0.09782608695652174,1.3333189886065309,0.45585083130774856,0.6440217391304347,0.3858695652173913,,unclassified_planar_candidate,dark_ridge,353,BH03,acoustic,False,provisional_report_ticks,unknown,54.22876409215311,0.03670593843558499,,,
16013.149537516481,3.41921652622591,-1.013003185953039,3.5661207365942316,343.49714838851156,0.592391304347826,1.0,7,0.11413043478260869,1.1975653717237995,0.28413304312998666,0.40353260869565216,0.18478260869565216,,unclassified_planar_candidate,dark_ridge,354,BH03,acoustic,False,provisional_report_ticks,unknown,54.26839120541599,0.012736145487836538,,,
16054.232342412524,-3.5877258337875895,-4.1518961361399125,5.487259624231425,229.16913215720646,0.5760869565217391,1.0,7,0.15760869565217392,1.316851230330769,0.2652619462886132,0.42391304347826086,0.2554347826086957,,unclassified_planar_candidate,dark_ridge,355,BH03,acoustic,False,provisional_report_ticks,unknown,54.41511550861615,0.01959735580082651,,,
16101.906694397432,1.844994752208731,-5.5796495781765945,5.876775906134587,288.29724234046,0.5706521739130435,1.0,6,0.1358695652173913,1.0290218656172254,0.3004857413264886,0.42934782608695654,0.3532608695652174,,unclassified_planar_candidate,dark_ridge,356,BH03,acoustic,False,provisional_report_ticks,unknown,54.58538105141938,0.020988485379052093,,,
16113.80079556154,-33.69249340099342,27.26871171915848,43.344743053784,141.01533880495532,0.5652173913043478,1.0,6,0.19021739130434784,1.0972253758626478,0.2812639690713749,0.4429347826086956,0.21195652173913043,,unclassified_planar_candidate,dark_ridge,357,BH03,acoustic,False,provisional_report_ticks,unknown,54.62785998414834,0.15480265376351424,,,
16132.8780635654,-10.089550020886607,5.245788050417944,11.371776989278352,152.5290459892875,0.7010869565217391,1.0,7,0.07065217391304347,1.0259494095413153,0.4628377626861812,0.5516304347826086,0.22826086956521738,,unclassified_planar_candidate,dark_ridge,358,BH03,acoustic,False,provisional_report_ticks,unknown,54.695993084162126,0.040613489247422675,,,
16146.719507040223,3.045573397076281,-3.4285431767562566,4.585894201991651,311.61467141332463,0.6902173913043478,1.0,7,0.14673913043478262,0.9416400638499333,0.4080646502397555,0.4741847826086956,0.27717391304347827,,unclassified_planar_candidate,dark_ridge,359,BH03,acoustic,False,provisional_report_ticks,unknown,54.74542681085792,0.016378193578541606,,,
16176.390069995205,-9.121683745481652,6.16656770798689,11.010525493806863,145.9399723566327,0.657608695652174,1.0,7,0.1358695652173913,1.2252819542866236,0.3038176572108457,0.40217391304347827,0.30978260869565216,,unclassified_planar_candidate,dark_ridge,360,BH03,acoustic,False,provisional_report_ticks,unknown,54.851393107125716,0.039323305335024504,,,
16188.42570918762,-3.2165185296793677,-8.08223645445372,8.69876643883898,248.29873923299596,0.6141304347826086,1.0,7,0.16304347826086957,0.9661783351652085,0.32085316082021914,0.4307065217391304,0.18478260869565216,,unclassified_planar_candidate,dark_ridge,361,BH03,acoustic,False,provisional_report_ticks,unknown,54.89437753281292,0.031067022995853493,,,
16197.001094611534,-5.140885898022115,1.05551674662231,5.248125705324025,168.39738603758963,0.7391304347826086,1.0,8,0.05434782608695652,1.1198980334106712,0.48120559164578025,0.6304347826086956,0.20652173913043478,,unclassified_planar_candidate,dark_ridge,362,BH03,acoustic,False,provisional_report_ticks,unknown,54.9250039093269,0.018743306090442943,,,
16223.494908073262,-4.2413648911433945,1.9507375594337522,4.6684636836554025,155.3008064676043,0.6956521739130435,1.0,8,0.07608695652173914,0.7209926049635255,0.5012956324713362,0.49592391304347827,0.24456521739130435,,unclassified_planar_candidate,dark_ridge,363,BH03,acoustic,False,provisional_report_ticks,unknown,55.01962467169021,0.016673084584483577,,,
16235.65731028081,-11.491096024941085,-8.869068435266364,14.515704005106157,217.66171146118182,0.7010869565217391,1.0,8,0.059782608695652176,1.2390708498555758,0.4361403721499128,0.5054347826086957,0.25,,unclassified_planar_candidate,dark_ridge,364,BH03,acoustic,False,provisional_report_ticks,unknown,55.06306182243145,0.05184180001823626,,,
16240.771537497183,-4.275546135153062,-1.2463554445907612,4.453503861914046,196.2518204905848,0.6413043478260869,1.0,6,0.18478260869565216,1.0723430203224533,0.301088992207437,0.4116847826086956,0.41847826086956524,,unclassified_planar_candidate,dark_ridge,365,BH03,acoustic,False,provisional_report_ticks,unknown,55.08132691963278,0.015905370935407306,,,
16283.572845153938,-3.6710964072088244,-1.2900017358107876,3.89115064080233,199.36117596174338,0.7391304347826086,1.0,8,0.11956521739130435,0.979566276321063,0.4694739875929537,0.5747282608695652,0.391304347826087,,unclassified_planar_candidate,dark_ridge,366,BH03,acoustic,False,provisional_report_ticks,unknown,55.23418873269262,0.013896966574294033,,,
16309.988783388286,-5.748763269434236,4.027713796998648,7.0193131828213415,144.98404343216885,0.6467391304347826,1.0,6,0.1793478260869565,1.0669761084208185,0.3719012607255295,0.5067934782608696,0.28804347826086957,,unclassified_planar_candidate,dark_ridge,367,BH03,acoustic,False,provisional_report_ticks,unknown,55.32853136924386,0.025068975652933357,,,
16330.323124468416,-6.314553473852724,5.135708872363286,8.139354470461186,140.8780913724467,0.8532608695652174,1.0,8,0.043478260869565216,1.09076431159841,0.5673778366028625,0.7282608695652174,0.5054347826086957,,unclassified_planar_candidate,dark_ridge,368,BH03,acoustic,False,provisional_report_ticks,unknown,55.40115401595861,0.02906912310878994,,,
16350.778040798505,-2.8359582691953853,-15.096183196708727,15.360254112911305,259.36045931399076,0.9130434782608695,1.0,8,0.03804347826086957,0.9561064010440611,0.6386108957451591,0.7269021739130435,0.3967391304347826,,unclassified_planar_candidate,dark_ridge,369,BH03,acoustic,False,provisional_report_ticks,unknown,55.47420728856607,0.05485805040325464,,,
16355.038101732604,-6.982264474904081,1.5679852316623242,7.156157829744863,167.34323978699484,0.5434782608695652,1.0,7,0.18478260869565216,1.3577993265972463,0.19984197664571926,0.3546195652173913,0.21739130434782608,,unclassified_planar_candidate,dark_ridge,370,BH03,acoustic,False,provisional_report_ticks,unknown,55.48942179190214,0.025557706534803076,,,
16361.674516256733,-16.72217357992543,-1.7175176765786901,16.8101444433567,185.86422888475445,0.5543478260869565,1.0,7,0.11956521739130435,1.059548320278684,0.25433670410000725,0.37092391304347827,0.20108695652173914,,unclassified_planar_candidate,dark_ridge,371,BH03,acoustic,False,provisional_report_ticks,unknown,55.51312327234546,0.06003623015484535,,,
16368.905334535284,-1.60342024618267,4.170135765649984,4.467772240146275,111.03178813080835,0.6086956521739131,1.0,6,0.13043478260869565,1.3164724502762506,0.28749965479144196,0.4211956521739131,0.21195652173913043,,unclassified_planar_candidate,dark_ridge,372,BH03,acoustic,False,provisional_report_ticks,unknown,55.538947623340285,0.015956329429093835,,,
16399.28802001075,-7.96597710014138,1.6806757446369534,8.141342771225633,168.086357560657,0.5380434782608695,1.0,7,0.11413043478260869,0.8555134918184438,0.26488659179408147,0.3695652173913043,0.27717391304347827,,unclassified_planar_candidate,dark_ridge,373,BH03,acoustic,False,provisional_report_ticks,unknown,55.64745721432409,0.029076224182948678,,,
16428.586115880124,5.958006519478787,-1.1145197397633386,6.061352649077091,349.4045608670168,0.6304347826086957,1.0,6,0.20652173913043478,0.9575685193956142,0.30723134916310957,0.42255434782608703,0.31521739130434784,,unclassified_planar_candidate,dark_ridge,374,BH03,acoustic,False,provisional_report_ticks,unknown,55.752093271000426,0.021647688032418178,,,
16433.064939230615,-11.457512625377923,16.475720257433302,20.0679832958345,124.81544698340433,0.5380434782608695,1.0,6,0.1358695652173913,1.322940366031866,0.19915889361155245,0.33288043478260865,0.23369565217391305,,unclassified_planar_candidate,dark_ridge,375,BH03,acoustic,False,provisional_report_ticks,unknown,55.76808906868075,0.07167136891369463,,,
16443.552886753092,-4.347305243024014,2.317269682975897,4.926337550316999,151.94078326167914,0.7010869565217391,1.0,8,0.06521739130434782,0.6432322756625575,0.5015828862516579,0.4741847826086957,0.22826086956521738,,unclassified_planar_candidate,dark_ridge,376,BH03,acoustic,False,provisional_report_ticks,unknown,55.80554602411817,0.017594062679703565,,,
16469.312525328958,2.986655524748548,-3.0263501076832413,4.25192970282734,314.62177001424567,0.7010869565217391,1.0,7,0.16304347826086957,1.2184978707900982,0.39091213404115854,0.5190217391304348,0.30978260869565216,,unclassified_planar_candidate,dark_ridge,377,BH03,acoustic,False,provisional_report_ticks,unknown,55.897544733317694,0.015185463224383354,,,
16498.442330604415,-5.017383658159662,-1.5865171258380468,5.262240526975657,197.54716627009927,0.6956521739130435,1.0,8,0.1358695652173913,1.0502290628786046,0.4235797786166871,0.53125,0.2826086956521739,,unclassified_planar_candidate,dark_ridge,378,BH03,acoustic,False,provisional_report_ticks,unknown,56.00157975215861,0.0187937161677702,,,
16512.41939610391,6.297814192193623,-4.24092515426772,7.592622061152267,326.043818843113,0.7228260869565217,1.0,7,0.07065217391304347,1.1860423563989406,0.4523919709274577,0.5326086956521738,0.3695652173913043,,unclassified_planar_candidate,dark_ridge,379,BH03,acoustic,False,provisional_report_ticks,unknown,56.05149784322823,0.027116507361258087,,,
16548.535301272506,1.4699657203566947,-3.2049490046503126,3.525974665455327,294.63879113635704,0.6413043478260869,1.0,8,0.09782608695652174,1.06994785671659,0.35988485164464895,0.4442934782608695,0.22826086956521738,,unclassified_planar_candidate,dark_ridge,380,BH03,acoustic,False,provisional_report_ticks,unknown,56.18048321883036,0.01259276666234045,,,
16554.059596312352,-4.657694338795543,-11.499526541977714,12.406983003264653,247.95039995431438,0.6684782608695652,1.0,7,0.07608695652173914,1.0822340248124407,0.38143342403498,0.4429347826086957,0.23369565217391305,,unclassified_planar_candidate,dark_ridge,381,BH03,acoustic,False,provisional_report_ticks,unknown,56.20021284397267,0.044310653583088035,,,
16589.60692775672,-11.944896779218837,-5.602507471881807,13.193507836761384,205.1279569213581,0.5706521739130435,1.0,8,0.11413043478260869,1.1439818100861463,0.3058459328976458,0.4429347826086957,0.20108695652173914,,unclassified_planar_candidate,dark_ridge,382,BH03,acoustic,False,provisional_report_ticks,unknown,56.32716759913112,0.04711967084557636,,,
16596.805550544068,-0.9265907522866166,0.05912886678794847,0.9284754413072567,176.34871476421173,0.532608695652174,1.0,6,0.24456521739130435,0.7312919963553212,0.2347700078699707,0.3722826086956522,0.28804347826086957,near_horizontal_check_acquisition_artifact,unclassified_planar_candidate,dark_ridge,383,BH03,acoustic,False,provisional_report_ticks,unknown,56.3528769662288,0.0033159837189544873,,,
16626.8406359579,-10.824785910683882,0.9619311270110761,10.867442270619756,174.9218208992405,0.782608695652174,1.0,8,0.07608695652173914,1.0170449266470607,0.5151615417818811,0.5842391304347827,0.33152173913043476,,unclassified_planar_candidate,dark_ridge,384,BH03,acoustic,False,provisional_report_ticks,unknown,56.46014512842105,0.03881229382364198,,,
16642.272829843212,-2.484505340685601,-6.311637720589517,6.783033060796896,248.51347749754584,0.6086956521739131,1.0,8,0.14130434782608695,1.0639754652838225,0.23511342246994543,0.32065217391304346,0.18478260869565216,,unclassified_planar_candidate,dark_ridge,385,BH03,acoustic,False,provisional_report_ticks,unknown,56.515260106582886,0.02422511807427462,,,
16661.880141807345,3.2100518744263797,3.8263922654173004,4.994568130014211,50.00590946061991,0.6521739130434783,1.0,7,0.22282608695652173,0.9356534201916639,0.352900405497226,0.47554347826086957,0.2608695652173913,,unclassified_planar_candidate,dark_ridge,386,BH03,acoustic,False,provisional_report_ticks,unknown,56.58528622074051,0.017837743321479322,,,
16723.852347074942,-9.013624285113055,6.497277903793692,11.11125748564516,144.21485950956466,0.6304347826086957,1.0,8,0.11413043478260869,1.1077886607496679,0.30946768827954385,0.4008152173913044,0.2391304347826087,,unclassified_planar_candidate,dark_ridge,387,BH03,acoustic,False,provisional_report_ticks,unknown,56.80661552526764,0.0396830624487327,,,
16725.455650416883,-11.458012959533656,-6.072439441615918,12.967674492866246,207.92238953941722,0.6195652173913043,1.0,7,0.15760869565217392,1.144974012574309,0.2953255075136042,0.41440217391304346,0.19021739130434784,,unclassified_planar_candidate,dark_ridge,388,BH03,acoustic,False,provisional_report_ticks,unknown,56.81234160863171,0.04631312318880801,,,
16763.06952540992,6.9805689981146015,7.443957906597142,10.204942569785917,46.839998018671295,0.5163043478260869,1.0,7,0.10869565217391304,1.1531031996567014,0.18220864413691154,0.29076086956521735,0.22282608695652173,,unclassified_planar_candidate,dark_ridge,389,BH03,acoustic,False,provisional_report_ticks,unknown,56.94667687646398,0.036446223463521124,,,
16766.808014462673,-8.934112626558118,2.594283067236614,9.303153930628893,163.8077865963386,0.6630434782608695,1.0,7,0.125,1.2979781299523308,0.31707525910995166,0.42119565217391297,0.34782608695652173,,unclassified_planar_candidate,dark_ridge,390,BH03,acoustic,False,provisional_report_ticks,unknown,56.96002862308096,0.033225549752246036,,,
16783.266586153353,4.015825594044092,11.207407124786391,11.905159791556446,70.28643925550747,0.6086956521739131,1.0,7,0.07608695652173914,1.294610900462904,0.28884333112662613,0.39538043478260876,0.24456521739130435,,unclassified_planar_candidate,dark_ridge,391,BH03,acoustic,False,provisional_report_ticks,unknown,57.01880923626196,0.042518427826987296,,,
16788.891305052726,0.869258987567866,1.9774868756302517,2.1601077590614333,66.2707836376139,0.6304347826086957,1.0,7,0.16847826086956522,1.0278530988383745,0.2730440663825538,0.36684782608695654,0.29891304347826086,,unclassified_planar_candidate,dark_ridge,392,BH03,acoustic,False,provisional_report_ticks,unknown,57.03889751804544,0.007714670568076545,,,
16805.392623508134,-0.6645718735309392,2.8085802384509844,2.886135605079188,103.31258941231198,0.6086956521739131,1.0,7,0.09239130434782608,1.0779309237703538,0.2850843974060175,0.3695652173913044,0.16304347826086957,,unclassified_planar_candidate,dark_ridge,393,BH03,acoustic,False,provisional_report_ticks,unknown,57.09783079824332,0.010307627160997097,,,
16812.82117916933,-12.162441202291296,4.705093892851237,13.040816099452478,158.8508184799763,0.6413043478260869,1.0,8,0.05434782608695652,1.149307536322537,0.3415403880289528,0.4130434782608695,0.17391304347826086,,unclassified_planar_candidate,dark_ridge,394,BH03,acoustic,False,provisional_report_ticks,unknown,57.12436135417616,0.04657434321233026,,,
16819.12286084864,1.0509018770004568,-0.8244593016533904,1.3357125046827552,321.8849120398181,0.592391304347826,1.0,8,0.09239130434782608,1.0863446050231467,0.17088513938410946,0.22826086956521735,0.16304347826086957,near_horizontal_check_acquisition_artifact,unclassified_planar_candidate,dark_ridge,395,BH03,acoustic,False,provisional_report_ticks,unknown,57.14686736017371,0.00477040180243841,,,
16835.95280339817,-5.00786545261184,-0.5211787246800601,5.034912477344798,185.94149893605362,0.6739130434782609,1.0,6,0.09782608695652174,1.0574751329891579,0.34840337888260214,0.4076086956521739,0.3967391304347826,,unclassified_planar_candidate,dark_ridge,396,BH03,acoustic,False,provisional_report_ticks,unknown,57.20697429785059,0.017981830276231417,,,
16857.316127320963,-10.018966052554568,-1.6816706200046796,10.15911890059506,189.52820572433808,0.6956521739130435,1.0,6,0.11956521739130435,1.2078614681557693,0.3438302967539585,0.4198369565217391,0.2717391304347826,,unclassified_planar_candidate,dark_ridge,397,BH03,acoustic,False,provisional_report_ticks,unknown,57.28327188328914,0.036282567502125204,,,
16857.66810645289,-8.251013321671147,12.398008319662996,14.89260995020106,123.64420974954476,0.6032608695652174,1.0,7,0.20652173913043478,1.1216824098557643,0.21747957875472848,0.33016304347826086,0.1793478260869565,,unclassified_planar_candidate,dark_ridge,398,BH03,acoustic,False,provisional_report_ticks,unknown,57.284528951617446,0.053187892679289486,,,
16862.971488912255,-4.1011142935269085,-6.578905577317664,7.752492311755761,238.06168687289488,0.6956521739130435,1.0,7,0.15760869565217392,1.2500481858325119,0.3275290212433359,0.42391304347826086,0.28804347826086957,,unclassified_planar_candidate,dark_ridge,399,BH03,acoustic,False,provisional_report_ticks,unknown,57.30346960325804,0.027687472541984854,,,
16895.26764624828,-5.763210103423573,5.11748860177378,7.707352352493566,138.3962685636843,0.6086956521739131,1.0,7,0.10869565217391304,0.9270977985498151,0.33228109181215243,0.41711956521739135,0.3967391304347826,,unclassified_planar_candidate,dark_ridge,400,BH03,acoustic,False,provisional_report_ticks,unknown,57.41881302231528,0.02752625840176273,,,
16903.166607983832,-12.806738185146981,-2.2787055454970355,13.007883836580827,190.0890636158148,0.6413043478260869,1.0,7,0.18478260869565216,1.0856926816857382,0.3482269279945737,0.47826086956521735,0.23369565217391305,,unclassified_planar_candidate,dark_ridge,401,BH03,acoustic,False,provisional_report_ticks,unknown,57.44702359994224,0.04645672798778866,,,
16942.73461429347,-5.437612343623123,8.340779271945145,9.956717675159437,123.10157510133396,0.657608695652174,1.0,7,0.10869565217391304,1.183813989784161,0.34886265919357873,0.4415760869565218,0.47282608695652173,,unclassified_planar_candidate,dark_ridge,402,BH03,acoustic,False,provisional_report_ticks,unknown,57.588337908190944,0.03555970598271226,,,
16970.25812395033,6.728094062510814,-2.6599660946708585,7.234823379930695,338.4285312961854,0.6358695652173914,1.0,6,0.16847826086956522,1.0204775016609413,0.32515594478159054,0.4320652173913044,0.32065217391304346,,unclassified_planar_candidate,dark_ridge,403,BH03,acoustic,False,provisional_report_ticks,unknown,57.68663615696545,0.025838654928323906,,,
16983.891265232032,-0.17003765601382723,11.080133237314485,11.081437874260896,90.87920200500275,0.6847826086956522,1.0,7,0.05434782608695652,1.2729483073575092,0.42249760467095915,0.4986413043478261,0.30978260869565216,,unclassified_planar_candidate,dark_ridge,404,BH03,acoustic,False,provisional_report_ticks,unknown,57.735325947257245,0.039576563836646046,,,
16990.266220501057,-7.408451482619129,2.5733761885255793,7.842666534922418,160.84498040024678,0.5434782608695652,1.0,6,0.2554347826086957,1.2576266542553718,0.1402744992312009,0.2635869565217391,0.20652173913043478,,unclassified_planar_candidate,dark_ridge,405,BH03,acoustic,False,provisional_report_ticks,unknown,57.758093644646614,0.028009523339008628,,,
17020.831064309816,6.76120437055807,9.883241064898058,11.974654002823666,55.62365629480375,0.8206521739130435,1.0,8,0.021739130434782608,0.9151734339044758,0.5917372134702437,0.6399456521739131,0.6521739130434783,,unclassified_planar_candidate,dark_ridge,406,BH03,acoustic,False,provisional_report_ticks,unknown,57.86725380110647,0.042766621438655936,,,
17023.368307136763,1.1664998186426103,3.2802574737718753,3.4814955006619623,70.42398922959656,0.6739130434782609,1.0,8,0.09239130434782608,1.2683984156450212,0.40075876787057285,0.5040760869565217,0.16847826086956522,,unclassified_planar_candidate,dark_ridge,407,BH03,acoustic,False,provisional_report_ticks,unknown,57.87631538263128,0.012433912502364149,,,
17060.974515868194,9.290671426612455,0.665765342272504,9.314495104311577,4.0987835357902105,0.592391304347826,1.0,6,0.17391304347826086,1.088884946265007,0.3293095898118341,0.48369565217391297,0.29891304347826086,,unclassified_planar_candidate,dark_ridge,408,BH03,acoustic,False,provisional_report_ticks,unknown,58.01062327095782,0.033266053943969906,,,
17092.20153166974,-2.4727036546632224,-5.186929718120545,5.746172923303556,244.51201391095367,0.5597826086956522,1.0,6,0.1793478260869565,1.3438254088619674,0.26321218715151545,0.44836956521739135,0.33695652173913043,,unclassified_planar_candidate,dark_ridge,409,BH03,acoustic,False,provisional_report_ticks,unknown,58.12214832739191,0.02052204615465555,,,
17120.301739833776,-1.7167606832332654,1.3131145986618349,2.1613739132122376,142.58837650833095,0.8478260869565217,1.0,8,0.03260869565217391,0.8150744662314533,0.6250501162751858,0.7336956521739131,0.3695652173913043,,unclassified_planar_candidate,dark_ridge,410,BH03,acoustic,False,provisional_report_ticks,unknown,58.22250621369204,0.0077191925471865605,,,
17131.411410821132,-13.468590936099503,0.9941997979649432,13.505235097629926,175.77830165834206,0.5543478260869565,1.0,6,0.10869565217391304,1.1486051997477833,0.19135032661193443,0.28396739130434784,0.16304347826086957,,unclassified_planar_candidate,dark_ridge,411,BH03,acoustic,False,provisional_report_ticks,unknown,58.26218361007545,0.04823298249153544,,,
17149.248089269982,-4.480876299641748,-2.7470530750578543,5.255906487931072,211.51086142996888,0.717391304347826,1.0,8,0.07608695652173914,1.1090084258521002,0.4505080391204359,0.4918478260869565,0.21195652173913043,,unclassified_planar_candidate,dark_ridge,412,BH03,acoustic,False,provisional_report_ticks,unknown,58.32588603310706,0.01877109459975382,,,
17172.626292494806,-6.314390916265442,-1.9977282123476852,6.622873292901307,197.5561747400847,0.7608695652173914,1.0,7,0.09239130434782608,0.9928390987903685,0.4959988620790188,0.5584239130434783,0.3641304347826087,,unclassified_planar_candidate,dark_ridge,413,BH03,acoustic,False,provisional_report_ticks,unknown,58.40937961605286,0.02365311890321895,,,
17192.466961161117,-7.622568913987103,-6.539236680513,10.043165497603294,220.62557795358126,0.6086956521739131,1.0,7,0.125,0.8789631549295389,0.3649506865264564,0.45923913043478265,0.5054347826086957,,unclassified_planar_candidate,dark_ridge,414,BH03,acoustic,False,provisional_report_ticks,unknown,58.48023914700397,0.03586844820572604,,,
17224.683744933143,-10.329919275164384,-3.9801543685430096,11.070178906812874,201.0718500595617,0.6902173913043478,1.0,8,0.07065217391304347,1.0036597599646877,0.45906010692979415,0.5095108695652173,0.21195652173913043,,unclassified_planar_candidate,dark_ridge,415,BH03,acoustic,False,provisional_report_ticks,unknown,58.595299089046925,0.03953635323861739,,,
17230.510994670694,5.2202812245980414,0.5659668245482038,5.250871785749487,6.187663869790351,0.5163043478260869,1.0,6,0.20652173913043478,1.2523903019458362,0.175262431087925,0.3247282608695652,0.22282608695652173,,unclassified_planar_candidate,dark_ridge,416,BH03,acoustic,False,provisional_report_ticks,unknown,58.616110695252466,0.018753113520533878,,,
17247.062588896235,11.360843447901656,5.118267516005922,12.460554811609772,24.252434568255726,0.5271739130434783,1.0,7,0.1956521739130435,1.2611296700987105,0.2050935757460389,0.36820652173913043,0.1793478260869565,,unclassified_planar_candidate,dark_ridge,417,BH03,acoustic,False,provisional_report_ticks,unknown,58.675223531772254,0.04450198147003489,,,
17294.698548347464,2.23627137794656,0.5140854083152077,2.2946009419647724,12.946510344845564,0.5815217391304348,1.0,8,0.07608695652173914,1.272600225740719,0.3515355907474453,0.5054347826086957,0.15217391304347827,,unclassified_planar_candidate,dark_ridge,418,BH03,acoustic,False,provisional_report_ticks,unknown,58.84535195838378,0.0081950033641599,,,
17343.315565155695,-1.7613355587876491,0.05627839040512655,1.76223443612829,178.16990149254437,0.5217391304347826,1.0,6,0.1793478260869565,0.8894901702608534,0.2447846949613479,0.3845108695652174,0.15217391304347827,near_horizontal_check_acquisition_artifact,unclassified_planar_candidate,dark_ridge,419,BH03,acoustic,False,provisional_report_ticks,unknown,59.018984161270325,0.006293694414743891,,,
17359.977083624155,-1.4884415353704947,-1.6912901769163202,2.252980396441503,228.65019565365137,0.6195652173913043,1.0,7,0.08695652173913043,0.9018999201779605,0.38011389809687574,0.4538043478260869,0.1793478260869565,,unclassified_planar_candidate,dark_ridge,420,BH03,acoustic,False,provisional_report_ticks,unknown,59.078489584371965,0.008046358558719652,,,
17391.900239334806,-12.34782545254244,16.08745139413025,20.279913356939133,127.5078221739243,0.5163043478260869,1.0,7,0.10326086956521739,1.231713157361938,0.24950918098086625,0.40625,0.15217391304347827,,unclassified_planar_candidate,dark_ridge,421,BH03,acoustic,False,provisional_report_ticks,unknown,59.19250085476715,0.07242826198906831,,,
17392.815747117595,-0.26635087604354113,-12.590466088236859,12.59328309489672,268.78809052773954,0.7880434782608695,1.0,8,0.08695652173913043,0.8482285107631,0.5423104636818065,0.7133152173913043,0.46195652173913043,,unclassified_planar_candidate,dark_ridge,422,BH03,acoustic,False,provisional_report_ticks,unknown,59.19577052541997,0.04497601105320256,,,
17451.30725748704,-12.918234949837629,0.9990839694646471,12.956811451790431,175.57760231243924,0.5489130434782609,1.0,6,0.1358695652173913,1.1804999613960812,0.2635013161996608,0.4116847826086957,0.24456521739130435,,unclassified_planar_candidate,dark_ridge,423,BH03,acoustic,False,provisional_report_ticks,unknown,59.404668776739406,0.04627432661353724,,,
17463.087360538295,-1.5346786323326536,-12.075902473199974,12.173029986276042,262.75733148862867,0.5869565217391305,1.0,8,0.14130434782608695,1.0607789267544865,0.2846594531240232,0.4021739130434783,0.18478260869565216,,unclassified_planar_candidate,dark_ridge,424,BH03,acoustic,False,provisional_report_ticks,unknown,59.446740573351036,0.043475107093842995,,,
17510.12884504223,5.721126832328766,-3.0710751602388684,6.493288448192361,331.7732965716257,0.5597826086956522,1.0,6,0.07608695652173914,1.190447073050373,0.3080955435574997,0.4429347826086957,0.22282608695652173,,unclassified_planar_candidate,dark_ridge,425,BH03,acoustic,False,provisional_report_ticks,unknown,59.6147458751508,0.023190315886401285,,,
17539.824541821014,-2.451394571888067,-8.580638105664708,8.92393890877047,254.0559395061677,0.7445652173913043,1.0,8,0.059782608695652176,1.195140431630949,0.47002041983279347,0.6141304347826086,0.3695652173913043,,unclassified_planar_candidate,dark_ridge,426,BH03,acoustic,False,provisional_report_ticks,unknown,59.72080193507503,0.03187121038846596,,,
17547.260618481865,0.5211797504106044,1.0024770163392291,1.129862159967517,62.53044082726371,0.5108695652173914,1.0,7,0.20652173913043478,1.067198672947963,0.2029832312131902,0.3573369565217392,0.2826086956521739,near_horizontal_check_acquisition_artifact,unclassified_planar_candidate,dark_ridge,427,BH03,acoustic,False,provisional_report_ticks,unknown,59.74735935172093,0.0040352219998839875,,,
17585.114387022113,-2.2358269355864824,-8.0676829054466,8.371763825427074,254.51015334998414,0.7065217391304348,1.0,8,0.09239130434782608,1.3313447383181856,0.411426523804038,0.5380434782608696,0.22282608695652173,,unclassified_planar_candidate,dark_ridge,428,BH03,acoustic,False,provisional_report_ticks,unknown,59.88255138222181,0.029899156519382398,,,
17593.93049169775,-3.2378609724108145,0.18742041631305298,3.243280760142739,176.68718645521446,0.5163043478260869,1.0,6,0.16847826086956522,0.9835900005966307,0.18491196582369393,0.2989130434782608,0.25,,unclassified_planar_candidate,dark_ridge,429,BH03,acoustic,False,provisional_report_ticks,unknown,59.914037470349086,0.01158314557193835,,,
17615.96573142329,1.052455933004822,-7.5738382108609645,7.646612892988284,277.91112559967814,0.5054347826086957,1.0,6,0.16304347826086957,1.2293575099237315,0.20983849894196233,0.3736413043478261,0.22826086956521738,,unclassified_planar_candidate,dark_ridge,430,BH03,acoustic,False,provisional_report_ticks,unknown,59.99273475508316,0.027309331760672437,,,
17651.127986815613,-8.587315529460128,-1.3699770668195628,8.695908530229524,189.06429546765312,0.5869565217391305,1.0,6,0.13043478260869565,1.1594113245970572,0.2685734965581458,0.3872282608695653,0.19021739130434784,,unclassified_planar_candidate,dark_ridge,431,BH03,acoustic,False,provisional_report_ticks,unknown,60.11831423862717,0.03105681617939115,,,
17657.893629844602,-1.9814239032678993,-0.22844591630089395,1.9945496286420032,186.57681034464224,0.6141304347826086,1.0,8,0.07065217391304347,0.9727418247369155,0.31287905425030427,0.37907608695652173,0.22826086956521738,near_horizontal_check_acquisition_artifact,unclassified_planar_candidate,dark_ridge,432,BH03,acoustic,False,provisional_report_ticks,unknown,60.142477249444994,0.007123391530864295,,,
17680.176792411534,-1.552502536390465,3.967884398501547,4.260794611967445,111.36877042017731,0.5597826086956522,1.0,7,0.14673913043478262,0.9341745754264725,0.2414635091987679,0.34510869565217395,0.16304347826086957,,unclassified_planar_candidate,dark_ridge,433,BH03,acoustic,False,provisional_report_ticks,unknown,60.22205997289832,0.015217123614169444,,,
17688.868973834993,7.117358744800999,-5.859793464792112,9.2192176974088,320.53502792442634,0.592391304347826,1.0,7,0.06521739130434782,1.1953522648711388,0.28286847383683356,0.3804347826086956,0.1793478260869565,,unclassified_planar_candidate,dark_ridge,434,BH03,acoustic,False,provisional_report_ticks,unknown,60.2531034779821,0.032925777490745704,,,
17708.950717751606,5.002926987620151,1.401839389901025,5.195616625438806,15.65307636639502,0.5760869565217391,1.0,7,0.10326086956521739,1.2088333740839385,0.29648100406969313,0.42934782608695654,0.23369565217391305,,unclassified_planar_candidate,dark_ridge,435,BH03,acoustic,False,provisional_report_ticks,unknown,60.32482399197001,0.018555773662281446,,,
17740.220706905406,5.775958495798732,-5.623106576477763,8.06108082800421,315.76824239267296,0.6847826086956522,1.0,7,0.07065217391304347,1.0658348890054057,0.42670767133207077,0.4782608695652174,0.24456521739130435,,unclassified_planar_candidate,dark_ridge,436,BH03,acoustic,False,provisional_report_ticks,unknown,60.436502524662146,0.02878957438572931,,,
17744.307481511558,11.116641114361784,-0.372440929171746,11.12287831054719,358.08113670265794,0.6358695652173914,1.0,7,0.10869565217391304,1.3542396432891366,0.32654588138773094,0.4524456521739131,0.18478260869565216,,unclassified_planar_candidate,dark_ridge,437,BH03,acoustic,False,provisional_report_ticks,unknown,60.45109814825555,0.03972456539481138,,,
17773.077750594843,4.595321307161322,-0.18663084810259575,4.5991095865954685,357.6743113706541,0.6195652173913043,1.0,6,0.10326086956521739,1.0949141848039725,0.34796723459257356,0.45108695652173914,0.1956521739130435,,unclassified_planar_candidate,dark_ridge,438,BH03,acoustic,False,provisional_report_ticks,unknown,60.553849109267276,0.0164253913806981,,,
17790.848928118154,-3.2321115888349192,0.5667947544939795,3.281432860261334,170.05354151370634,0.6684782608695652,1.0,8,0.08695652173913043,1.1782905197821063,0.30571626980682104,0.3709239130434782,0.2391304347826087,,unclassified_planar_candidate,dark_ridge,439,BH03,acoustic,False,provisional_report_ticks,unknown,60.61731760042196,0.011719403072361903,,,
17802.035276016555,-6.235948069390621,-0.2510545437558222,6.240999656151012,182.30543964586315,0.7989130434782609,1.0,8,0.08152173913043478,0.5241206425645522,0.6161609332024619,0.5230978260869565,0.375,,unclassified_planar_candidate,dark_ridge,440,BH03,acoustic,False,provisional_report_ticks,unknown,60.65726884291625,0.02228928448625361,,,
17871.031346121454,-7.226480910441769,0.780843347385359,7.26854474307858,173.8329427307806,0.7771739130434783,1.0,8,0.09239130434782608,1.003090417839373,0.5048991638675272,0.6426630434782609,0.4673913043478261,,unclassified_planar_candidate,dark_ridge,441,BH03,acoustic,False,provisional_report_ticks,unknown,60.90368337900517,0.02595908836813778,,,
17921.025205939673,1.760825324182676,0.6069766797852407,1.8625054394782692,19.01965968850162,0.6684782608695652,1.0,8,0.07065217391304347,1.2051337045146537,0.4157235270170337,0.5434782608695652,0.17391304347826086,near_horizontal_check_acquisition_artifact,unclassified_planar_candidate,dark_ridge,442,BH03,acoustic,False,provisional_report_ticks,unknown,61.08223287835596,0.006651805140993817,,,
17953.536739567724,9.521007072604213,5.420283580580006,10.955777004415737,29.65274229883152,0.6086956521739131,1.0,8,0.10326086956521739,1.1394320107432172,0.32871069464717073,0.4402173913043479,0.18478260869565216,,unclassified_planar_candidate,dark_ridge,443,BH03,acoustic,False,provisional_report_ticks,unknown,61.19834549845614,0.03912777501577048,,,
17979.796727921814,6.718613751643215,-1.1193316358218226,6.8112167822438945,350.5413064866183,0.8641304347826086,1.0,8,0.03260869565217391,0.677037417035049,0.6670682585023329,0.6467391304347825,0.5271739130434783,,unclassified_planar_candidate,dark_ridge,444,BH03,acoustic,False,provisional_report_ticks,unknown,61.292131171149315,0.024325774222299618,,,
18017.783146582784,-4.109905367305267,4.119481748000122,5.819059374186757,134.9333260251985,0.5597826086956522,1.0,8,0.11956521739130435,1.0631815414870611,0.2640363996828549,0.3817934782608696,0.16847826086956522,,unclassified_planar_candidate,dark_ridge,445,BH03,acoustic,False,provisional_report_ticks,unknown,61.42779695208136,0.02078235490780984,,,
18021.90174507516,7.971304914273181,-1.8709026511188518,8.18791663161511,346.7914843569539,0.657608695652174,1.0,8,0.08695652173913043,1.171201967639808,0.3787533273552043,0.4660326086956522,0.24456521739130435,,unclassified_planar_candidate,dark_ridge,446,BH03,acoustic,False,provisional_report_ticks,unknown,61.44250623241127,0.029242559398625384,,,
18079.195407303614,4.265093237439004,0.3165598639519356,4.2768248118800924,4.244772065773739,0.907608695652174,1.0,8,0.02717391304347826,0.5455569221533332,0.7361331955994515,0.6983695652173914,0.6956521739130435,,unclassified_planar_candidate,dark_ridge,447,BH03,acoustic,False,provisional_report_ticks,unknown,61.64712645465574,0.015274374328143183,,,
18089.256080433162,-5.663167239654154,4.674977163175685,7.343491993629885,140.4601307438678,0.7608695652173914,1.0,7,0.09782608695652174,1.07560307691794,0.4796130417502008,0.5217391304347827,0.32065217391304346,,unclassified_planar_candidate,dark_ridge,448,BH03,acoustic,False,provisional_report_ticks,unknown,61.68305743011842,0.026226757120106726,,,
18116.197112174115,2.581177234309453,1.786692683885669,3.139227080280745,34.69100923540123,0.5978260869565217,1.0,8,0.05434782608695652,1.16188955201776,0.36398472245023356,0.4741847826086957,0.15217391304347827,,unclassified_planar_candidate,dark_ridge,449,BH03,acoustic,False,provisional_report_ticks,unknown,61.77927540062182,0.011211525286716944,,,
18138.801482115254,3.1377995796727856,0.11969076125744546,3.1400815404261553,2.184477405932034,0.8967391304347826,1.0,8,0.08695652173913043,0.8526271664987062,0.61620774901382,0.7146739130434783,0.9130434782608695,,unclassified_planar_candidate,dark_ridge,450,BH03,acoustic,False,provisional_report_ticks,unknown,61.86000529326875,0.011214576930093409,,,
18152.8604911219,6.097303473752169,3.2067964580562456,6.889169265915329,27.741535079085335,0.8043478260869565,1.0,8,0.04891304347826087,0.9719987631498213,0.5532900815396611,0.5067934782608696,0.45108695652173914,,unclassified_planar_candidate,dark_ridge,451,BH03,acoustic,False,provisional_report_ticks,unknown,61.91021603972106,0.024604175949697597,,,
18162.9637358583,3.186927200373912,-6.484918730061926,7.225695531641994,296.1711965145634,0.6358695652173914,1.0,7,0.11413043478260869,1.1824628685795577,0.3106543677424943,0.4089673913043479,0.27717391304347827,,unclassified_planar_candidate,dark_ridge,452,BH03,acoustic,False,provisional_report_ticks,unknown,61.94629905663677,0.025806055470149972,,,
18182.394128448588,7.2375151571952525,-4.032926882747963,8.28529570336643,330.87233995044494,0.5869565217391305,1.0,7,0.07608695652173914,1.1885760840095048,0.2528514107549683,0.3464673913043479,0.16847826086956522,,unclassified_planar_candidate,dark_ridge,453,BH03,acoustic,False,provisional_report_ticks,unknown,62.015693315887795,0.02959034179773724,,,
18192.086523743306,9.675708477610973,-5.548732608643543,11.153823026475587,330.16700431824376,0.6032608695652174,1.0,6,0.1358695652173913,1.2179056795751346,0.21804127501337126,0.31385869565217395,0.20108695652173914,,unclassified_planar_candidate,dark_ridge,454,BH03,acoustic,False,provisional_report_ticks,unknown,62.05030901336894,0.0398350822374128,,,
18202.34833877105,-0.13025404890191886,-5.8677538445943345,5.86919937453201,268.7283410324434,0.7554347826086957,1.0,8,0.07608695652173914,1.1926981798782172,0.3912531853942547,0.41711956521739135,0.483695652173913,,unclassified_planar_candidate,dark_ridge,455,BH03,acoustic,False,provisional_report_ticks,unknown,62.08695835275373,0.020961426337614317,,,
18208.347033569884,3.3664123922806946,0.7240467058233893,3.443396002076254,12.13824055854891,0.7663043478260869,1.0,8,0.05434782608695652,1.0678146818207277,0.47590688004972787,0.46875,0.32065217391304346,,unclassified_planar_candidate,dark_ridge,456,BH03,acoustic,False,provisional_report_ticks,unknown,62.108382262749565,0.012297842864558046,,,
18224.268069781123,4.725525719916077,3.796073892214195,6.0614165279032415,38.77534848583745,0.7119565217391305,1.0,8,0.04891304347826087,1.160260776609701,0.4461995673191211,0.48505434782608703,0.24456521739130435,,unclassified_planar_candidate,dark_ridge,457,BH03,acoustic,False,provisional_report_ticks,unknown,62.16524310636114,0.021647916171082998,,,
18254.784899070175,4.331052011028384,-0.3746896826339825,4.347229448799012,355.0555158534811,0.5760869565217391,1.0,6,0.2717391304347826,0.9204545827613824,0.201320959662164,0.32608695652173914,0.2554347826086957,,unclassified_planar_candidate,dark_ridge,458,BH03,acoustic,False,provisional_report_ticks,unknown,62.274231782393464,0.015525819459996466,,,
18255.83379618337,7.133733098648094,13.691457171604634,15.438463246211757,62.478893542606336,0.6847826086956522,1.0,8,0.10326086956521739,1.1212922345432266,0.36974577460238395,0.43750000000000006,0.30978260869565216,,unclassified_planar_candidate,dark_ridge,459,BH03,acoustic,False,provisional_report_ticks,unknown,62.277977843512026,0.05513736873647054,,,
18278.585114319692,5.25480483563325,1.5821811583836538,5.4878293594588765,16.75664248153521,0.6521739130434783,1.0,8,0.07065217391304347,1.0672362601700944,0.37619517313028633,0.4429347826086957,0.25,,unclassified_planar_candidate,dark_ridge,460,BH03,acoustic,False,provisional_report_ticks,unknown,62.35923255114174,0.019599390569495983,,,
18313.33679975087,1.7210530596524787,-0.811280860003665,1.9026823875643155,334.76145163500735,0.6684782608695652,1.0,8,0.07065217391304347,1.0727123019220859,0.314056931173885,0.3614130434782608,0.33152173913043476,near_horizontal_check_acquisition_artifact,unclassified_planar_candidate,dark_ridge,461,BH03,acoustic,False,provisional_report_ticks,unknown,62.48334571339594,0.006795294241301125,,,
18314.229206814383,-9.447560959956572,2.090058118737272,9.675988374930757,167.52552762756883,0.5434782608695652,1.0,8,0.08695652173913043,1.3073834266218571,0.24069760176719102,0.375,0.20652173913043478,,unclassified_planar_candidate,dark_ridge,462,BH03,acoustic,False,provisional_report_ticks,unknown,62.486532881479924,0.03455710133903841,,,
18327.745653158072,2.9898258364216286,-0.08794938673429324,2.991119126140119,358.3150604002291,0.6793478260869565,1.0,7,0.08695652173913043,0.7276623566077788,0.34914018807521113,0.3586956521739131,0.391304347826087,,unclassified_planar_candidate,dark_ridge,463,BH03,acoustic,False,provisional_report_ticks,unknown,62.53480590413596,0.010682568307643279,,,
18352.15035759621,-0.4488657691228684,1.2672383751023177,1.344385948313291,109.50454467222897,0.6467391304347826,1.0,8,0.05434782608695652,0.7501755905426737,0.46463096935972975,0.48777173913043476,0.27717391304347827,near_horizontal_check_acquisition_artifact,unclassified_planar_candidate,dark_ridge,464,BH03,acoustic,False,provisional_report_ticks,unknown,62.62196556284359,0.00480137838683318,,,
18377.221480435586,5.454052001570648,-0.9411653042227095,5.534661269283733,350.2093142143566,0.8913043478260869,1.0,8,0.021739130434782608,0.948194808908975,0.6356461916920665,0.7703804347826086,0.42934782608695654,,unclassified_planar_candidate,dark_ridge,465,BH03,acoustic,False,provisional_report_ticks,unknown,62.71150528726994,0.01976664739029904,,,
18418.748695722432,0.09320281738090659,-0.2644454539340377,0.28038930663297035,,0.8206521739130435,1.0,8,0.07608695652173914,0.46047084922506537,0.650324685647926,0.6630434782608696,0.3695652173913043,near_horizontal_check_acquisition_artifact,unclassified_planar_candidate,dark_ridge,466,BH03,acoustic,False,provisional_report_ticks,unknown,62.85981677043724,0.0010013903808320367,,,
18432.64117908931,-3.599689699509171,3.4227559967310635,4.967194836717288,136.4432877852908,0.6521739130434783,1.0,8,0.09239130434782608,0.931117813560227,0.3632217608792761,0.41847826086956524,0.17391304347826086,,unclassified_planar_candidate,dark_ridge,467,BH03,acoustic,False,provisional_report_ticks,unknown,62.90943278246181,0.017739981559704594,,,
18462.278774874158,9.212251448912598,-0.954580516586792,9.261576578565842,354.0840809613145,0.6413043478260869,1.0,7,0.14673913043478262,0.9519543932051089,0.36810150978956646,0.46195652173913043,0.28804347826086957,,unclassified_planar_candidate,dark_ridge,468,BH03,acoustic,False,provisional_report_ticks,unknown,63.01528133883625,0.03307705920916371,,,
18486.34145116907,-5.826121312362918,0.984930232294095,5.908788125229768,170.40463156986965,0.8804347826086957,1.0,8,0.02717391304347826,0.42694356330106414,0.7428925246651901,0.6807065217391305,0.2717391304347826,,unclassified_planar_candidate,dark_ridge,469,BH03,acoustic,False,provisional_report_ticks,unknown,63.10121946846095,0.02110281473296345,,,
18537.967155214017,-0.5305634993360079,-0.4323983897259627,0.6844457569926747,219.1793292365742,0.7228260869565217,1.0,7,0.09782608695652174,0.8632190996295348,0.48905794552758136,0.5951086956521738,0.34782608695652173,near_horizontal_check_acquisition_artifact,unclassified_planar_candidate,dark_ridge,470,BH03,acoustic,False,provisional_report_ticks,unknown,63.28559698290719,0.0024444491321166948,,,
18558.194220947917,0.45975937726686533,-0.9162826942979828,1.0251598221032594,296.6459352094592,0.907608695652174,1.0,8,0.03804347826086957,0.8209695370611356,0.6640588641669624,0.6644021739130435,0.8967391304347826,near_horizontal_check_acquisition_artifact,unclassified_planar_candidate,dark_ridge,471,BH03,acoustic,False,provisional_report_ticks,unknown,63.35783650338539,0.003661285078940211,,,
18574.18918758947,1.0948028185117695,-10.110079679202938,10.169184054350353,276.18037693565026,0.7119565217391305,1.0,7,0.11413043478260869,1.1352061000438063,0.43200158379267795,0.5529891304347827,0.27717391304347827,,unclassified_planar_candidate,dark_ridge,472,BH03,acoustic,False,provisional_report_ticks,unknown,63.41496138424808,0.03631851447982268,,,
18603.918556658013,-0.028425443248563262,-1.31900240038968,1.31930865913084,268.7654261551156,0.7228260869565217,1.0,8,0.05434782608695652,1.1039081011007412,0.4731056968820317,0.5244565217391304,0.28804347826086957,near_horizontal_check_acquisition_artifact,unclassified_planar_candidate,dark_ridge,473,BH03,acoustic,False,provisional_report_ticks,unknown,63.521137702350025,0.004711816639752999,,,
18609.099132148942,-6.731443903500313,-0.10470334181267196,6.7322581513009645,180.8911276603109,0.7771739130434783,1.0,8,0.043478260869565216,0.9874276858323877,0.5348946582910911,0.5910326086956522,0.27717391304347827,,unclassified_planar_candidate,dark_ridge,474,BH03,acoustic,False,provisional_report_ticks,unknown,63.53963975767477,0.024043779111789152,,,
18621.383169864817,3.8918109881068124,5.182087098639685,6.480757630480929,53.09300120600461,0.6141304347826086,1.0,7,0.13043478260869565,0.950712931894224,0.3149933839952557,0.40489130434782605,0.2391304347826087,,unclassified_planar_candidate,dark_ridge,475,BH03,acoustic,False,provisional_report_ticks,unknown,63.58351132094575,0.023145562966003314,,,
18623.11484190442,-2.3839706619913335,-0.49342657470579376,2.434499106974839,191.69377723510857,0.5869565217391305,1.0,8,0.10869565217391304,1.2619277452006603,0.2940437417209868,0.42798913043478265,0.1956521739130435,,unclassified_planar_candidate,dark_ridge,476,BH03,acoustic,False,provisional_report_ticks,unknown,63.589695863944335,0.00869463966776728,,,
18656.135584265045,-2.047006739357037,-6.803652302177969,7.104922324691855,253.25509800265453,0.6956521739130435,1.0,8,0.05434782608695652,0.9600577718730852,0.43874265193852585,0.4592391304347826,0.45652173913043476,,unclassified_planar_candidate,dark_ridge,477,BH03,acoustic,False,provisional_report_ticks,unknown,63.70762708666086,0.02537472258818519,,,
18656.448866588467,5.187483223646312,6.078091532993564,7.99081841109282,49.52015897913187,0.6684782608695652,1.0,8,0.08152173913043478,0.9733081441578658,0.3799427132170158,0.4279891304347826,0.32065217391304346,,unclassified_planar_candidate,dark_ridge,478,BH03,acoustic,False,provisional_report_ticks,unknown,63.70874595210166,0.02853863718247435,,,
18661.591032873635,-6.66186705531758,-0.7629147862441605,6.705409132468779,186.53303299400304,0.6793478260869565,1.0,8,0.04891304347826087,0.9961618237629462,0.38797712377422006,0.41847826086956524,0.15760869565217392,,unclassified_planar_candidate,dark_ridge,479,BH03,acoustic,False,provisional_report_ticks,unknown,63.72711083169154,0.02394788975881706,,,
18927.36314575828,-1.2696468112149124,-0.3522085099392266,1.3175939661753941,195.50436999880515,0.842391304347826,1.0,8,0.125,0.840481352157006,0.5569930681901585,0.7894021739130435,0.8532608695652174,near_horizontal_check_acquisition_artifact,unclassified_planar_candidate,dark_ridge,480,BH03,acoustic,False,provisional_report_ticks,unknown,64.67629694913671,0.0047056927363406924,,,
18951.595091609874,-1.0357669599221595,-0.4418024453224529,1.1260562134988161,203.10048664624998,0.907608695652174,1.0,8,0.02717391304347826,0.7076261660084074,0.6974201266341885,0.8301630434782609,0.7119565217391305,near_horizontal_check_acquisition_artifact,unclassified_planar_candidate,dark_ridge,481,BH03,acoustic,False,provisional_report_ticks,unknown,64.76283961289239,0.004021629333924342,,,
18982.622768899033,4.621425312949707,-1.018430192556455,4.732311483861019,347.5722831140785,0.8967391304347826,1.0,8,0.059782608695652176,0.7064109297949888,0.6662403705923142,0.7554347826086956,0.7771739130434783,,unclassified_planar_candidate,dark_ridge,482,BH03,acoustic,False,provisional_report_ticks,unknown,64.87365274606796,0.016901112442360776,,,
18991.654392533965,-10.975198696832125,-0.44510175639323535,10.984220591762073,182.32237110747116,0.7065217391304348,1.0,7,0.09782608695652174,1.0793599586160143,0.44479760109683714,0.5625,0.32065217391304346,,unclassified_planar_candidate,dark_ridge,483,BH03,acoustic,False,provisional_report_ticks,unknown,64.90590854476415,0.0392293592562931,,,
19038.458747460056,-4.013148054221475,-3.7633919004864866,5.501679371041982,223.16048570367101,0.6141304347826086,1.0,7,0.15760869565217392,0.8702164199819977,0.382869993450736,0.4945652173913043,0.21739130434782608,,unclassified_planar_candidate,dark_ridge,484,BH03,acoustic,False,provisional_report_ticks,unknown,65.07306695521447,0.019648854896578503,,,
19161.15058244296,-7.344302792587506,2.012691890632539,7.615097645849764,164.67446878221676,0.5,1.0,7,0.24456521739130435,0.9400981845758615,0.21683223899510118,0.39266304347826086,0.2608695652173913,,unclassified_planar_candidate,dark_ridge,485,BH03,acoustic,False,provisional_report_ticks,unknown,65.51125208015341,0.027196777306606294,,,
19177.9034547463,-16.66310590227419,-10.422074237936064,19.653974909199807,212.0242529203456,0.5434782608695652,1.0,7,0.09782608695652174,1.0733832286396807,0.29345873385184273,0.4279891304347826,0.17391304347826086,,unclassified_planar_candidate,dark_ridge,486,BH03,acoustic,False,provisional_report_ticks,unknown,65.57108376695106,0.07019276753285643,,,
19201.221931370575,9.265568435534766,4.602351994232518,10.345646539119448,26.414305739877687,0.5652173913043478,1.0,6,0.09239130434782608,1.0340461551281908,0.3170135788896759,0.43614130434782605,0.2826086956521739,,unclassified_planar_candidate,dark_ridge,487,BH03,acoustic,False,provisional_report_ticks,unknown,65.65436404060918,0.036948737639712306,,,
19255.87643451809,-3.225920590888334,18.230396092248135,18.51361405395968,100.0347747807854,0.9347826086956522,1.0,8,0.021739130434782608,0.6232090328107086,0.7429277114593215,0.8627717391304348,0.907608695652174,,unclassified_planar_candidate,dark_ridge,488,BH03,acoustic,False,provisional_report_ticks,unknown,65.84955869470745,0.06612005019271314,,,
19270.738231981413,2.697166947271176,-5.398905554691607,6.035138004215977,296.54564122911063,0.6739130434782609,1.0,6,0.09239130434782608,1.2034622656320595,0.4095279083550049,0.5190217391304348,0.3695652173913043,,unclassified_planar_candidate,dark_ridge,489,BH03,acoustic,False,provisional_report_ticks,unknown,65.90263654279075,0.02155406430077134,,,
19309.67247511952,-1.7883565671619834,0.09725285766623736,1.7909989753307072,176.88725658177586,0.7336956521739131,1.0,8,0.059782608695652176,1.1603532775468683,0.46856072583275044,0.6073369565217392,0.29347826086956524,near_horizontal_check_acquisition_artifact,unclassified_planar_candidate,dark_ridge,490,BH03,acoustic,False,provisional_report_ticks,unknown,66.04168741114114,0.006396424911895381,,,
19354.075334905767,5.552026765476552,-4.220953992632347,6.974342536217086,322.75591982281685,0.657608695652174,1.0,8,0.09782608695652174,1.0766986905506801,0.4143713424359328,0.5081521739130435,0.21195652173913043,,unclassified_planar_candidate,dark_ridge,491,BH03,acoustic,False,provisional_report_ticks,unknown,66.20026905323488,0.0249083662007753,,,
19364.454734276223,-6.302173384562043,-11.534828419526466,13.144187157713391,241.34955526224385,0.8097826086956522,1.0,8,0.03260869565217391,1.0605754708084736,0.5500936096267134,0.6480978260869565,0.2391304347826087,,unclassified_planar_candidate,dark_ridge,492,BH03,acoustic,False,provisional_report_ticks,unknown,66.23733833670079,0.046943525563262097,,,
19375.87709326639,4.972367438823161,-4.559988662529264,6.746698047864913,317.47712527544104,0.592391304347826,1.0,8,0.07608695652173914,1.0502173037636695,0.3364050141863351,0.43614130434782605,0.1793478260869565,,unclassified_planar_candidate,dark_ridge,493,BH03,acoustic,False,provisional_report_ticks,unknown,66.27813247595138,0.024095350170946113,,,
19396.728119753887,-0.07179825385274098,-1.7240964101474239,1.725590745437497,267.6153529900599,0.6521739130434783,1.0,7,0.13043478260869565,0.7993757763183085,0.31285430955309057,0.360054347826087,0.28804347826086957,near_horizontal_check_acquisition_artifact,unclassified_planar_candidate,dark_ridge,494,BH03,acoustic,False,provisional_report_ticks,unknown,66.35260042769244,0.006162824090848202,,,
19420.15949680661,-8.643441140436765,-8.018538824452905,11.790082257026597,222.85214649762855,0.9619565217391305,1.0,8,0.010869565217391304,0.8115422821538921,0.7259826303228836,0.7839673913043479,0.9891304347826086,,unclassified_planar_candidate,dark_ridge,495,BH03,acoustic,False,provisional_report_ticks,unknown,66.43628391716645,0.04210743663223784,,,
19434.63365025964,-0.14573224162473936,3.96066576399884,3.9633459576930052,92.10724099354202,0.6086956521739131,1.0,8,0.06521739130434782,1.3188051852755391,0.3287458959918689,0.44836956521739135,0.20652173913043478,,unclassified_planar_candidate,dark_ridge,496,BH03,acoustic,False,provisional_report_ticks,unknown,66.48797732235585,0.01415480699176073,,,
19443.71193940204,3.490970352357196,-4.1426715098961795,5.417434931768209,310.12036256353855,0.5434782608695652,1.0,6,0.125,1.23924369575387,0.21544878661043443,0.34239130434782605,0.1793478260869565,,unclassified_planar_candidate,dark_ridge,497,BH03,acoustic,False,provisional_report_ticks,unknown,66.52039978357871,0.01934798189917217,,,
19491.156774451607,-3.447855241329332,-10.379863288174054,10.937516520963323,251.625179829675,0.5706521739130435,1.0,8,0.08152173913043478,1.2874418512196022,0.28282388333298075,0.41440217391304346,0.16304347826086957,,unclassified_planar_candidate,dark_ridge,498,BH03,acoustic,False,provisional_report_ticks,unknown,66.68984562304144,0.039062559003440425,,,
19501.63471863077,-9.703584321371668,-0.4160717920886265,9.712500420496356,182.45523337040774,0.6467391304347826,1.0,7,0.10869565217391304,1.194741690428123,0.31660463306022263,0.4089673913043478,0.2391304347826087,,unclassified_planar_candidate,dark_ridge,499,BH03,acoustic,False,provisional_report_ticks,unknown,66.72726685225274,0.03468750150177269,,,
19512.962127057355,-11.368166018496577,-12.801267727461589,17.120387088329807,228.393321304929,0.6141304347826086,1.0,8,0.09239130434782608,1.0256949507931306,0.340027451269932,0.42934782608695643,0.2391304347826087,,unclassified_planar_candidate,dark_ridge,500,BH03,acoustic,False,provisional_report_ticks,unknown,66.76772188234769,0.06114423960117786,,,
19514.585671254372,2.998469988322433,-1.0501418289613693,3.1770458183357473,340.69842433987964,0.6032608695652174,1.0,7,0.1793478260869565,0.5497312510564946,0.26657024358137926,0.32336956521739135,0.358695652173913,,unclassified_planar_candidate,dark_ridge,501,BH03,acoustic,False,provisional_report_ticks,unknown,66.77352025447989,0.011346592208341952,,,
19541.867857408954,-0.6083462885173181,-0.3912958506091409,0.72332402798243,212.7496248636551,0.5434782608695652,1.0,6,0.13043478260869565,1.0575395860541255,0.2229661504186061,0.3355978260869565,0.3858695652173913,near_horizontal_check_acquisition_artifact,unclassified_planar_candidate,dark_ridge,502,BH03,acoustic,False,provisional_report_ticks,unknown,66.8709566336034,0.002583300099937249,,,
19558.548930780966,-0.9707071438561156,1.1394493374252508,1.4968691164200498,130.4279760917169,0.8043478260869565,1.0,8,0.043478260869565216,1.0203472999407095,0.5475557406525773,0.6698369565217391,0.3641304347826087,near_horizontal_check_acquisition_artifact,unclassified_planar_candidate,dark_ridge,503,BH03,acoustic,False,provisional_report_ticks,unknown,66.9305318956463,0.005345961130071605,,,
19586.312268544352,-6.172525327848025,-5.1879251043576815,8.063165371698018,220.04660309594414,0.7336956521739131,1.0,8,0.059782608695652176,1.2362216591527837,0.45685965830922937,0.5163043478260869,0.28804347826086957,,unclassified_planar_candidate,dark_ridge,504,BH03,acoustic,False,provisional_report_ticks,unknown,67.02968667337268,0.02879701918463577,,,
19596.723192049267,-9.22611440184674,-5.5041806471826895,10.743239341687604,210.81975623859876,0.6032608695652174,1.0,7,0.07065217391304347,1.1496619623329782,0.315702915547638,0.41304347826086957,0.2717391304347826,,unclassified_planar_candidate,dark_ridge,505,BH03,acoustic,False,provisional_report_ticks,unknown,67.06686854303308,0.03836871193459857,,,
19617.87550865242,-7.608327937200104,-4.881409742649115,9.039624719843701,212.68373218078779,0.7717391304347826,1.0,8,0.03804347826086957,1.1096833590758715,0.5128411258027146,0.6290760869565217,0.266304347826087,,unclassified_planar_candidate,dark_ridge,506,BH03,acoustic,False,provisional_report_ticks,unknown,67.1424125309015,0.03228437399944178,,,
19632.442132977198,-6.100597712134436,1.147029328426347,6.207492950102329,169.3516113369302,0.6413043478260869,1.0,8,0.125,1.0374352067677794,0.35392735770036465,0.44565217391304346,0.2608695652173913,,unclassified_planar_candidate,dark_ridge,507,BH03,acoustic,False,provisional_report_ticks,unknown,67.19443618920427,0.02216961767893688,,,
19649.204462757174,9.128780882263607,11.162507509999099,14.419993561273452,50.723446917883976,0.9293478260869565,1.0,8,0.021739130434782608,0.830812134094987,0.6892243212437534,0.7663043478260869,0.8206521739130435,,unclassified_planar_candidate,dark_ridge,508,BH03,acoustic,False,provisional_report_ticks,unknown,67.25430165270419,0.05149997700454803,,,
19677.714683766928,-12.438627314174528,-6.084682334582009,13.847122754337923,206.06678699406038,0.5978260869565217,1.0,7,0.14130434782608695,0.9388046585034913,0.35194881576908144,0.46875,0.21195652173913043,,unclassified_planar_candidate,dark_ridge,509,BH03,acoustic,False,provisional_report_ticks,unknown,67.35612387059616,0.04945400983692114,,,
19716.550098542903,0.42643002992311013,1.5885680857820998,1.6448073241524763,74.9739402903258,0.7771739130434783,1.0,7,0.11413043478260869,1.1618899363785227,0.46739837684721336,0.6711956521739131,0.30978260869565216,near_horizontal_check_acquisition_artifact,unclassified_planar_candidate,dark_ridge,510,BH03,acoustic,False,provisional_report_ticks,unknown,67.49482178051035,0.005874311871973128,,,
19741.82706551815,0.47302076071781934,-8.090056607686662,8.103873429147614,273.3462401243292,0.5978260869565217,1.0,8,0.08695652173913043,1.3867049447367767,0.2793467279081138,0.40625,0.1956521739130435,,unclassified_planar_candidate,dark_ridge,511,BH03,acoustic,False,provisional_report_ticks,unknown,67.58509666256481,0.028942405104098613,,,
19750.27441869157,-2.360911719438736,0.30817873384317584,2.3809406290322217,172.56301478572038,0.6467391304347826,1.0,8,0.09239130434782608,1.0191872864328166,0.3861147686020152,0.46195652173913043,0.21195652173913043,,unclassified_planar_candidate,dark_ridge,512,BH03,acoustic,False,provisional_report_ticks,unknown,67.6152657810413,0.00850335938940079,,,
19794.792243049647,3.7756778167619642,1.5282339596670813,4.073234833822881,22.03601068868649,0.6847826086956522,1.0,8,0.10326086956521739,1.2941789343056205,0.3989029549037771,0.6277173913043479,0.3695652173913043,,unclassified_planar_candidate,dark_ridge,513,BH03,acoustic,False,provisional_report_ticks,unknown,67.77425801089159,0.014547267263653144,,,
19856.83020859856,-0.5165799866942994,-0.9062124080845027,1.043108724543801,240.31500283611302,0.5054347826086957,1.0,6,0.24456521739130435,0.9548233684981654,0.17736066413449497,0.3192934782608696,0.15760869565217392,near_horizontal_check_acquisition_artifact,unclassified_planar_candidate,dark_ridge,514,BH03,acoustic,False,provisional_report_ticks,unknown,67.99582217356627,0.003725388301942146,,,
19877.179305092024,-9.021984394036071,-1.2736745380181227,9.111446056199098,188.03560251467874,0.6358695652173914,1.0,6,0.16304347826086957,0.8595008591496905,0.2931982599831606,0.36684782608695654,0.24456521739130435,,unclassified_planar_candidate,dark_ridge,515,BH03,acoustic,False,provisional_report_ticks,unknown,68.0684975181858,0.032540878772139625,,,
19892.106610675102,-9.688394022682461,-0.0728596257205693,9.688667981916264,180.4308733053705,0.7989130434782609,1.0,8,0.07608695652173914,0.7362873222078122,0.5680713084274718,0.49184782608695654,0.3532608695652174,,unclassified_planar_candidate,dark_ridge,516,BH03,acoustic,False,provisional_report_ticks,unknown,68.12180932383964,0.03460238564970094,,,
19905.37492693368,6.530361069325307,-2.7962159154726005,7.103832707890991,336.8200188773622,0.5543478260869565,1.0,7,0.14673913043478262,1.0689110051919344,0.17011297767720165,0.2567934782608696,0.2554347826086957,,unclassified_planar_candidate,dark_ridge,517,BH03,acoustic,False,provisional_report_ticks,unknown,68.16919616762027,0.025370831099610674,,,
19927.248377325286,-3.4639406439894977,-3.4386016071984224,4.880867320273104,224.78966976359072,0.7336956521739131,1.0,7,0.10869565217391304,1.1689070739839227,0.4429200495489812,0.5611413043478262,0.592391304347826,,unclassified_planar_candidate,dark_ridge,518,BH03,acoustic,False,provisional_report_ticks,unknown,68.24731563330458,0.01743166900097537,,,
19949.005832640927,4.747600528097659,-3.666323367170945,5.998469622083358,322.32296973426196,0.625,1.0,6,0.11413043478260869,1.0507561236490304,0.3211678613677671,0.4116847826086957,0.20108695652173914,,unclassified_planar_candidate,dark_ridge,519,BH03,acoustic,False,provisional_report_ticks,unknown,68.32502083086044,0.021423105793154845,,,
19963.944401913832,-3.128059264517708,-5.033681363484586,5.926440991980525,238.1421173353413,0.5,1.0,7,0.125,1.0179634738806405,0.21931316189152514,0.35190217391304346,0.20108695652173914,,unclassified_planar_candidate,dark_ridge,520,BH03,acoustic,False,provisional_report_ticks,unknown,68.37837286397796,0.021165860685644727,,,
19990.702525009776,-1.2293596495949872,0.7905651470656091,1.4616149971203696,147.2561174294431,0.6793478260869565,1.0,7,0.08695652173913043,0.6849718674446167,0.4936553119974842,0.5597826086956522,0.2554347826086957,near_horizontal_check_acquisition_artifact,unclassified_planar_candidate,dark_ridge,521,BH03,acoustic,False,provisional_report_ticks,unknown,68.47393758932061,0.005220053561144176,,,
20009.347290766727,-0.27704005369304496,5.178572716037761,5.185977879497844,93.06225474805811,0.532608695652174,1.0,6,0.10326086956521739,1.2665134012079422,0.2118748014224528,0.33831521739130443,0.2826086956521739,,unclassified_planar_candidate,dark_ridge,522,BH03,acoustic,False,provisional_report_ticks,unknown,68.54052603845258,0.01852134956963515,,,
20043.909973934267,-6.335740342637915,1.161801007311811,6.441380851177823,169.608967052155,0.5815217391304348,1.0,7,0.09239130434782608,1.0791003566004098,0.2742531157280203,0.3722826086956522,0.20652173913043478,,unclassified_planar_candidate,dark_ridge,523,BH03,acoustic,False,provisional_report_ticks,unknown,68.66396419262237,0.023004931611349363,,,
20053.487349764935,-7.282620517712252,-4.115619679529428,8.365099339011664,209.47204840284977,0.6956521739130435,1.0,8,0.05434782608695652,0.954093313500425,0.43051133768472394,0.4497282608695652,0.23369565217391305,,unclassified_planar_candidate,dark_ridge,524,BH03,acoustic,False,provisional_report_ticks,unknown,68.69816910630333,0.029875354782184504,,,
20058.04273946793,-17.048832264082932,2.109364779990259,17.178827123639685,172.94692973556207,0.6195652173913043,1.0,7,0.10869565217391304,1.2947483417041283,0.2962816797663013,0.4130434782608695,0.23369565217391305,,unclassified_planar_candidate,dark_ridge,525,BH03,acoustic,False,provisional_report_ticks,unknown,68.71443835524259,0.06135295401299886,,,
20133.801442663804,-8.161079584813828,-12.339199372598129,14.79388593799449,236.51956585955526,0.5760869565217391,1.0,7,0.14130434782608695,0.9989912606333576,0.33530492631702613,0.47282608695652173,0.16304347826086957,,unclassified_planar_candidate,dark_ridge,526,BH03,acoustic,False,provisional_report_ticks,unknown,68.98500515237072,0.05283530692140888,,,
20154.634379901105,5.231257416781622,4.650797714347591,6.999712389835278,41.63837932381086,0.9184782608695652,1.0,8,0.02717391304347826,0.7673701778295612,0.691856265516118,0.7105978260869565,0.6086956521739131,,unclassified_planar_candidate,dark_ridge,527,BH03,acoustic,False,provisional_report_ticks,unknown,69.05940849964679,0.024998972820840272,,,
20231.99224853242,5.099530711532593,2.8578106814685404,5.8457074310112205,29.266558203943553,0.5054347826086957,1.0,6,0.16304347826086957,1.0493776785615527,0.22443314502168485,0.37635869565217395,0.17391304347826086,,unclassified_planar_candidate,dark_ridge,528,BH03,acoustic,False,provisional_report_ticks,unknown,69.33568660190149,0.020877526539325782,,,
20292.649026749154,0.5508641640679954,-0.9494761900089601,1.097705043555992,300.1213173627355,0.5815217391304348,1.0,7,0.09239130434782608,1.1651390959621826,0.28206137717153984,0.3940217391304348,0.1956521739130435,near_horizontal_check_acquisition_artifact,unclassified_planar_candidate,dark_ridge,529,BH03,acoustic,False,provisional_report_ticks,unknown,69.55231795267554,0.0039203751555571134,,,
20302.274795521833,3.12819510894877,-2.2769555245691446,3.869125366347924,323.94981763278656,0.6413043478260869,1.0,7,0.19021739130434784,0.8181821167198485,0.3824642231403678,0.48369565217391297,0.31521739130434784,,unclassified_planar_candidate,dark_ridge,530,BH03,acoustic,False,provisional_report_ticks,unknown,69.58669569829225,0.01381830487981401,,,
20328.903442730007,4.559075766302814,1.842619793252104,4.917359001066936,22.00684516861221,0.532608695652174,1.0,6,0.125,1.3172121453825643,0.20980489743026115,0.3491847826086957,0.16847826086956522,,unclassified_planar_candidate,dark_ridge,531,BH03,acoustic,False,provisional_report_ticks,unknown,69.68179800975001,0.01756199643238191,,,
20347.119854259716,-0.941120305711193,5.739703751564199,5.8163482173561505,99.31174114171787,0.5217391304347826,1.0,7,0.16847826086956522,1.4225646826529061,0.16949381244862774,0.3138586956521739,0.18478260869565216,,unclassified_planar_candidate,dark_ridge,532,BH03,acoustic,False,provisional_report_ticks,unknown,69.74685662235612,0.020772672204843388,,,
20366.24179105307,7.780847790603231,5.452626841303917,9.5011963357802,35.02182680078311,0.6304347826086957,1.0,7,0.125,1.337640784731363,0.328233700818951,0.46467391304347827,0.4076086956521739,,unclassified_planar_candidate,dark_ridge,533,BH03,acoustic,False,provisional_report_ticks,unknown,69.81514925376095,0.033932844056357846,,,
20374.265394245278,0.5562881199053726,-7.451066428281066,7.471803489854709,274.26971624201605,0.8641304347826086,1.0,8,0.06521739130434782,0.9418829346473683,0.5901173790071343,0.6019021739130435,0.40217391304347827,,unclassified_planar_candidate,dark_ridge,534,BH03,acoustic,False,provisional_report_ticks,unknown,69.84380497944741,0.02668501246376681,,,
20389.897743939797,15.90087792910901,-1.9782657206094054,16.023465735531882,352.90813744956944,0.5489130434782609,1.0,8,0.07608695652173914,1.1993594986973932,0.2503981123854237,0.36820652173913043,0.15217391304347827,,unclassified_planar_candidate,dark_ridge,535,BH03,acoustic,False,provisional_report_ticks,unknown,69.89963479978498,0.05722666334118528,,,
20393.92863667356,6.413873965686399,11.624374691993443,13.276440269423405,61.11180906180258,0.5108695652173914,1.0,8,0.10326086956521739,1.1738868890449625,0.18013768354967463,0.29076086956521746,0.15760869565217392,,unclassified_planar_candidate,dark_ridge,536,BH03,acoustic,False,provisional_report_ticks,unknown,69.9140308452627,0.04741585810508358,,,
20484.53468489462,-4.060770304622495,3.760062586964329,5.53425027666736,137.201913841207,0.5760869565217391,1.0,6,0.22826086956521738,1.0398744890781015,0.210994166092652,0.33559782608695654,0.32608695652173914,,unclassified_planar_candidate,dark_ridge,537,BH03,acoustic,False,provisional_report_ticks,unknown,70.23762387462364,0.01976517955952628,,,
20493.23663560083,3.8248743856905265,0.06719793830583923,3.8254646291952614,1.0065068325549287,0.8260869565217391,1.0,8,0.03260869565217391,1.252757748231913,0.5263476462353774,0.6779891304347826,0.5054347826086957,,unclassified_planar_candidate,dark_ridge,538,BH03,acoustic,False,provisional_report_ticks,unknown,70.26870227000296,0.013662373675697358,,,
20532.48740974241,-8.226217983560128,8.734866954115157,11.998690054299306,133.28226157933452,0.6413043478260869,1.0,6,0.09239130434782608,1.170162178580582,0.39406195420824464,0.5108695652173912,0.34782608695652173,,unclassified_planar_candidate,dark_ridge,539,BH03,acoustic,False,provisional_report_ticks,unknown,70.40888360622289,0.04285246447964037,,,
20537.747778752313,1.5301673759647847,-2.4582650227228457,2.895596505110736,301.90054028216366,0.9239130434782609,1.0,8,0.010869565217391304,0.6340396170128683,0.7397722354486636,0.7418478260869565,0.9021739130434783,,unclassified_planar_candidate,dark_ridge,540,BH03,acoustic,False,provisional_report_ticks,unknown,70.42767063840111,0.010341416089681197,,,
20565.278004412106,-0.26976627946270676,0.85088519613811,0.892625040284072,107.59079777483744,0.5978260869565217,1.0,7,0.09782608695652174,1.1673319864124638,0.34264767567800924,0.46875,0.28804347826086957,near_horizontal_check_acquisition_artifact,unclassified_planar_candidate,dark_ridge,541,BH03,acoustic,False,provisional_report_ticks,unknown,70.52599287290036,0.0031879465724431134,,,
20590.61429611957,-1.6882796172736951,-0.6310317907842695,1.8023565649122308,200.49433975518207,0.5543478260869565,1.0,7,0.07065217391304347,1.037752097359514,0.3110372921696586,0.42663043478260876,0.1793478260869565,near_horizontal_check_acquisition_artifact,unclassified_planar_candidate,dark_ridge,542,BH03,acoustic,False,provisional_report_ticks,unknown,70.61647962899845,0.006436987731829394,,,
20634.097611425022,-1.2591995920927939,-0.03378492678805686,1.2596527434196827,181.53690442218166,0.5815217391304348,1.0,6,0.1793478260869565,1.1159468149863936,0.2735576339713047,0.4157608695652174,0.29347826086956524,near_horizontal_check_acquisition_artifact,unclassified_planar_candidate,dark_ridge,543,BH03,acoustic,False,provisional_report_ticks,unknown,70.77177718366079,0.0044987597979274365,,,
20671.35919122662,-1.630111726720655,-1.1934995589074218,2.020323102551769,216.21002663105537,0.9130434782608695,1.0,8,0.07608695652173914,0.8449611536729913,0.636505120236148,0.8532608695652173,0.9239130434782609,,unclassified_planar_candidate,dark_ridge,544,BH03,acoustic,False,provisional_report_ticks,unknown,70.90485425438078,0.007215439651970602,,,
20792.292410481015,-2.1904590972911278,-3.503474420887346,4.131881420698976,237.98535560213816,0.9456521739130435,1.0,8,0.05434782608695652,0.5115117327792833,0.7540739584041466,0.8559782608695652,0.9456521739130435,,unclassified_planar_candidate,dark_ridge,545,BH03,acoustic,False,provisional_report_ticks,unknown,71.33675860886076,0.014756719359639197,,,
20845.296522790693,-2.8379084336460156,9.426698829017893,9.844611474850925,106.75442563955438,0.6032608695652174,1.0,7,0.14673913043478262,1.1397699619504846,0.3242950076581464,0.46059782608695654,0.29891304347826086,,unclassified_planar_candidate,dark_ridge,546,BH03,acoustic,False,provisional_report_ticks,unknown,71.52605900996674,0.03515932669589615,,,
20855.55930244187,-1.2865263303650365,-1.8396211340109232,2.244850978444262,235.03324807169025,0.6739130434782609,1.0,7,0.09239130434782608,0.6646147440378121,0.4901056076866144,0.5842391304347826,0.21739130434782608,,unclassified_planar_candidate,dark_ridge,547,BH03,acoustic,False,provisional_report_ticks,unknown,71.56271179443524,0.008017324923015219,,,
20896.63411087966,2.920126500150848,-1.8591012593136909,3.4617042434709804,327.51709297769645,0.782608695652174,1.0,8,0.04891304347826087,0.7473338222919337,0.5801993568365104,0.7459239130434783,0.29891304347826086,,unclassified_planar_candidate,dark_ridge,548,BH03,acoustic,False,provisional_report_ticks,unknown,71.70940753885591,0.012363229440967783,,,
20922.92467693036,0.7906824315767389,-2.24026369775782,2.375702031630997,289.4400604472606,0.7771739130434783,1.0,8,0.10869565217391304,0.5564491318545356,0.5754266570462789,0.6290760869565217,0.6032608695652174,,unclassified_planar_candidate,dark_ridge,549,BH03,acoustic,False,provisional_report_ticks,unknown,71.80330241760842,0.008484650112967843,,,
20940.88775101518,2.9001859713383547,-2.4594060537997997,3.802598691134117,319.70149978973825,0.532608695652174,1.0,7,0.14130434782608695,0.7396630560429409,0.3399308245696548,0.4755434782608696,0.23369565217391305,,unclassified_planar_candidate,dark_ridge,550,BH03,acoustic,False,provisional_report_ticks,unknown,71.86745625362563,0.013580709611193271,,,
20972.630452082565,2.604307547724093,-2.9877916174819172,3.9634980197582905,311.0770235828774,0.8206521739130435,1.0,8,0.07608695652173914,0.5941533145134321,0.6219818627770105,0.7214673913043478,0.6304347826086957,,unclassified_planar_candidate,dark_ridge,551,BH03,acoustic,False,provisional_report_ticks,unknown,71.980823043152,0.01415535007056532,,,
21032.812226785634,-4.7673932970377795,2.0573624279299567,5.1923770094725015,156.65744949878402,0.7880434782608695,1.0,8,0.08695652173913043,1.0403334084592464,0.5086721397418865,0.6317934782608695,0.6304347826086957,,unclassified_planar_candidate,dark_ridge,552,BH03,acoustic,False,provisional_report_ticks,unknown,72.19575795280582,0.01854420360525893,,,
21041.181161515422,11.098526544135822,-3.817948333278289,11.736865890282205,341.016528117024,0.6141304347826086,1.0,6,0.1793478260869565,1.1256325972261538,0.21268083498684884,0.3070652173913043,0.2554347826086957,,unclassified_planar_candidate,dark_ridge,553,BH03,acoustic,False,provisional_report_ticks,unknown,72.22564700541221,0.041917378179579294,,,
21055.710392157765,1.8268591684979554,-2.636930229712695,3.207930089309567,304.71412769500927,0.9293478260869565,1.0,8,0.016304347826086956,0.5539838340691894,0.7600491281620115,0.7377717391304348,0.75,,unclassified_planar_candidate,dark_ridge,554,BH03,acoustic,False,provisional_report_ticks,unknown,72.27753711484915,0.011456893176105593,,,
21108.398015706247,3.560753713299986,-1.4847280953757491,3.8578989779383464,337.3653193991365,0.592391304347826,1.0,6,0.16304347826086957,0.9883014666470754,0.32272803705339814,0.452445652173913,0.20652173913043478,,unclassified_planar_candidate,dark_ridge,555,BH03,acoustic,False,provisional_report_ticks,unknown,72.46570719895087,0.01377821063549409,,,
21141.131404214306,10.434722438182531,3.7167159231768983,11.076886277989257,19.605254866393036,0.5380434782608695,1.0,6,0.15760869565217392,1.3517322136222445,0.22054969804324323,0.3817934782608695,0.29347826086956524,,unclassified_planar_candidate,dark_ridge,556,BH03,acoustic,False,provisional_report_ticks,unknown,72.58261215790822,0.0395603081356759,,,
21146.165043563316,-2.7187398708667403,-4.728169986346618,5.45409368320984,240.10071449792702,0.7391304347826086,1.0,8,0.05434782608695652,1.067469846032233,0.48968908372718256,0.6005434782608695,0.1956521739130435,,unclassified_planar_candidate,dark_ridge,557,BH03,acoustic,False,provisional_report_ticks,unknown,72.60058944129754,0.01947890601146371,,,
21176.414886097587,-3.6159387716401654,-2.590463375797218,4.448091017683575,215.61786237556103,0.6358695652173914,1.0,7,0.07608695652173914,0.657001478592099,0.4719417857709729,0.5760869565217391,0.2717391304347826,,unclassified_planar_candidate,dark_ridge,558,BH03,acoustic,False,provisional_report_ticks,unknown,72.70862459320566,0.015886039348869906,,,
21218.08100427152,3.593251832393288,-2.110395510502035,4.1671606570595365,329.5733506507548,0.6684782608695652,1.0,7,0.14673913043478262,0.994073889627408,0.3872519453879146,0.47282608695652173,0.40217391304347827,,unclassified_planar_candidate,dark_ridge,559,BH03,acoustic,False,provisional_report_ticks,unknown,72.85743215811256,0.014882716632355483,,,
21241.392752563366,12.935432799972613,0.01862618837700091,12.935446210220226,0.08250216759945353,0.5543478260869565,1.0,7,0.09782608695652174,1.2508070021272977,0.25705960282664825,0.3899456521739131,0.18478260869565216,,unclassified_planar_candidate,dark_ridge,560,BH03,acoustic,False,provisional_report_ticks,unknown,72.94068840201201,0.04619802217935794,,,
21260.78063768086,-6.691930569293975,-4.216514070719175,7.909546488441924,212.21459170343434,0.9021739130434783,1.0,8,0.02717391304347826,0.9291590903877083,0.6438962825322657,0.7377717391304348,0.45652173913043476,,unclassified_planar_candidate,dark_ridge,561,BH03,acoustic,False,provisional_report_ticks,unknown,73.0099308488602,0.028248380315864005,,,
21268.04656492525,5.7669323810171855,5.090634185247499,7.692338103284008,41.43575424262867,0.5271739130434783,1.0,7,0.20652173913043478,1.1319718685644091,0.21434043468207606,0.37364130434782605,0.2608695652173913,,unclassified_planar_candidate,dark_ridge,562,BH03,acoustic,False,provisional_report_ticks,unknown,73.03588058901875,0.027472636083157167,,,
21290.306228770238,3.2214680112717704,-0.8118504858875042,3.3221916499628783,345.8552784192405,0.5489130434782609,1.0,6,0.23369565217391305,0.9486991966730384,0.25910699368742435,0.422554347826087,0.4076086956521739,,unclassified_planar_candidate,dark_ridge,563,BH03,acoustic,False,provisional_report_ticks,unknown,73.11537938846512,0.011864970178438848,,,
21315.68949668893,3.1530534822513214,-1.2958288413295977,3.408946853202436,337.65852130298066,0.8858695652173914,1.0,8,0.016304347826086956,0.9923949548609305,0.6259889239354866,0.6684782608695652,0.7880434782608695,,unclassified_planar_candidate,dark_ridge,564,BH03,acoustic,False,provisional_report_ticks,unknown,73.20603391674616,0.012174810190008697,,,
21335.96619121451,4.2906798575203355,-2.2590366068660592,4.849039083250582,332.2332612840584,0.6304347826086957,1.0,7,0.07065217391304347,1.1595139583599732,0.28665509870306505,0.360054347826087,0.24456521739130435,,unclassified_planar_candidate,dark_ridge,565,BH03,acoustic,False,provisional_report_ticks,unknown,73.27845068290895,0.01731799672589493,,,
21347.61437486777,2.344641548212514,-2.413173341642851,3.364632159155009,314.17476591823663,0.7391304347826086,1.0,8,0.04891304347826087,1.0082808146170004,0.5023168111549436,0.5081521739130435,0.2554347826086957,,unclassified_planar_candidate,dark_ridge,566,BH03,acoustic,False,provisional_report_ticks,unknown,73.32005133881346,0.0120165434255536,,,
21366.50590254473,5.684005869441011,-2.1134554544922186,6.06420783630993,339.6036076000832,0.7554347826086957,1.0,8,0.07608695652173914,1.2515893872222035,0.45987728011776713,0.6385869565217391,0.32065217391304346,,unclassified_planar_candidate,dark_ridge,567,BH03,acoustic,False,provisional_report_ticks,unknown,73.38752108051688,0.021657885129678315,,,
21387.872917437067,1.556820547765002,-1.447713770313647,2.125926945757797,317.0797273276489,0.6956521739130435,1.0,8,0.07065217391304347,0.8631113805245072,0.48486659472503757,0.5625,0.44565217391304346,,unclassified_planar_candidate,dark_ridge,568,BH03,acoustic,False,provisional_report_ticks,unknown,73.46383184798951,0.007592596234849274,,,
21397.05744298058,-17.93675003897213,-3.2792073199637315,18.2340396678265,190.360432816654,0.8858695652173914,1.0,8,0.03260869565217391,1.3704312922775788,0.5427273544161691,0.7744565217391305,0.47282608695652173,,unclassified_planar_candidate,dark_ridge,569,BH03,acoustic,False,provisional_report_ticks,unknown,73.49663372493062,0.06512157024223748,,,
21403.34836622582,2.8004300358857517,-3.0213124769033493,4.11955549410163,312.82718589998876,0.6141304347826086,1.0,7,0.15217391304347827,0.8217517094016938,0.29156012229649153,0.3682065217391304,0.5,,unclassified_planar_candidate,dark_ridge,570,BH03,acoustic,False,provisional_report_ticks,unknown,73.51910130794934,0.014712698193220103,,,
21445.215164232974,3.418092428247415,-5.846720746422083,6.7725548602196435,300.3112828313844,0.5706521739130435,1.0,7,0.16847826086956522,1.142571861898022,0.23699835245580353,0.3654891304347826,0.16847826086956522,,unclassified_planar_candidate,dark_ridge,571,BH03,acoustic,False,provisional_report_ticks,unknown,73.66862558654633,0.024187695929355862,,,
21458.10474749376,2.952733509508541,0.601537610321506,3.013383924229691,11.514853258965552,0.6956521739130435,1.0,7,0.09782608695652174,1.049047044906415,0.4424022197608687,0.5475543478260869,0.27717391304347827,,unclassified_planar_candidate,dark_ridge,572,BH03,acoustic,False,provisional_report_ticks,unknown,73.71465981247769,0.010762085443677466,,,
21484.13354205871,3.5628362584732383,4.976195974621262,6.120157561903813,54.3982503478481,0.9836956521739131,1.0,8,0.010869565217391304,0.5568586236405815,0.8081663700824547,0.9157608695652174,0.9891304347826086,,unclassified_planar_candidate,dark_ridge,573,BH03,acoustic,False,provisional_report_ticks,unknown,73.8076197930668,0.021857705578227898,,,
21498.17516154758,5.111517893305984,-3.901545137096155,6.430370878136493,322.64604758976725,0.5978260869565217,1.0,8,0.09239130434782608,0.8516369030840898,0.2886103957859168,0.3532608695652174,0.22826086956521738,,unclassified_planar_candidate,dark_ridge,574,BH03,acoustic,False,provisional_report_ticks,unknown,73.85776843409849,0.0229656102790589,,,
21556.839040443952,2.6726378875895658,-2.378485007335017,3.5777345077991285,318.33286388149,0.6630434782608695,1.0,7,0.07065217391304347,0.6699913230681926,0.4031324832817571,0.4089673913043477,0.44021739130434784,,unclassified_planar_candidate,dark_ridge,575,BH03,acoustic,False,provisional_report_ticks,unknown,74.06728228729982,0.01277762324213974,,,
21563.312820533676,1.5082232026224711,-2.2313026064431902,2.6932227071760995,304.0562724434935,0.7391304347826086,1.0,8,0.059782608695652176,0.5714738594939541,0.5744074326496772,0.529891304347826,0.3695652173913043,,unclassified_planar_candidate,dark_ridge,576,BH03,acoustic,False,provisional_report_ticks,unknown,74.0904029304774,0.009618652525628924,,,
21587.856279724547,2.0029663172495327,-4.0642207415227585,4.5309782943488,296.2354202168139,0.782608695652174,1.0,8,0.04891304347826087,0.8700989806154972,0.556935839411028,0.5570652173913044,0.6413043478260869,,unclassified_planar_candidate,dark_ridge,577,BH03,acoustic,False,provisional_report_ticks,unknown,74.17805814187336,0.016182065336959994,,,
21590.323717932144,4.489066233748766,-11.40799391833304,12.25944700595043,291.4797274186264,0.5489130434782609,1.0,8,0.06521739130434782,1.3350051565943288,0.16619482987713885,0.25271739130434784,0.1793478260869565,,unclassified_planar_candidate,dark_ridge,578,BH03,acoustic,False,provisional_report_ticks,unknown,74.18687042118621,0.04378373930696581,,,
21612.125511225084,-1.3731058808916292,-0.8686578578057959,1.6248034447486046,212.31837142271561,0.6141304347826086,1.0,7,0.09239130434782608,0.9332602114109818,0.3872876280033169,0.47418478260869557,0.42934782608695654,near_horizontal_check_acquisition_artifact,unclassified_planar_candidate,dark_ridge,579,BH03,acoustic,False,provisional_report_ticks,unknown,74.264733968661,0.005802869445530729,,,
21634.198399052046,3.268056915335832,-1.395158526288883,3.5534016540986357,336.88199284797554,0.9239130434782609,1.0,8,0.016304347826086956,0.888995865874705,0.675766280116517,0.7948369565217391,0.31521739130434784,,unclassified_planar_candidate,dark_ridge,580,BH03,acoustic,False,provisional_report_ticks,unknown,74.34356571090015,0.01269072019320941,,,
21650.907176976085,-4.401149020430405,-16.17542382917404,16.763485578883852,254.7789447218247,0.5,1.0,6,0.20652173913043478,1.3964670239870949,0.16244604887153824,0.32608695652173914,0.15760869565217392,,unclassified_planar_candidate,dark_ridge,581,BH03,acoustic,False,provisional_report_ticks,unknown,74.40323991777171,0.0598695913531566,,,
21661.25537487324,4.277210425032068,-1.3256312120836335,4.477926655323123,342.78027935159844,0.6086956521739131,1.0,7,0.059782608695652176,0.9991181907458223,0.41019589268939277,0.5353260869565217,0.2608695652173913,,unclassified_planar_candidate,dark_ridge,582,BH03,acoustic,False,provisional_report_ticks,unknown,74.44019776740441,0.015992595197582577,,,
21684.682859950797,2.7380774093113285,2.1811764789544377,3.5006569000296377,38.541134588599206,0.5706521739130435,1.0,6,0.14673913043478262,1.144112995229631,0.24397309228447958,0.36684782608695654,0.30978260869565216,,unclassified_planar_candidate,dark_ridge,583,BH03,acoustic,False,provisional_report_ticks,unknown,74.52386735696712,0.012502346071534417,,,
21724.372301129602,0.868396878438181,-2.52294903121456,2.6682175609548153,288.9934188165566,0.9021739130434783,1.0,8,0.059782608695652176,0.9996574755276295,0.6078596327406042,0.688858695652174,0.7336956521739131,,unclassified_planar_candidate,dark_ridge,584,BH03,acoustic,False,provisional_report_ticks,unknown,74.66561536117713,0.00952934843198148,,,
21739.07380273719,-1.903784370001367,-5.531877892676559,5.850304944782379,251.00920396901614,0.9347826086956522,1.0,8,0.010869565217391304,0.6875854732829209,0.7352347014148904,0.5733695652173914,0.8206521739130435,,unclassified_planar_candidate,dark_ridge,585,BH03,acoustic,False,provisional_report_ticks,unknown,74.71812072406138,0.020893946231365635,,,
21749.946276466435,4.89776692454312,-3.179870704534701,5.839494716557811,327.0063882644104,0.9402173913043478,1.0,8,0.010869565217391304,1.0148758329533851,0.6630763228763705,0.6440217391304347,0.8206521739130435,,unclassified_planar_candidate,dark_ridge,586,BH03,acoustic,False,provisional_report_ticks,unknown,74.75695098738011,0.020855338273420745,,,
21778.578905737657,-2.0160381555011138,-3.0276790315791753,3.6374785446378297,236.3415774519771,0.7010869565217391,1.0,7,0.07065217391304347,0.9223448634180724,0.4791010027254399,0.5407608695652174,0.2608695652173913,,unclassified_planar_candidate,dark_ridge,587,BH03,acoustic,False,provisional_report_ticks,unknown,74.85921037763447,0.01299099480227796,,,
21817.215190679715,1.0855382485927596,-4.081314538363176,4.2232122430932195,284.89455140363225,0.9782608695652174,1.0,8,0.016304347826086956,0.6055970958588268,0.7864050160429464,0.84375,0.9836956521739131,,unclassified_planar_candidate,dark_ridge,588,BH03,acoustic,False,provisional_report_ticks,unknown,74.9971971095704,0.015082900868190065,,,
21855.42879484348,0.7023028427948522,-2.715050569923892,2.8044123948238746,284.5028289692083,0.7880434782608695,1.0,8,0.06521739130434782,0.6205425741712127,0.5990017132376949,0.5720108695652173,0.33695652173913043,,unclassified_planar_candidate,dark_ridge,589,BH03,acoustic,False,provisional_report_ticks,unknown,75.13367426729813,0.010015758552942407,,,
21864.80463721206,-1.4790013067544452,-2.8175835960966276,3.1821725576049706,242.30419510069095,0.7119565217391305,1.0,8,0.10326086956521739,1.2359034050886457,0.38264907311769547,0.4524456521739131,0.3641304347826087,,unclassified_planar_candidate,dark_ridge,590,BH03,acoustic,False,provisional_report_ticks,unknown,75.16715941861449,0.011364901991446321,,,
21901.218578185275,-2.464018770330442,3.822129705591306,4.547533835707463,122.80872938576378,0.5597826086956522,1.0,8,0.09782608695652174,0.9608867045333602,0.30185743594615805,0.4116847826086957,0.22282608695652173,,unclassified_planar_candidate,dark_ridge,591,BH03,acoustic,False,provisional_report_ticks,unknown,75.29720920780454,0.01624119227038379,,,
21930.775071905762,0.355438284918918,-5.831866000201215,5.842687516775907,273.4877264835434,0.6902173913043478,1.0,8,0.07608695652173914,1.1786092792954046,0.4305224742536761,0.5679347826086956,0.21195652173913043,,unclassified_planar_candidate,dark_ridge,592,BH03,acoustic,False,provisional_report_ticks,unknown,75.40276811394914,0.02086674113134252,,,
21969.22851819476,1.5125577624294133,-4.9914872455791395,5.2156280453522275,286.8582502130269,0.75,1.0,8,0.11956521739130435,0.8263524217467643,0.5013392295810027,0.6521739130434783,0.3641304347826087,,unclassified_planar_candidate,dark_ridge,593,BH03,acoustic,False,provisional_report_ticks,unknown,75.54010185069555,0.018627243019115093,,,
21994.208323023206,-0.05379420090271057,-3.5593847168215533,3.5597911987072517,269.13413517189645,0.7717391304347826,1.0,7,0.04891304347826087,0.43286988975181984,0.6353695715515462,0.7350543478260869,0.24456521739130435,,unclassified_planar_candidate,dark_ridge,594,BH03,acoustic,False,provisional_report_ticks,unknown,75.62931543936858,0.012713539995383038,,,
22017.206605092113,2.0200136936275475,-2.346525593969536,3.096229591874106,310.7236151099309,0.6793478260869565,1.0,7,0.15760869565217392,0.8175730112064163,0.43576289687303615,0.5815217391304348,0.28804347826086957,,unclassified_planar_candidate,dark_ridge,595,BH03,acoustic,False,provisional_report_ticks,unknown,75.71145216104324,0.011057962828121803,,,
22039.181080257993,-1.7235711956667652,4.332110201242156,4.662389565688234,111.69560594789964,0.8967391304347826,1.0,8,0.021739130434782608,1.1745193862090404,0.5930505420538734,0.7595108695652174,0.41304347826086957,,unclassified_planar_candidate,dark_ridge,596,BH03,acoustic,False,provisional_report_ticks,unknown,75.78993242949282,0.016651391306029405,,,
22071.79357813991,-2.447677690522745,-5.791400521233826,6.287403762605849,247.08913465501354,0.8260869565217391,1.0,8,0.059782608695652176,1.2520485113663529,0.5116835539747366,0.6739130434782609,0.5760869565217391,,unclassified_planar_candidate,dark_ridge,597,BH03,acoustic,False,provisional_report_ticks,unknown,75.90640563621395,0.022455013437878025,,,
22072.467812846717,2.1146463374077644,0.6736680998295045,2.219359781792931,17.670446755466056,0.8586956521739131,1.0,8,0.05434782608695652,1.033161854069345,0.5754468165626547,0.7065217391304348,0.657608695652174,,unclassified_planar_candidate,dark_ridge,598,BH03,acoustic,False,provisional_report_ticks,unknown,75.90881361730969,0.007926284934974753,,,
22123.73302906984,-0.7974806473842846,9.463947976245981,9.497488440637495,94.81665645377541,0.6739130434782609,1.0,7,0.18478260869565216,1.0903408902200602,0.36848076470471447,0.48233695652173914,0.3804347826086957,,unclassified_planar_candidate,dark_ridge,599,BH03,acoustic,False,provisional_report_ticks,unknown,76.09190367524941,0.03391960157370533,,,
22154.14489698493,2.811291533986409,-4.526974317819071,5.3288701019312805,301.8406507828226,0.6739130434782609,1.0,8,0.05434782608695652,0.9355123084553884,0.34991879734511655,0.375,0.1956521739130435,,unclassified_planar_candidate,dark_ridge,600,BH03,acoustic,False,provisional_report_ticks,unknown,76.20051748923188,0.019031678935468855,,,
22167.57445647675,4.132714803552717,-6.461320738595594,7.669941155870055,302.6033215812379,0.8478260869565217,1.0,8,0.02717391304347826,0.6020184318486719,0.67482457367165,0.5149456521739131,0.2554347826086957,,unclassified_planar_candidate,dark_ridge,601,BH03,acoustic,False,provisional_report_ticks,unknown,76.24848020170266,0.02739264698525019,,,
22183.337273246143,5.802634202054313,-7.907622775057037,9.808213988053648,306.27131838054544,0.75,1.0,8,0.04891304347826087,0.9927476829690137,0.39818487248725776,0.38858695652173914,0.27717391304347827,,unclassified_planar_candidate,dark_ridge,602,BH03,acoustic,False,provisional_report_ticks,unknown,76.30477597587907,0.035029335671620164,,,
22198.9791437658,-6.392136841185888,3.4532335523566258,7.265276000508684,151.6206861318155,0.7228260869565217,1.0,8,0.059782608695652176,1.2527867775690533,0.44761294367040333,0.5067934782608696,0.20652173913043478,,unclassified_planar_candidate,dark_ridge,603,BH03,acoustic,False,provisional_report_ticks,unknown,76.36063979916355,0.025947414287531008,,,
22206.480707092403,10.370521805275382,-14.630090958444523,17.93285487495096,305.33087367068225,0.5652173913043478,1.0,6,0.16304347826086957,1.0270705945203544,0.2136007413175546,0.3179347826086956,0.15217391304347827,,unclassified_planar_candidate,dark_ridge,604,BH03,acoustic,False,provisional_report_ticks,unknown,76.38743109675858,0.06404591026768197,,,
22207.518644920587,-4.9632138944180655,-6.574980322560522,8.23795231861672,232.9521702956216,0.717391304347826,1.0,8,0.07065217391304347,1.0775366884574882,0.3896259559140996,0.4184782608695652,0.21739130434782608,,unclassified_planar_candidate,dark_ridge,605,BH03,acoustic,False,provisional_report_ticks,unknown,76.39113801757351,0.029421258280773993,,,
22242.79259929953,-3.2296961379241877,-4.385064645016897,5.44607464916701,233.62754063556645,0.625,1.0,8,0.08695652173913043,1.191193799220117,0.3669639114221235,0.4782608695652174,0.2554347826086957,,unclassified_planar_candidate,dark_ridge,606,BH03,acoustic,False,provisional_report_ticks,unknown,76.51711642606973,0.019450266604167887,,,
22249.33853165388,3.6482355472992714,-4.56707184987253,5.845320170057078,308.61830840124514,0.5652173913043478,1.0,8,0.07608695652173914,1.0082196967696393,0.3011622235782262,0.4035326086956521,0.21195652173913043,,unclassified_planar_candidate,dark_ridge,607,BH03,acoustic,False,provisional_report_ticks,unknown,76.5404947559067,0.020876143464489558,,,
22279.686847553385,-3.518245146225378,-5.630620278304772,6.639422687809184,238.0011482329406,0.8858695652173914,1.0,8,0.03260869565217391,0.810157662023021,0.6541684982488185,0.8220108695652174,0.29891304347826086,,unclassified_planar_candidate,dark_ridge,608,BH03,acoustic,False,provisional_report_ticks,unknown,76.64888159840493,0.023712223885032795,,,
22304.135963209297,-2.174986980778336,-3.466021530751159,4.0919278608237795,237.89103537509527,0.7717391304347826,1.0,7,0.15217391304347827,0.9974627284253793,0.469223524257252,0.5801630434782609,0.33152173913043476,,unclassified_planar_candidate,dark_ridge,609,BH03,acoustic,False,provisional_report_ticks,unknown,76.73619986860461,0.014614028074370638,,,
22318.503160980323,-0.4380196651021897,-5.3646884185312675,5.382540576246476,265.33223009972266,0.5271739130434783,1.0,6,0.125,1.0151864603923633,0.142978532629633,0.21739130434782616,0.18478260869565216,,unclassified_planar_candidate,dark_ridge,610,BH03,acoustic,False,provisional_report_ticks,unknown,76.78751128921543,0.019223359200880266,,,
22339.708538846917,-0.2644787767074571,3.963283782443527,3.9720986094895157,93.81781486818551,0.8586956521739131,1.0,8,0.04891304347826087,1.043636255283281,0.5767368052065827,0.6222826086956522,0.3967391304347826,,unclassified_planar_candidate,dark_ridge,611,BH03,acoustic,False,provisional_report_ticks,unknown,76.86324478159612,0.014186066462462552,,,
22340.57274498672,-7.785185034330119,7.313144696314403,10.681347825438003,136.7907353094617,0.5869565217391305,1.0,7,0.14130434782608695,1.268716387674066,0.22163014074502246,0.33559782608695654,0.29347826086956524,,unclassified_planar_candidate,dark_ridge,612,BH03,acoustic,False,provisional_report_ticks,unknown,76.8663312320954,0.03814767080513572,,,
22384.337067751647,0.14073528422015882,-4.1318959998375835,4.134292076486415,271.95078039928234,0.6684782608695652,1.0,8,0.06521739130434782,0.9833297235342341,0.4502423626462724,0.5638586956521738,0.2608695652173913,,unclassified_planar_candidate,dark_ridge,613,BH03,acoustic,False,provisional_report_ticks,unknown,77.02263238482729,0.014765328844594335,,,
22414.277471402635,0.17311497155617542,1.1786754542342315,1.1913205361241648,81.64456558287857,0.8369565217391305,1.0,8,0.04891304347826087,1.275066785897772,0.5204012133124714,0.6847826086956522,0.44565217391304346,near_horizontal_check_acquisition_artifact,unclassified_planar_candidate,dark_ridge,614,BH03,acoustic,False,provisional_report_ticks,unknown,77.12956239786654,0.004254716200443444,,,
22476.458754428753,0.7585500356558077,-3.3109854103388527,3.396766483594386,282.90383339065056,0.5543478260869565,1.0,8,0.11956521739130435,1.0126481012004642,0.27443145742031994,0.3940217391304348,0.16847826086956522,,unclassified_planar_candidate,dark_ridge,615,BH03,acoustic,False,provisional_report_ticks,unknown,77.3516384086741,0.012131308869979946,,,
22529.41470451228,2.279467818010247,-1.4194414143781395,2.6852909455394607,328.0891737590852,0.7608695652173914,1.0,8,0.03804347826086957,1.1630204797545936,0.4967080483846157,0.5461956521739131,0.33695652173913043,,unclassified_planar_candidate,dark_ridge,616,BH03,acoustic,False,provisional_report_ticks,unknown,77.54076680182956,0.009590324805498072,,,
22537.64334830299,-5.666906279020083,-5.909966622370002,8.187889364953872,226.20276746915346,0.7065217391304348,1.0,8,0.07065217391304347,0.9800466274074062,0.39639706821084103,0.41847826086956524,0.3804347826086957,,unclassified_planar_candidate,dark_ridge,617,BH03,acoustic,False,provisional_report_ticks,unknown,77.57015481536781,0.02924246201769239,,,
22551.949732600737,4.529311624255748,-5.075748352462516,6.802785100761613,311.7439238453172,0.5597826086956522,1.0,7,0.15760869565217392,1.1325683728388456,0.19677839393055227,0.30434782608695654,0.20108695652173914,,unclassified_planar_candidate,dark_ridge,618,BH03,acoustic,False,provisional_report_ticks,unknown,77.62124904500261,0.024295661074148614,,,
22568.117691228777,6.94927366613717,-4.842759707028618,8.470225856899416,325.12840897639427,0.6902173913043478,1.0,8,0.08695652173913043,1.1754940507598535,0.41432617568817226,0.48641304347826086,0.28804347826086957,,unclassified_planar_candidate,dark_ridge,619,BH03,acoustic,False,provisional_report_ticks,unknown,77.67899175438848,0.03025080663178362,,,
22594.05184519165,2.757759805276509,-4.1893091809464185,5.015530934722732,303.3563143033912,0.782608695652174,1.0,7,0.10326086956521739,0.8909007077522783,0.5214824571476244,0.5203804347826088,0.3641304347826087,,unclassified_planar_candidate,dark_ridge,620,BH03,acoustic,False,provisional_report_ticks,unknown,77.7716137328273,0.01791261048115261,,,
22604.684377552723,6.33782449615047,-3.7219829135280458,7.349909941801986,329.5757721364684,0.6413043478260869,1.0,7,0.10326086956521739,1.2105560690104844,0.2766192633843212,0.3600543478260869,0.22282608695652173,,unclassified_planar_candidate,dark_ridge,621,BH03,acoustic,False,provisional_report_ticks,unknown,77.80958706268828,0.026249678363578513,,,
22642.65717916234,-2.0781114610439264,-1.7544817363283256,2.7196973007362013,220.17331160480222,0.5869565217391305,1.0,8,0.08152173913043478,1.0550189490744974,0.2999095867668887,0.39538043478260876,0.31521739130434784,,unclassified_planar_candidate,dark_ridge,622,BH03,acoustic,False,provisional_report_ticks,unknown,77.94520421129405,0.009713204645486431,,,
22660.646060782252,-4.605572953874605,-4.476327293139378,6.42252351251171,224.18467161879883,0.75,1.0,7,0.059782608695652176,1.0099144323565319,0.5036043295333359,0.5434782608695652,0.4782608695652174,,unclassified_planar_candidate,dark_ridge,623,BH03,acoustic,False,provisional_report_ticks,unknown,78.00945021707946,0.0229375839732561,,,
22728.414249158086,-1.015623202193774,-6.235904312361723,6.3180687778597235,260.7496268076623,0.8369565217391305,1.0,8,0.03804347826086957,1.0046338354951398,0.5760002839051053,0.6182065217391305,0.8586956521739131,,unclassified_planar_candidate,dark_ridge,624,BH03,acoustic,False,provisional_report_ticks,unknown,78.25147946127886,0.022564531349499005,,,
22740.17826733691,-2.855723979465328,-2.0050913614342694,3.4893481933724555,215.07386962558425,0.5652173913043478,1.0,6,0.21195652173913043,1.1142298577645773,0.16029420156997054,0.26086956521739124,0.375,,unclassified_planar_candidate,dark_ridge,625,BH03,acoustic,False,provisional_report_ticks,unknown,78.29349381191751,0.012461957833473052,,,
22746.257218971063,-1.626529016493338,-8.27731016402177,8.435606687898204,258.88276861585155,0.7228260869565217,1.0,8,0.05434782608695652,1.0175517779219732,0.47369057513522134,0.48641304347826086,0.30434782608695654,,unclassified_planar_candidate,dark_ridge,626,BH03,acoustic,False,provisional_report_ticks,unknown,78.31520435346806,0.030127166742493577,,,
22771.133718098325,0.2063026074949977,-6.89781649721583,6.900900897355511,271.7131140194655,0.8586956521739131,1.0,8,0.02717391304347826,0.8946428240961511,0.619957128416605,0.6793478260869565,0.7119565217391305,,unclassified_planar_candidate,dark_ridge,627,BH03,acoustic,False,provisional_report_ticks,unknown,78.40404899320829,0.02464607463341253,,,
22834.060889081542,5.461450545458488,13.708660130871015,14.75651736163453,68.27795005284854,0.7445652173913043,1.0,7,0.10869565217391304,0.8717855336521665,0.4962778441434011,0.6630434782608695,0.375,,unclassified_planar_candidate,dark_ridge,628,BH03,acoustic,False,provisional_report_ticks,unknown,78.62878888957692,0.05270184772012331,,,
22872.927443107546,-4.5798710483552,-3.0078659676007664,5.479277005099583,213.295219235625,0.6684782608695652,1.0,7,0.10326086956521739,1.0632071316003773,0.42057011851179943,0.5353260869565217,0.33695652173913043,,unclassified_planar_candidate,dark_ridge,629,BH03,acoustic,False,provisional_report_ticks,unknown,78.76759801109837,0.019568846446784218,,,
22947.703897746276,-2.3154179751199466,-5.35474378750772,5.833904475508755,246.61610321659253,0.6902173913043478,1.0,7,0.14130434782608695,1.0345066707158244,0.419821796144345,0.5258152173913043,0.22282608695652173,,unclassified_planar_candidate,dark_ridge,630,BH03,acoustic,False,provisional_report_ticks,unknown,79.03465677766526,0.020835373126816974,,,
22978.130762279125,-5.534411343629365,-2.1951613164055437,5.953859431120012,201.63518928021128,0.6630434782608695,1.0,8,0.06521739130434782,1.3211638650959512,0.3990199159392541,0.5122282608695652,0.15760869565217392,,unclassified_planar_candidate,dark_ridge,631,BH03,acoustic,False,provisional_report_ticks,unknown,79.14332415099686,0.021263783682571466,,,
22992.831508144325,-1.1157221775697292,-18.540269787567265,18.57381058838763,266.556189752523,0.7010869565217391,1.0,8,0.059782608695652176,1.2754874102576796,0.4308781314819159,0.5964673913043479,0.24456521739130435,,unclassified_planar_candidate,dark_ridge,632,BH03,acoustic,False,provisional_report_ticks,unknown,79.19582681480115,0.06633503781567009,,,
23060.75465577935,-2.345628682433027,-1.7008102402381744,2.8973659398066265,215.945785327698,0.717391304347826,1.0,8,0.08152173913043478,1.0811211407153674,0.4470456595018708,0.48641304347826086,0.17391304347826086,,unclassified_planar_candidate,dark_ridge,633,BH03,acoustic,False,provisional_report_ticks,unknown,79.43840948492624,0.010347735499309377,,,
23126.864321955825,-7.545339088529971,-7.65533614901923,10.748781954964892,225.4146037740573,0.8206521739130435,1.0,8,0.04891304347826087,0.8241110613899334,0.5930305333923669,0.6290760869565217,0.40217391304347827,,unclassified_planar_candidate,dark_ridge,634,BH03,acoustic,False,provisional_report_ticks,unknown,79.6745154355565,0.03838850698201746,,,
23132.94134556668,2.299978363421415,3.299909916282523,4.022350796211884,55.1241907860372,0.5,1.0,6,0.09239130434782608,1.3744182245058858,0.21525958514560176,0.375,0.22282608695652173,,unclassified_planar_candidate,dark_ridge,635,BH03,acoustic,False,provisional_report_ticks,unknown,79.69621909130956,0.014365538557899583,,,
23185.574219556238,-2.2341159417622274,-3.8587163332778185,4.458807663707994,239.93005738733157,0.5978260869565217,1.0,8,0.08152173913043478,1.0344237243528598,0.37626840395958877,0.483695652173913,0.16304347826086957,,unclassified_planar_candidate,dark_ridge,636,BH03,acoustic,False,provisional_report_ticks,unknown,79.88419364127226,0.0159243130846714,,,
23215.178231413436,3.8991821043061554,-5.9710180381844316,7.131386786233463,303.1452586315833,0.6847826086956522,1.0,8,0.08152173913043478,1.1147519491795126,0.42078972619498906,0.48505434782608703,0.29891304347826086,,unclassified_planar_candidate,dark_ridge,637,BH03,acoustic,False,provisional_report_ticks,unknown,79.98992225504797,0.02546923852226236,,,
23222.106382204085,-2.8321380690303006,-4.728717769158999,5.51196677987184,239.08163611980376,0.8858695652173914,1.0,8,0.02717391304347826,1.189307205233588,0.579742497618688,0.705163043478261,0.3967391304347826,,unclassified_planar_candidate,dark_ridge,638,BH03,acoustic,False,provisional_report_ticks,unknown,80.01466565072886,0.019685595642399422,,,
23272.960161460374,-4.696153902647567,-7.6256573992140035,8.955697194944637,238.37374538157252,0.6847826086956522,1.0,7,0.11413043478260869,1.128781741145689,0.4164037286287272,0.6073369565217391,0.29891304347826086,,unclassified_planar_candidate,dark_ridge,639,BH03,acoustic,False,provisional_report_ticks,unknown,80.19628629092989,0.03198463283908798,,,
23290.02922114486,-4.725282374885858,-19.258864215944556,19.830081805443886,256.21444602964027,0.5,1.0,7,0.11413043478260869,1.1891216477948787,0.2064853087931016,0.34646739130434784,0.1793478260869565,,unclassified_planar_candidate,dark_ridge,640,BH03,acoustic,False,provisional_report_ticks,unknown,80.25724721837449,0.07082172073372814,,,
23307.018851750076,1.5824730206288733,-1.387741372647333,2.1047676780051936,318.7510278233063,0.625,1.0,7,0.125,1.025801398700131,0.329378223902077,0.42391304347826086,0.31521739130434784,,unclassified_planar_candidate,dark_ridge,641,BH03,acoustic,False,provisional_report_ticks,unknown,80.31792447053597,0.0075170274214471176,,,
23358.82042506843,-0.2843429317936171,-2.218154430654515,2.2363049839172753,262.69515129397223,0.7228260869565217,1.0,8,0.059782608695652176,0.9588871709083624,0.426607281308582,0.4320652173913043,0.1956521739130435,,unclassified_planar_candidate,dark_ridge,642,BH03,acoustic,False,provisional_report_ticks,unknown,80.50293008953008,0.007986803513990266,,,
23366.13917497588,0.21341623445363755,-10.108568949127262,10.110821563472882,271.20947220842913,0.7554347826086957,1.0,8,0.03804347826086957,1.223139062126923,0.4505377718224882,0.4660326086956522,0.1793478260869565,,unclassified_planar_candidate,dark_ridge,643,BH03,acoustic,False,provisional_report_ticks,unknown,80.5290684820567,0.03611007701240314,,,
23372.16699210869,-4.368912586705152,-2.340335723503262,4.95626557893907,208.1770293640816,0.7391304347826086,1.0,8,0.043478260869565216,1.288746613119098,0.4163390664990435,0.45244565217391297,0.24456521739130435,,unclassified_planar_candidate,dark_ridge,644,BH03,acoustic,False,provisional_report_ticks,unknown,80.55059640038816,0.01770094849621096,,,
23404.447479068844,-4.410477133520279,-9.0728194970446,10.088030638893693,244.07469614860096,0.6358695652173914,1.0,7,0.10326086956521739,1.2605465649740064,0.30231520092889613,0.4035326086956522,0.20108695652173914,,unclassified_planar_candidate,dark_ridge,645,BH03,acoustic,False,provisional_report_ticks,unknown,80.66588385381728,0.036028680853191754,,,
23416.964810754293,-3.171502964708923,-4.162379405749179,5.232956465762196,232.69460360263716,0.6521739130434783,1.0,6,0.2391304347826087,0.9940067998884459,0.2865631255371176,0.40217391304347827,0.34782608695652173,,unclassified_planar_candidate,dark_ridge,646,BH03,acoustic,False,provisional_report_ticks,unknown,80.71058860983675,0.01868913023486498,,,
23478.50821784813,-2.9309636762613898,-7.454291427148421,8.009807035904306,248.53567200440125,0.5271739130434783,1.0,7,0.07608695652173914,1.156203654184315,0.2826761819159404,0.4266304347826087,0.33695652173913043,,unclassified_planar_candidate,dark_ridge,647,BH03,acoustic,False,provisional_report_ticks,unknown,80.93038649231474,0.028606453699658228,,,
23525.416614733847,-0.9917335592455012,-1.7452519522797432,2.0073464647314885,240.39274166887174,0.6847826086956522,1.0,7,0.10326086956521739,0.6961801822566248,0.48689626095119,0.6277173913043479,0.22282608695652173,,unclassified_planar_candidate,dark_ridge,648,BH03,acoustic,False,provisional_report_ticks,unknown,81.0979164811923,0.007169094516898171,,,
23653.499787412944,-1.146962152018659,-2.3385930766965983,2.6047149088789996,243.874374784436,0.7989130434782609,1.0,8,0.043478260869565216,1.1832475344076152,0.5151120762525718,0.7758152173913043,0.43478260869565216,,unclassified_planar_candidate,dark_ridge,649,BH03,acoustic,False,provisional_report_ticks,unknown,81.55535638361764,0.009302553245996424,,,
23792.885745850315,-3.2528036933836053,-6.197173583538707,6.9989779462575825,242.30569104121543,0.9565217391304348,1.0,8,0.03804347826086957,0.5315600979024504,0.7707243539586502,0.8559782608695652,0.9619565217391305,,unclassified_planar_candidate,dark_ridge,650,BH03,acoustic,False,provisional_report_ticks,unknown,82.05316337803683,0.024996349808062788,,,
23841.871441612264,0.32627892515748164,-1.9728290358180733,1.9996280508056468,279.39093136707777,0.6032608695652174,1.0,6,0.08152173913043478,1.1027497240314235,0.35445879961262583,0.46195652173913043,0.45108695652173914,near_horizontal_check_acquisition_artifact,unclassified_planar_candidate,dark_ridge,651,BH03,acoustic,False,provisional_report_ticks,unknown,82.22811229147236,0.007141528752877308,,,
23861.723693199434,3.7725009841687767,5.4065899408878915,6.592645786364115,55.0942150592271,0.5,1.0,6,0.20652173913043478,1.0754795203060306,0.21242944758151436,0.38315217391304346,0.3423913043478261,,unclassified_planar_candidate,dark_ridge,652,BH03,acoustic,False,provisional_report_ticks,unknown,82.29901318999796,0.023545163522728976,,,
23894.775827596557,-3.3391710837175865,-4.94553612171128,5.967276686855297,235.97321532993305,0.5434782608695652,1.0,6,0.11413043478260869,0.6146456861132255,0.37840199391469487,0.48233695652173914,0.1793478260869565,,unclassified_planar_candidate,dark_ridge,653,BH03,acoustic,False,provisional_report_ticks,unknown,82.41705652713054,0.021311702453054627,,,
24000.79449835731,-14.399842967728006,3.4675849480843093,14.811469301436862,166.46054789824865,0.5869565217391305,1.0,6,0.15760869565217392,1.173869131464768,0.3170753305189554,0.4741847826086957,0.2391304347826087,,unclassified_planar_candidate,dark_ridge,654,BH03,acoustic,False,provisional_report_ticks,unknown,82.79569463699038,0.052898104647988775,,,
24006.091088208133,10.20347862011632,-0.8385188364890922,10.237875257606817,355.30200688202115,0.5,1.0,6,0.11413043478260869,1.295958668555444,0.19457277878698892,0.3383152173913043,0.20108695652173914,,unclassified_planar_candidate,dark_ridge,655,BH03,acoustic,False,provisional_report_ticks,unknown,82.81461102931475,0.03656384020573862,,,
24011.691247730825,-5.010082903909199,-3.517163712132985,6.1213863856146435,215.06951014369355,0.8804347826086957,1.0,8,0.043478260869565216,0.5778911280667752,0.6945983174741732,0.7948369565217391,0.8260869565217391,,unclassified_planar_candidate,dark_ridge,656,BH03,acoustic,False,provisional_report_ticks,unknown,82.83461159903865,0.021862094234338006,,,
24038.7791085355,-0.18392506629107266,-4.847973046438984,4.851460717042761,267.8273232246329,0.6793478260869565,1.0,8,0.04891304347826087,0.8243460132411334,0.49088086976032974,0.5557065217391305,0.15217391304347827,,unclassified_planar_candidate,dark_ridge,657,BH03,acoustic,False,provisional_report_ticks,unknown,82.93135395905533,0.017326645418009854,,,
24096.379613544163,-2.7836417843832826,-2.5386196045445653,3.7673931411975774,222.3641220647633,0.592391304347826,1.0,7,0.15217391304347827,1.1031342993029856,0.306138250139892,0.4402173913043478,0.3423913043478261,,unclassified_planar_candidate,dark_ridge,658,BH03,acoustic,False,provisional_report_ticks,unknown,83.137070048372,0.013454975504277059,,,
24098.65529174966,4.639944911411429,5.766126894684219,7.401169376965608,51.176712669045045,0.9021739130434783,1.0,8,0.03804347826086957,0.44325308814000464,0.7486490048432812,0.7445652173913043,0.6141304347826086,,unclassified_planar_candidate,dark_ridge,659,BH03,acoustic,False,provisional_report_ticks,unknown,83.14519747053448,0.026432747774877165,,,
24120.78111365982,0.5193762050184828,-0.019637375793733657,0.5197473125158661,357.8347043037377,0.6684782608695652,1.0,8,0.04891304347826087,0.6014133810096963,0.5202882401877436,0.5339673913043478,0.2717391304347826,near_horizontal_check_acquisition_artifact,unclassified_planar_candidate,dark_ridge,660,BH03,acoustic,False,provisional_report_ticks,unknown,83.22421826307077,0.0018562404018423785,,,
24138.719762532142,-1.6351192706695776,-4.623155271246964,4.903792378493772,250.52231257401678,0.6847826086956522,1.0,7,0.09782608695652174,0.7314946363995843,0.4512264963333279,0.4660326086956522,0.3532608695652174,,unclassified_planar_candidate,dark_ridge,661,BH03,acoustic,False,provisional_report_ticks,unknown,83.2882848661862,0.017513544208906322,,,
24140.008424680338,-2.5178760304129693,5.176399588419023,5.756284600635448,115.93896211397035,0.5271739130434783,1.0,7,0.25,1.2508310555674405,0.16569403407755337,0.3179347826086957,0.15217391304347827,,unclassified_planar_candidate,dark_ridge,662,BH03,acoustic,False,provisional_report_ticks,unknown,83.29288723100119,0.020558159287983737,,,
24172.32851741067,-2.623524124098172,-4.143033245608412,4.9038355706468835,237.6564745143413,0.6086956521739131,1.0,7,0.07608695652173914,0.551763116327434,0.39161408511925244,0.41847826086956524,0.16847826086956522,,unclassified_planar_candidate,dark_ridge,663,BH03,acoustic,False,provisional_report_ticks,unknown,83.40831613360953,0.017513698466596006,,,
24205.87545880196,13.745546528092056,-9.405887414922788,16.65565271666489,325.61670323463505,0.5,1.0,6,0.19021739130434784,1.171979244474035,0.15484336229785425,0.28260869565217395,0.21195652173913043,,unclassified_planar_candidate,dark_ridge,664,BH03,acoustic,False,provisional_report_ticks,unknown,83.52812663857841,0.05948447398808887,,,
24211.031732560055,-0.032260697487298894,1.3096045973777393,1.3100018908670619,91.41113436934926,0.6847826086956522,1.0,8,0.10326086956521739,0.9743810070282369,0.44377491052429385,0.5271739130434783,0.4076086956521739,near_horizontal_check_acquisition_artifact,unclassified_planar_candidate,dark_ridge,665,BH03,acoustic,False,provisional_report_ticks,unknown,83.54654190200019,0.0046785781816680765,,,
24229.386647931402,-0.7899741284263638,-6.236307628495689,6.286142852402936,262.7806009437004,0.9184782608695652,1.0,8,0.021739130434782608,0.7258027453457826,0.7054282612369137,0.6915760869565217,0.8695652173913043,,unclassified_planar_candidate,dark_ridge,666,BH03,acoustic,False,provisional_report_ticks,unknown,83.61209517118357,0.022450510187153334,,,
24265.06458324244,-1.059744664360375,2.3118158627123884,2.5431380884114234,114.62689074898273,0.532608695652174,1.0,6,0.2391304347826087,0.9002990753714917,0.253687690941706,0.422554347826087,0.20652173913043478,,unclassified_planar_candidate,dark_ridge,667,BH03,acoustic,False,provisional_report_ticks,unknown,83.73951636872299,0.009082636030040796,,,
24296.65049837005,3.225337696998589,1.873157420396855,3.7298152744161426,30.14644287229959,0.6902173913043478,1.0,7,0.17391304347826086,0.7556231638227003,0.4239541109813811,0.47826086956521735,0.33152173913043476,,unclassified_planar_candidate,dark_ridge,668,BH03,acoustic,False,provisional_report_ticks,unknown,83.85232320846445,0.013320768837200505,,,
24312.462029964747,4.407397385527951,0.45008395161757503,4.430319094316155,5.830838957809908,0.5489130434782609,1.0,7,0.14673913043478262,1.2082252215602602,0.2118499632772579,0.3383152173913043,0.23369565217391305,,unclassified_planar_candidate,dark_ridge,669,BH03,acoustic,False,provisional_report_ticks,unknown,83.90879296415979,0.015822568193986263,,,
24336.548437664398,2.327122480338161,-6.660794357592771,7.0556134044202645,289.25819524838204,0.8695652173913043,1.0,8,0.03804347826086957,1.2869805811573947,0.5446883436153859,0.7024456521739131,0.625,,unclassified_planar_candidate,dark_ridge,670,BH03,acoustic,False,provisional_report_ticks,unknown,83.99481584880141,0.025198619301500937,,,
24393.113234040517,-2.577488137490246,-2.4254014421460934,3.539211388779609,223.25875770417784,0.7554347826086957,1.0,8,0.059782608695652176,0.9811827739639463,0.5121350535584663,0.6317934782608696,0.5163043478260869,,unclassified_planar_candidate,dark_ridge,671,BH03,acoustic,False,provisional_report_ticks,unknown,84.19683297871612,0.012640040674212885,,,
24435.655485701016,-5.358495560488296,-2.2124847942761905,5.797289335256274,202.43538306069934,0.7010869565217391,1.0,7,0.09782608695652174,1.0430895723482707,0.4467447633731682,0.5353260869565217,0.28804347826086957,,unclassified_planar_candidate,dark_ridge,672,BH03,acoustic,False,provisional_report_ticks,unknown,84.34876959178932,0.0207046047687724,,,
24440.25328670984,2.4342180059134617,-3.5728603632413614,4.3232798285022564,304.26691371733835,0.782608695652174,1.0,8,0.043478260869565216,1.236713294306922,0.4956863132094587,0.6467391304347827,0.29891304347826086,,unclassified_planar_candidate,dark_ridge,673,BH03,acoustic,False,provisional_report_ticks,unknown,84.36519030967798,0.01544028510179377,,,
24569.54957166645,-4.379487182520825,-1.6404455565951006,4.676640846378606,200.53468386567147,0.6739130434782609,1.0,7,0.11413043478260869,0.8783182069460949,0.44547574212356306,0.5855978260869565,0.33152173913043476,,unclassified_planar_candidate,dark_ridge,674,BH03,acoustic,False,provisional_report_ticks,unknown,84.8269627559516,0.016702288737066445,,,
24596.647073143366,-0.1656806658846677,0.17908185095912307,0.2439680150981527,,0.5869565217391305,1.0,6,0.15217391304347827,0.9784990345496262,0.3279079324008272,0.4565217391304348,0.2608695652173913,near_horizontal_check_acquisition_artifact,unclassified_planar_candidate,dark_ridge,675,BH03,acoustic,False,provisional_report_ticks,unknown,84.92373954694058,0.0008713143396362594,,,
24617.55870295869,1.9156284106190626,-4.456481157358905,4.850758344162887,293.26055952795684,0.8586956521739131,1.0,8,0.03260869565217391,1.226035186962794,0.5520198199996434,0.7282608695652174,0.29891304347826086,,unclassified_planar_candidate,dark_ridge,676,BH03,acoustic,False,provisional_report_ticks,unknown,84.99842393913816,0.01732413694343888,,,
24637.80927998466,1.678388807599472,-2.983316786607594,3.423034916376086,299.3617379351628,0.5815217391304348,1.0,6,0.16304347826086957,1.146779914730207,0.33208973849445345,0.5298913043478262,0.1956521739130435,,unclassified_planar_candidate,dark_ridge,677,BH03,acoustic,False,provisional_report_ticks,unknown,85.07074742851663,0.012225124701343161,,,
24679.59410533769,5.7490744304303005,-9.780288690047666,11.344862434921886,300.44797339918927,0.5380434782608695,1.0,7,0.1358695652173913,0.9868141790434506,0.2882385950370221,0.4307065217391304,0.15760869565217392,,unclassified_planar_candidate,dark_ridge,678,BH03,acoustic,False,provisional_report_ticks,unknown,85.21997894763459,0.040517365839006725,,,
24731.32635967015,2.42190587159637,-8.507535064004463,8.845551476088893,285.8904735295721,0.8586956521739131,1.0,8,0.03260869565217391,0.4632167461337206,0.7118425611913403,0.7948369565217391,0.7010869565217391,,unclassified_planar_candidate,dark_ridge,679,BH03,acoustic,False,provisional_report_ticks,unknown,85.40473699882195,0.03159125527174604,,,
24807.914456611503,-0.37773306802610007,-3.5648816423792895,3.5848379872531577,263.9515368108566,0.5869565217391305,1.0,6,0.09239130434782608,0.9870100596834719,0.3687870676498137,0.4809782608695653,0.2608695652173913,,unclassified_planar_candidate,dark_ridge,680,BH03,acoustic,False,provisional_report_ticks,unknown,85.67826591646964,0.012802992811618417,,,
24879.410785579457,8.305473110759408,-7.2842955505604445,11.0472551007688,318.747695015294,0.7608695652173914,1.0,8,0.10326086956521739,1.1674275513787122,0.40581546160317483,0.43885869565217395,0.28804347826086957,,unclassified_planar_candidate,dark_ridge,681,BH03,acoustic,False,provisional_report_ticks,unknown,85.93360994849805,0.0394544825027457,,,
24892.855663525574,9.997086907075367,-6.742461413474909,12.058297248775045,326.0025953547369,0.5380434782608695,1.0,6,0.11413043478260869,1.2221423116124486,0.1559892566523526,0.24592391304347822,0.31521739130434784,,unclassified_planar_candidate,dark_ridge,682,BH03,acoustic,False,provisional_report_ticks,unknown,85.98162736973417,0.04306534731705372,,,
24908.240288788013,-6.875425949850669,-7.204086559947132,9.958430858076532,226.33722290574693,0.6032608695652174,1.0,7,0.1358695652173913,1.3322437201443142,0.32346299565459247,0.4836956521739131,0.23369565217391305,,unclassified_planar_candidate,dark_ridge,683,BH03,acoustic,False,provisional_report_ticks,unknown,86.03657245995717,0.03556582449313046,,,
24925.483592038665,11.867859788992991,-2.9989237233553423,12.240900272026574,345.8186338129881,0.8695652173913043,1.0,8,0.03260869565217391,1.0555396616722603,0.591696938384478,0.7228260869565217,0.43478260869565216,,unclassified_planar_candidate,dark_ridge,684,BH03,acoustic,False,provisional_report_ticks,unknown,86.09815568585236,0.043717500971523465,,,
25047.265177401707,-10.10906178241797,-7.0936572823261566,12.349619579559626,215.0578275324025,0.6413043478260869,1.0,8,0.09782608695652174,1.0699058919803033,0.28505039887434197,0.35190217391304346,0.16847826086956522,,unclassified_planar_candidate,dark_ridge,685,BH03,acoustic,False,provisional_report_ticks,unknown,86.5330899192918,0.04410578421271294,,,
25047.556014471873,9.629414517025063,2.191318181797519,9.875601212815827,12.82019120130241,0.5434782608695652,1.0,7,0.10869565217391304,1.2306330556570053,0.18079164111540996,0.28125,0.18478260869565216,,unclassified_planar_candidate,dark_ridge,686,BH03,acoustic,False,provisional_report_ticks,unknown,86.53412862311382,0.03527000433148508,,,
25048.380190434455,2.2718405375574418,-8.94738000838277,9.23129830752408,284.2469650410162,0.9239130434782609,1.0,8,0.03260869565217391,0.5577254303775567,0.742154375167652,0.5842391304347826,0.483695652173913,,unclassified_planar_candidate,dark_ridge,687,BH03,acoustic,False,provisional_report_ticks,unknown,86.53707210869446,0.032968922526871704,,,
25077.179869522828,-4.112218705876199,-6.500496121065075,7.691995352633815,237.68252412504407,0.7445652173913043,1.0,8,0.07608695652173914,0.8596267863185051,0.5165235405283981,0.5720108695652173,0.7010869565217391,,unclassified_planar_candidate,dark_ridge,688,BH03,acoustic,False,provisional_report_ticks,unknown,86.63992810543866,0.027471411973692187,,,
25268.817403777553,3.2863980858234942,-9.065576796875643,9.642877943775622,289.92628727952774,0.5652173913043478,1.0,6,0.21739130434782608,1.0011936173107228,0.2935817970958139,0.4633152173913043,0.22282608695652173,,unclassified_planar_candidate,dark_ridge,689,BH03,acoustic,False,provisional_report_ticks,unknown,87.3243478706341,0.03443884979919864,,,
25424.964297316477,4.927413670859372,1.4497838186108156,5.136270885036885,16.395367529784828,0.7010869565217391,1.0,8,0.125,0.6922951247172434,0.4870347576780156,0.6399456521739131,0.2608695652173913,,unclassified_planar_candidate,dark_ridge,690,BH03,acoustic,False,provisional_report_ticks,unknown,87.88201534755883,0.018343824589417444,,,
25478.434744196646,-0.02011445004465892,0.5937411915974303,0.5940818072455473,91.94029405937314,1.0,1.0,8,0.0,0.26896393267805235,0.9142468711919244,0.8614130434782609,1.0,near_horizontal_check_acquisition_artifact,unclassified_planar_candidate,dark_ridge,691,BH03,acoustic,False,provisional_report_ticks,unknown,88.07298122927372,0.0021217207401626683,,,
25614.1024854285,-3.0596188331057275,-3.2749487866715548,4.481802869294537,226.94689669869015,0.5054347826086957,1.0,6,0.15760869565217392,1.107235972147896,0.24477315415803638,0.4157608695652174,0.44021739130434784,,unclassified_planar_candidate,dark_ridge,692,BH03,acoustic,False,provisional_report_ticks,unknown,88.55750887653033,0.016006438818909056,,,
